promocode,city_name,date,redemption_count,usage_count,Utilisation Rate(%)
DIDIPAYS,Perth,2025-07-01,526,296,56.3
SAFEAU,Melbourne,2025-07-01,37,21,56.8
SAFEAU,Sydney,2025-07-01,52,24,46.2
DIDIPAYS,Perth,2025-07-02,1808,310,17.1
SAFEAU,Brisbane,2025-07-02,8,6,75.0
SAFEAU,Melbourne,2025-07-02,28,19,67.9
SAFEAU,Perth,2025-07-02,6,1,16.7
SAFEAU,Sydney,2025-07-02,49,35,71.4
CROWSWIN,Adelaide,2025-07-03,384,32,8.3
DEESWIN,Adelaide,2025-07-03,6,1,16.7
DIDIPAYS,Perth,2025-07-03,1064,591,55.5
SAFEAU,Melbourne,2025-07-03,19,14,73.7
SAFEAU,Perth,2025-07-03,5,1,20.0
SAFEAU,Sydney,2025-07-03,41,26,63.4
CROWSWIN,Adelaide,2025-07-04,146,115,78.8
DIDIPAYS,Perth,2025-07-04,879,517,58.8
SAFEAU,Brisbane,2025-07-04,5,5,100.0
SAFEAU,Melbourne,2025-07-04,14,12,85.7
SAFEAU,Perth,2025-07-04,5,3,60.0
SAFEAU,Sydney,2025-07-04,27,21,77.8
DIDIPAYS,Perth,2025-07-05,592,367,62.0
EZAU,Brisbane,2025-07-05,9,1,11.1
EZAU,Melbourne,2025-07-05,30,11,36.7
EZAU,RoANZ,2025-07-05,9,4,44.4
EZAU,Sydney,2025-07-05,49,26,53.1
DIDIPAYS,Perth,2025-07-06,405,312,77.0
EZAU,Melbourne,2025-07-06,40,29,72.5
EZAU,Sydney,2025-07-06,37,22,59.5
DIDIPAYS,Perth,2025-07-07,465,296,63.7
EZAU,Brisbane,2025-07-07,6,4,66.7
EZAU,Melbourne,2025-07-07,31,16,51.6
EZAU,Sydney,2025-07-07,30,26,86.7
GEELONG,Melbourne,2025-07-07,8,2,25.0
DIDIPAYS,Perth,2025-07-08,459,347,75.6
EZAU,Brisbane,2025-07-08,5,3,60.0
EZAU,Melbourne,2025-07-08,22,18,81.8
EZAU,Sydney,2025-07-08,33,24,72.7
GOBLUES,RoANZ,2025-07-08,5,0,0.0
GOBLUES,Sydney,2025-07-08,178,0,0.0
GOMAROONS,Brisbane,2025-07-08,71,0,0.0
GOMAROONS,Sydney,2025-07-08,9,0,0.0
DIDIPAYS,Perth,2025-07-09,583,342,58.7
EZAU,Brisbane,2025-07-09,8,6,75.0
EZAU,Melbourne,2025-07-09,22,19,86.4
EZAU,Sydney,2025-07-09,28,22,78.6
GOBLUES,Brisbane,2025-07-09,100,29,29.0
GOBLUES,RoANZ,2025-07-09,230,41,17.8
GOBLUES,Sydney,2025-07-09,7117,2219,31.2
GOMAROONS,Brisbane,2025-07-09,2606,839,32.2
GOMAROONS,RoANZ,2025-07-09,14,1,7.1
GOMAROONS,Sydney,2025-07-09,142,49,34.5
DIDIPAYS,Perth,2025-07-10,589,374,63.5
EZAU,Brisbane,2025-07-10,8,5,62.5
EZAU,Melbourne,2025-07-10,24,19,79.2
EZAU,Perth,2025-07-10,5,2,40.0
EZAU,Sydney,2025-07-10,42,25,59.5
DIDIHOUR,Sydney,2025-07-11,6391,0,0.0
DIDIPAYS,Perth,2025-07-11,667,501,75.1
EZAU,Brisbane,2025-07-11,11,7,63.6
EZAU,Melbourne,2025-07-11,32,21,65.6
EZAU,Sydney,2025-07-11,21,27,128.6
DIDIHOUR,Sydney,2025-07-12,16003,6310,39.4
DIDIPAYS,Perth,2025-07-12,2617,717,27.4
DIDIHOUR,Sydney,2025-07-13,7942,5226,65.8
DIDIPAYS,Perth,2025-07-13,696,500,71.8
DIDIPAYS,Perth,2025-07-14,538,351,65.2
DIDIPAYS,Perth,2025-07-15,526,295,56.1
DIDIPAYS,Perth,2025-07-16,515,316,61.4
DIDIPAYS,Perth,2025-07-17,512,332,64.8
DIDIPAYS,Perth,2025-07-18,686,525,76.5
DIDIPAYS,Perth,2025-07-19,650,637,98.0
DIDIPAYS,Perth,2025-07-20,467,391,83.7
DIDIPAYS,Perth,2025-07-21,1932,435,22.5
DIDIPAYS,Perth,2025-07-22,1119,613,54.8
GOBLUES,Melbourne,2025-07-22,506,167,33.0
GOHAWKS,Melbourne,2025-07-22,788,210,26.6
ACYA2025,Brisbane,2025-07-23,9,5,55.6
DIDIPAYS,Perth,2025-07-23,728,483,66.3
GOBLUES,Melbourne,2025-07-23,817,164,20.1
GOHAWKS,Melbourne,2025-07-23,1300,311,23.9
ACYA2025,Melbourne,2025-07-24,10,5,50.0
DIDIPAYS,Perth,2025-07-24,577,487,84.4
GOBLUES,Melbourne,2025-07-24,823,328,39.9
GOGIANTS,Sydney,2025-07-24,42,0,0.0
GOHAWKS,Melbourne,2025-07-24,1157,454,39.2
GOSWANS,Sydney,2025-07-24,37,0,0.0
ACYA2025,Melbourne,2025-07-25,7,6,85.7
ACYA2025,Sydney,2025-07-25,7,5,71.4
DIDIPAYS,Perth,2025-07-25,659,539,81.8
GOGIANTS,RoANZ,2025-07-25,26,11,42.3
GOGIANTS,Sydney,2025-07-25,1000,570,57.0
GOSWANS,RoANZ,2025-07-25,32,10,31.3
GOSWANS,Sydney,2025-07-25,1357,829,61.1
ACYA2025,Brisbane,2025-07-26,5,4,80.0
ACYA2025,Melbourne,2025-07-26,9,7,77.8
ACYA2025,Sydney,2025-07-26,13,8,61.5
DIDIPAYS,Perth,2025-07-26,555,619,111.5
OWEEKUOM,Melbourne,2025-07-26,5,0,0.0
ACYA2025,Brisbane,2025-07-27,7,0,0.0
ACYA2025,Melbourne,2025-07-27,9,11,122.2
DIDIPAYS,Perth,2025-07-27,440,496,112.7
ACYA2025,Melbourne,2025-07-28,5,5,100.0
DIDIPAYS,Perth,2025-07-28,614,645,105.0
ACYA2025,Melbourne,2025-07-29,5,6,120.0
ACYA2025,Sydney,2025-07-29,6,7,116.7
DIDIPAYS,Perth,2025-07-29,816,808,99.0
ACYA2025,Melbourne,2025-07-30,11,10,90.9
DIDIPAYS,Perth,2025-07-30,880,995,113.1
ACYA2025,Melbourne,2025-07-31,12,7,58.3
ACYA2025,Sydney,2025-07-31,10,6,60.0
DIDIPAYS,Perth,2025-07-31,1974,741,37.5
ACYA2025,Brisbane,2025-08-01,5,5,100.0
ACYA2025,Melbourne,2025-08-01,15,12,80.0
ACYA2025,Sydney,2025-08-01,5,8,160.0
DIDIPAYS,Perth,2025-08-01,1079,832,77.1
NICEAU,Melbourne,2025-08-01,14,3,21.4
NICEAU,Sydney,2025-08-01,28,4,14.3
ACYA2025,Melbourne,2025-08-02,12,18,150.0
ACYA2025,Sydney,2025-08-02,9,14,155.6
DIDIPAYS,Perth,2025-08-02,598,572,95.7
NICEAU,Adelaide,2025-08-02,5,0,0.0
NICEAU,Brisbane,2025-08-02,11,5,45.5
NICEAU,Melbourne,2025-08-02,41,25,61.0
NICEAU,Sydney,2025-08-02,52,34,65.4
ACYA2025,Melbourne,2025-08-03,8,14,175.0
ACYA2025,RoANZ,2025-08-03,6,1,16.7
ACYA2025,Sydney,2025-08-03,12,11,91.7
DIDIPAYS,Perth,2025-08-03,387,436,112.7
HOLDINGTHEBALL,RoANZ,2025-08-03,9,0,0.0
NICEAU,Brisbane,2025-08-03,10,5,50.0
NICEAU,Melbourne,2025-08-03,32,15,46.9
NICEAU,Perth,2025-08-03,5,0,0.0
NICEAU,Sydney,2025-08-03,34,21,61.8
ACYA2025,Sydney,2025-08-04,9,9,100.0
DIDIPAYS,Perth,2025-08-04,504,452,89.7
HOLDINGTHEBALL,Melbourne,2025-08-04,10,4,40.0
HOLDINGTHEBALL,RoANZ,2025-08-04,9,3,33.3
NICEAU,Brisbane,2025-08-04,13,11,84.6
NICEAU,Melbourne,2025-08-04,29,21,72.4
NICEAU,RoANZ,2025-08-04,5,4,80.0
NICEAU,Sydney,2025-08-04,59,44,74.6
ACYA2025,Brisbane,2025-08-05,5,5,100.0
ACYA2025,Melbourne,2025-08-05,7,7,100.0
ACYA2025,Sydney,2025-08-05,6,10,166.7
DIDIPAYS,Perth,2025-08-05,755,528,69.9
NICEAU,Brisbane,2025-08-05,11,5,45.5
NICEAU,Melbourne,2025-08-05,22,16,72.7
NICEAU,Perth,2025-08-05,6,2,33.3
NICEAU,Sydney,2025-08-05,43,42,97.7
DIDIPAYS,Perth,2025-08-06,912,1250,137.1
NICEAU,Melbourne,2025-08-06,37,27,73.0
NICEAU,Perth,2025-08-06,12,10,83.3
NICEAU,Sydney,2025-08-06,21,28,133.3
ACYA2025,Melbourne,2025-08-07,9,8,88.9
DIDIPAYS,Perth,2025-08-07,625,708,113.3
NICEAU,Brisbane,2025-08-07,5,6,120.0
NICEAU,Melbourne,2025-08-07,24,31,129.2
NICEAU,Sydney,2025-08-07,44,30,68.2
ACYA2025,Brisbane,2025-08-08,5,4,80.0
ACYA2025,Melbourne,2025-08-08,13,15,115.4
DIDIPAYS,Perth,2025-08-08,769,696,90.5
EZAU,Melbourne,2025-08-08,5,0,0.0
NICEAU,Melbourne,2025-08-08,22,24,109.1
NICEAU,Perth,2025-08-08,6,5,83.3
NICEAU,Sydney,2025-08-08,25,28,112.0
ACYA2025,Melbourne,2025-08-09,14,16,114.3
ACYA2025,Sydney,2025-08-09,6,11,183.3
DIDIPAYS,Perth,2025-08-09,685,553,80.7
EZAU,Brisbane,2025-08-09,14,8,57.1
EZAU,Melbourne,2025-08-09,49,20,40.8
EZAU,Perth,2025-08-09,7,3,42.9
EZAU,RoANZ,2025-08-09,5,4,80.0
EZAU,Sydney,2025-08-09,52,22,42.3
ACYA2025,Melbourne,2025-08-10,11,16,145.5
ACYA2025,Sydney,2025-08-10,6,7,116.7
DIDIPAYS,Perth,2025-08-10,411,414,100.7
EZAU,Brisbane,2025-08-10,13,4,30.8
EZAU,Melbourne,2025-08-10,29,23,79.3
EZAU,Sydney,2025-08-10,38,18,47.4
ACYA2025,Sydney,2025-08-11,9,5,55.6
BAILEY,Melbourne,2025-08-11,7,4,57.1
DIDIPAYS,Perth,2025-08-11,620,652,105.2
EZAU,Brisbane,2025-08-11,8,10,125.0
EZAU,Melbourne,2025-08-11,23,22,95.7
EZAU,Perth,2025-08-11,5,5,100.0
EZAU,RoANZ,2025-08-11,6,2,33.3
EZAU,Sydney,2025-08-11,60,52,86.7
ACYA2025,Melbourne,2025-08-12,10,10,100.0
ACYA2025,Sydney,2025-08-12,5,11,220.0
DIDIPAYS,Perth,2025-08-12,1329,413,31.1
EKKA,Brisbane,2025-08-12,10,2,20.0
EZAU,Brisbane,2025-08-12,6,2,33.3
EZAU,Melbourne,2025-08-12,32,25,78.1
EZAU,Perth,2025-08-12,7,3,42.9
EZAU,Sydney,2025-08-12,34,28,82.4
DIDIPAYS,Perth,2025-08-13,975,506,51.9
EKKA,Brisbane,2025-08-13,28,12,42.9
EZAU,Brisbane,2025-08-13,7,4,57.1
EZAU,Melbourne,2025-08-13,27,23,85.2
EZAU,Sydney,2025-08-13,35,22,62.9
ACYA2025,Sydney,2025-08-14,5,4,80.0
DIDIPAYS,Perth,2025-08-14,687,466,67.8
EKKA,Brisbane,2025-08-14,19,4,21.1
EZAU,Brisbane,2025-08-14,8,6,75.0
EZAU,Melbourne,2025-08-14,10,13,130.0
EZAU,RoANZ,2025-08-14,5,5,100.0
EZAU,Sydney,2025-08-14,37,32,86.5
VELOCITY20,Sydney,2025-08-14,18,10,55.6
DIDIPAYS,Perth,2025-08-15,812,704,86.7
EKKA,Brisbane,2025-08-15,15,5,33.3
EZAU,Melbourne,2025-08-15,16,15,93.8
EZAU,Sydney,2025-08-15,28,34,121.4
ACYA2025,Brisbane,2025-08-16,7,5,71.4
ACYA2025,Melbourne,2025-08-16,9,14,155.6
DIDIPAYS,Perth,2025-08-16,665,565,85.0
EKKA,Brisbane,2025-08-16,21,2,9.5
FUNAU,Brisbane,2025-08-16,8,4,50.0
FUNAU,Melbourne,2025-08-16,38,21,55.3
FUNAU,RoANZ,2025-08-16,9,2,22.2
FUNAU,Sydney,2025-08-16,56,26,46.4
ACYA2025,Brisbane,2025-08-17,8,10,125.0
ACYA2025,Melbourne,2025-08-17,6,14,233.3
DIDIPAYS,Perth,2025-08-17,393,292,74.3
EKKA,Brisbane,2025-08-17,11,6,54.5
FUNAU,Brisbane,2025-08-17,6,1,16.7
FUNAU,Melbourne,2025-08-17,33,16,48.5
FUNAU,RoANZ,2025-08-17,5,4,80.0
FUNAU,Sydney,2025-08-17,38,26,68.4
DIDIPAYS,Perth,2025-08-18,572,324,56.6
FUNAU,Brisbane,2025-08-18,14,6,42.9
FUNAU,Melbourne,2025-08-18,26,14,53.8
FUNAU,Perth,2025-08-18,5,2,40.0
FUNAU,RoANZ,2025-08-18,10,6,60.0
FUNAU,Sydney,2025-08-18,47,29,61.7
ACYA2025,Sydney,2025-08-19,6,7,116.7
DIDIPAYS,Perth,2025-08-19,880,615,69.9
FUNAU,Brisbane,2025-08-19,9,6,66.7
FUNAU,Melbourne,2025-08-19,26,22,84.6
FUNAU,Perth,2025-08-19,8,5,62.5
FUNAU,Sydney,2025-08-19,63,39,61.9
TRVL10,Melbourne,2025-08-19,16,2,12.5
TRVL15,Melbourne,2025-08-19,13,1,7.7
TRVL20,Melbourne,2025-08-19,19,1,5.3
DIDIPAYS,Perth,2025-08-20,1284,513,40.0
FUNAU,Melbourne,2025-08-20,28,26,92.9
FUNAU,Perth,2025-08-20,5,4,80.0
FUNAU,RoANZ,2025-08-20,5,4,80.0
FUNAU,Sydney,2025-08-20,31,36,116.1
TRVL10,Adelaide,2025-08-20,16,0,0.0
TRVL10,Melbourne,2025-08-20,61,5,8.2
TRVL10,Perth,2025-08-20,19,0,0.0
TRVL10,Sydney,2025-08-20,38,2,5.3
TRVL15,Adelaide,2025-08-20,7,0,0.0
TRVL15,Melbourne,2025-08-20,62,9,14.5
TRVL15,Perth,2025-08-20,27,2,7.4
TRVL15,Sydney,2025-08-20,57,0,0.0
TRVL20,Adelaide,2025-08-20,19,1,5.3
TRVL20,Melbourne,2025-08-20,83,11,13.3
TRVL20,Perth,2025-08-20,18,3,16.7
TRVL20,Sydney,2025-08-20,32,1,3.1
ACYA2025,Sydney,2025-08-21,5,8,160.0
DIDIPAYS,Perth,2025-08-21,847,527,62.2
FUNAU,Brisbane,2025-08-21,13,10,76.9
FUNAU,Melbourne,2025-08-21,26,26,100.0
FUNAU,Sydney,2025-08-21,40,31,77.5
TRVL10,Adelaide,2025-08-21,35,1,2.9
TRVL10,Melbourne,2025-08-21,59,8,13.6
TRVL10,Perth,2025-08-21,25,0,0.0
TRVL10,RoANZ,2025-08-21,6,0,0.0
TRVL10,Sydney,2025-08-21,78,3,3.8
TRVL15,Adelaide,2025-08-21,23,2,8.7
TRVL15,Melbourne,2025-08-21,65,5,7.7
TRVL15,Perth,2025-08-21,38,6,15.8
TRVL15,Sydney,2025-08-21,90,4,4.4
TRVL20,Adelaide,2025-08-21,43,1,2.3
TRVL20,Brisbane,2025-08-21,34,0,0.0
TRVL20,Melbourne,2025-08-21,210,21,10.0
TRVL20,Perth,2025-08-21,61,5,8.2
TRVL20,RoANZ,2025-08-21,10,1,10.0
TRVL20,Sydney,2025-08-21,233,15,6.4
DIDIPAYS,Perth,2025-08-22,781,576,73.8
FUNAU,Brisbane,2025-08-22,7,11,157.1
FUNAU,Melbourne,2025-08-22,16,15,93.8
FUNAU,Sydney,2025-08-22,40,48,120.0
TRVL10,Adelaide,2025-08-22,30,3,10.0
TRVL10,Melbourne,2025-08-22,63,11,17.5
TRVL10,Perth,2025-08-22,26,1,3.8
TRVL10,Sydney,2025-08-22,89,5,5.6
TRVL15,Adelaide,2025-08-22,26,4,15.4
TRVL15,Melbourne,2025-08-22,71,15,21.1
TRVL15,Perth,2025-08-22,29,2,6.9
TRVL15,Sydney,2025-08-22,93,14,15.1
TRVL20,Adelaide,2025-08-22,38,5,13.2
TRVL20,Brisbane,2025-08-22,20,7,35.0
TRVL20,Melbourne,2025-08-22,157,40,25.5
TRVL20,Perth,2025-08-22,45,10,22.2
TRVL20,RoANZ,2025-08-22,6,0,0.0
TRVL20,Sydney,2025-08-22,160,23,14.4
DIDIPAYS,Perth,2025-08-23,732,617,84.3
TRVL10,Adelaide,2025-08-23,17,5,29.4
TRVL10,Melbourne,2025-08-23,51,5,9.8
TRVL10,Perth,2025-08-23,41,2,4.9
TRVL10,RoANZ,2025-08-23,9,0,0.0
TRVL10,Sydney,2025-08-23,90,9,10.0
TRVL15,Adelaide,2025-08-23,19,1,5.3
TRVL15,Melbourne,2025-08-23,83,11,13.3
TRVL15,Perth,2025-08-23,38,4,10.5
TRVL15,Sydney,2025-08-23,95,15,15.8
TRVL20,Adelaide,2025-08-23,40,9,22.5
TRVL20,Brisbane,2025-08-23,17,9,52.9
TRVL20,Melbourne,2025-08-23,111,39,35.1
TRVL20,Perth,2025-08-23,44,19,43.2
TRVL20,RoANZ,2025-08-23,7,1,14.3
TRVL20,Sydney,2025-08-23,124,31,25.0
WELCOME2AU,Sydney,2025-08-23,6,0,0.0
YAYAU,Brisbane,2025-08-23,18,13,72.2
YAYAU,Melbourne,2025-08-23,46,20,43.5
YAYAU,Perth,2025-08-23,7,2,28.6
YAYAU,RoANZ,2025-08-23,6,1,16.7
YAYAU,Sydney,2025-08-23,71,37,52.1
DIDIPAYS,Perth,2025-08-24,509,503,98.8
TRVL10,Adelaide,2025-08-24,16,2,12.5
TRVL10,Melbourne,2025-08-24,52,7,13.5
TRVL10,Perth,2025-08-24,21,2,9.5
TRVL10,RoANZ,2025-08-24,6,0,0.0
TRVL10,Sydney,2025-08-24,72,10,13.9
TRVL15,Adelaide,2025-08-24,22,1,4.5
TRVL15,Melbourne,2025-08-24,45,15,33.3
TRVL15,Perth,2025-08-24,27,9,33.3
TRVL15,Sydney,2025-08-24,75,18,24.0
TRVL20,Adelaide,2025-08-24,19,8,42.1
TRVL20,Brisbane,2025-08-24,8,11,137.5
TRVL20,Melbourne,2025-08-24,62,31,50.0
TRVL20,Perth,2025-08-24,35,8,22.9
TRVL20,RoANZ,2025-08-24,9,4,44.4
TRVL20,Sydney,2025-08-24,96,22,22.9
WELCOME2AU,Sydney,2025-08-24,9,0,0.0
YAYAU,Brisbane,2025-08-24,20,10,50.0
YAYAU,Melbourne,2025-08-24,34,28,82.4
YAYAU,Perth,2025-08-24,6,4,66.7
YAYAU,RoANZ,2025-08-24,6,4,66.7
YAYAU,Sydney,2025-08-24,49,31,63.3
ACYA2025,Melbourne,2025-08-25,6,7,116.7
DIDIPAYS,Perth,2025-08-25,814,1082,132.9
FREERIDEWEDS,RoANZ,2025-08-25,174,0,0.0
TRVL10,Adelaide,2025-08-25,22,2,9.1
TRVL10,Melbourne,2025-08-25,55,9,16.4
TRVL10,Perth,2025-08-25,27,5,18.5
TRVL10,Sydney,2025-08-25,70,8,11.4
TRVL15,Adelaide,2025-08-25,12,2,16.7
TRVL15,Melbourne,2025-08-25,67,7,10.4
TRVL15,Perth,2025-08-25,31,6,19.4
TRVL15,RoANZ,2025-08-25,10,1,10.0
TRVL15,Sydney,2025-08-25,64,7,10.9
TRVL20,Adelaide,2025-08-25,23,6,26.1
TRVL20,Melbourne,2025-08-25,79,29,36.7
TRVL20,Perth,2025-08-25,30,7,23.3
TRVL20,RoANZ,2025-08-25,5,1,20.0
TRVL20,Sydney,2025-08-25,87,21,24.1
YAYAU,Adelaide,2025-08-25,5,3,60.0
YAYAU,Melbourne,2025-08-25,33,26,78.8
YAYAU,Perth,2025-08-25,10,6,60.0
YAYAU,Sydney,2025-08-25,41,26,63.4
DIDIPAYS,Perth,2025-08-26,1380,1021,74.0
FREERIDEWEDS,RoANZ,2025-08-26,33,0,0.0
TRVL10,Adelaide,2025-08-26,18,1,5.6
TRVL10,Perth,2025-08-26,15,2,13.3
TRVL10,Sydney,2025-08-26,46,3,6.5
TRVL15,Adelaide,2025-08-26,14,3,21.4
TRVL15,Perth,2025-08-26,21,1,4.8
TRVL15,Sydney,2025-08-26,56,5,8.9
TRVL20,Adelaide,2025-08-26,14,8,57.1
TRVL20,Brisbane,2025-08-26,5,2,40.0
TRVL20,Melbourne,2025-08-26,10,16,160.0
TRVL20,Perth,2025-08-26,24,8,33.3
TRVL20,Sydney,2025-08-26,63,23,36.5
YAYAU,Brisbane,2025-08-26,6,3,50.0
YAYAU,Melbourne,2025-08-26,26,22,84.6
YAYAU,Sydney,2025-08-26,43,40,93.0
ACYA2025,Melbourne,2025-08-27,6,8,133.3
ACYA2025,Sydney,2025-08-27,7,4,57.1
DIDIPAYS,Perth,2025-08-27,894,1019,114.0
FREERIDESAT,RoANZ,2025-08-27,35,0,0.0
FREERIDEWEDS,RoANZ,2025-08-27,105,113,107.6
YAYAU,Adelaide,2025-08-27,6,4,66.7
YAYAU,Brisbane,2025-08-27,11,6,54.5
YAYAU,Melbourne,2025-08-27,19,14,73.7
YAYAU,Perth,2025-08-27,6,2,33.3
YAYAU,Sydney,2025-08-27,34,28,82.4
ACYA2025,Melbourne,2025-08-28,10,11,110.0
ACYA2025,Sydney,2025-08-28,7,11,157.1
DIDIPAYS,Perth,2025-08-28,657,903,137.4
FREERIDESAT,RoANZ,2025-08-28,114,0,0.0
YAYAU,Brisbane,2025-08-28,6,5,83.3
YAYAU,Melbourne,2025-08-28,18,18,100.0
YAYAU,Perth,2025-08-28,8,9,112.5
YAYAU,Sydney,2025-08-28,34,37,108.8
ACYA2025,Melbourne,2025-08-29,5,9,180.0
DIDIPAYS,Perth,2025-08-29,689,898,130.3
FREERIDESAT,RoANZ,2025-08-29,57,1,1.8
YAYAU,Brisbane,2025-08-29,6,10,166.7
YAYAU,Melbourne,2025-08-29,20,20,100.0
YAYAU,Sydney,2025-08-29,33,40,121.2
ACYA2025,Melbourne,2025-08-30,8,11,137.5
COOLAU,Brisbane,2025-08-30,18,11,61.1
COOLAU,Melbourne,2025-08-30,44,19,43.2
COOLAU,RoANZ,2025-08-30,10,3,30.0
COOLAU,Sydney,2025-08-30,71,32,45.1
DIDIPAYS,Perth,2025-08-30,622,737,118.5
FREERIDESAT,RoANZ,2025-08-30,221,187,84.6
ACYA2025,Melbourne,2025-08-31,13,13,100.0
ACYA2025,Sydney,2025-08-31,5,8,160.0
COOLAU,Adelaide,2025-08-31,5,2,40.0
COOLAU,Brisbane,2025-08-31,7,5,71.4
COOLAU,Melbourne,2025-08-31,37,28,75.7
COOLAU,RoANZ,2025-08-31,5,3,60.0
COOLAU,Sydney,2025-08-31,48,27,56.3
DIDIPAYS,Perth,2025-08-31,419,414,98.8
FREERIDESAT,RoANZ,2025-08-31,8,3,37.5
ACYA2025,Brisbane,2025-09-01,5,6,120.0
ACYA2025,Melbourne,2025-09-01,9,9,100.0
ACYA2025,Sydney,2025-09-01,11,8,72.7
COOLAU,Adelaide,2025-09-01,7,3,42.9
COOLAU,Brisbane,2025-09-01,7,7,100.0
COOLAU,Melbourne,2025-09-01,33,26,78.8
COOLAU,Perth,2025-09-01,7,4,57.1
COOLAU,RoANZ,2025-09-01,5,3,60.0
COOLAU,Sydney,2025-09-01,41,38,92.7
DIDIPAYS,Perth,2025-09-01,291,389,133.7
WELCOME2AU,Sydney,2025-09-01,7,2,28.6
ACYA2025,Melbourne,2025-09-02,7,16,228.6
ACYA2025,Sydney,2025-09-02,7,7,100.0
COOLAU,Brisbane,2025-09-02,5,4,80.0
COOLAU,Melbourne,2025-09-02,27,22,81.5
COOLAU,Sydney,2025-09-02,43,33,76.7
DIDIPAYS,Perth,2025-09-02,646,488,75.5
FREERIDEWEDS,RoANZ,2025-09-02,31,1,3.2
WELCOME2AU,Melbourne,2025-09-02,7,0,0.0
WELCOME2AU,Sydney,2025-09-02,15,1,6.7
ACYA2025,Adelaide,2025-09-03,5,4,80.0
ACYA2025,Sydney,2025-09-03,7,14,200.0
COOLAU,Adelaide,2025-09-03,5,2,40.0
COOLAU,Brisbane,2025-09-03,5,5,100.0
COOLAU,Melbourne,2025-09-03,19,17,89.5
COOLAU,Perth,2025-09-03,5,3,60.0
COOLAU,Sydney,2025-09-03,24,30,125.0
DIDIPAYS,Perth,2025-09-03,494,439,88.9
FREERIDEWEDS,RoANZ,2025-09-03,259,159,61.4
WELCOME2AU,Sydney,2025-09-03,8,1,12.5
ACYA2025,Melbourne,2025-09-04,13,18,138.5
ACYA2025,Sydney,2025-09-04,5,11,220.0
COOLAU,Melbourne,2025-09-04,25,14,56.0
COOLAU,RoANZ,2025-09-04,5,3,60.0
COOLAU,Sydney,2025-09-04,22,22,100.0
DIDIPAYS,Perth,2025-09-04,563,462,82.1
FREERIDESAT,RoANZ,2025-09-04,23,1,4.3
FREERIDEWEDS,RoANZ,2025-09-04,35,3,8.6
WELCOME2AU,Melbourne,2025-09-04,8,0,0.0
WELCOME2AU,Sydney,2025-09-04,14,1,7.1
ACYA2025,Melbourne,2025-09-05,8,17,212.5
ACYA2025,Sydney,2025-09-05,6,5,83.3
COOLAU,Brisbane,2025-09-05,8,6,75.0
COOLAU,Melbourne,2025-09-05,30,27,90.0
COOLAU,Perth,2025-09-05,6,5,83.3
COOLAU,Sydney,2025-09-05,39,39,100.0
DIDIPAYS,Perth,2025-09-05,779,607,77.9
FREERIDESAT,RoANZ,2025-09-05,224,0,0.0
TREATDAD,Adelaide,2025-09-05,102,0,0.0
TREATDAD,Brisbane,2025-09-05,176,0,0.0
TREATDAD,Melbourne,2025-09-05,631,6,1.0
TREATDAD,Perth,2025-09-05,406,4,1.0
TREATDAD,RoANZ,2025-09-05,21,0,0.0
TREATDAD,Sydney,2025-09-05,661,5,0.8
WELCOME2AU,Melbourne,2025-09-05,6,1,16.7
WELCOME2AU,Sydney,2025-09-05,11,4,36.4
ACYA2025,Sydney,2025-09-06,12,12,100.0
DIDIPAYS,Perth,2025-09-06,938,600,64.0
FASTAU,Adelaide,2025-09-06,7,4,57.1
FASTAU,Brisbane,2025-09-06,11,9,81.8
FASTAU,Melbourne,2025-09-06,38,19,50.0
FASTAU,RoANZ,2025-09-06,6,2,33.3
FASTAU,Sydney,2025-09-06,63,31,49.2
FREERIDESAT,RoANZ,2025-09-06,290,266,91.7
TREATDAD,Adelaide,2025-09-06,289,6,2.1
TREATDAD,Brisbane,2025-09-06,541,4,0.7
TREATDAD,Melbourne,2025-09-06,1528,20,1.3
TREATDAD,Perth,2025-09-06,874,8,0.9
TREATDAD,RoANZ,2025-09-06,72,0,0.0
TREATDAD,Sydney,2025-09-06,1688,14,0.8
WELCOME2AU,Sydney,2025-09-06,13,4,30.8
ACYA2025,Brisbane,2025-09-07,5,6,120.0
ACYA2025,Sydney,2025-09-07,7,11,157.1
DIDIPAYS,Perth,2025-09-07,539,572,106.1
FASTAU,Brisbane,2025-09-07,10,3,30.0
FASTAU,Melbourne,2025-09-07,27,20,74.1
FASTAU,Sydney,2025-09-07,37,29,78.4
FREERIDESAT,RoANZ,2025-09-07,10,7,70.0
TREATDAD,Adelaide,2025-09-07,298,10,3.4
TREATDAD,Brisbane,2025-09-07,464,7,1.5
TREATDAD,Melbourne,2025-09-07,1385,31,2.2
TREATDAD,Perth,2025-09-07,747,2,0.3
TREATDAD,RoANZ,2025-09-07,54,1,1.9
TREATDAD,Sydney,2025-09-07,1507,20,1.3
WELCOME2AU,Melbourne,2025-09-07,10,0,0.0
WELCOME2AU,Sydney,2025-09-07,11,1,9.1
ACYA2025,Melbourne,2025-09-08,6,9,150.0
ACYA2025,Sydney,2025-09-08,7,7,100.0
DIDIPAYS,Perth,2025-09-08,244,351,143.9
FASTAU,Brisbane,2025-09-08,8,7,87.5
FASTAU,Melbourne,2025-09-08,30,27,90.0
FASTAU,Perth,2025-09-08,8,5,62.5
FASTAU,Sydney,2025-09-08,54,50,92.6
WELCOME2AU,Melbourne,2025-09-08,6,4,66.7
WELCOME2AU,Sydney,2025-09-08,11,6,54.5
ACYA2025,Melbourne,2025-09-09,16,17,106.3
DIDIPAYS,Perth,2025-09-09,270,296,109.6
FASTAU,Brisbane,2025-09-09,7,4,57.1
FASTAU,Melbourne,2025-09-09,42,29,69.0
FASTAU,Perth,2025-09-09,9,6,66.7
FASTAU,Sydney,2025-09-09,38,31,81.6
FREERIDEWEDS,RoANZ,2025-09-09,32,0,0.0
WELCOME2AU,Sydney,2025-09-09,6,4,66.7
ACYA2025,Melbourne,2025-09-10,13,13,100.0
ACYA2025,Sydney,2025-09-10,7,6,85.7
DIDIPAYS,Perth,2025-09-10,344,368,107.0
FASTAU,Brisbane,2025-09-10,9,9,100.0
FASTAU,Melbourne,2025-09-10,33,25,75.8
FASTAU,Perth,2025-09-10,5,4,80.0
FASTAU,Sydney,2025-09-10,38,36,94.7
FREERIDEWEDS,RoANZ,2025-09-10,316,248,78.5
WELCOME2AU,Sydney,2025-09-10,14,2,14.3
ACYA2025,Melbourne,2025-09-11,5,9,180.0
ACYA2025,Sydney,2025-09-11,5,12,240.0
DIDIPAYS,Perth,2025-09-11,388,569,146.6
FASTAU,Brisbane,2025-09-11,6,3,50.0
FASTAU,Melbourne,2025-09-11,17,19,111.8
FASTAU,Perth,2025-09-11,10,9,90.0
FASTAU,Sydney,2025-09-11,40,35,87.5
FREERIDEWEDS,RoANZ,2025-09-11,20,0,0.0
WELCOME2AU,Melbourne,2025-09-11,10,0,0.0
WELCOME2AU,Sydney,2025-09-11,12,4,33.3
ACYA2025,Melbourne,2025-09-12,5,13,260.0
ACYA2025,Sydney,2025-09-12,5,11,220.0
DIDIPAYS,Perth,2025-09-12,386,438,113.5
FASTAU,Brisbane,2025-09-12,5,7,140.0
FASTAU,Melbourne,2025-09-12,20,27,135.0
FASTAU,Perth,2025-09-12,6,4,66.7
FASTAU,Sydney,2025-09-12,26,28,107.7
FREERIDESAT,RoANZ,2025-09-12,217,0,0.0
WELCOME2AU,Melbourne,2025-09-12,6,1,16.7
WELCOME2AU,Sydney,2025-09-12,6,5,83.3
ACYA2025,Sydney,2025-09-13,16,22,137.5
DIDIPAYS,Perth,2025-09-13,306,374,122.2
FREERIDESAT,RoANZ,2025-09-13,329,303,92.1
RIDEAU,Adelaide,2025-09-13,5,3,60.0
RIDEAU,Brisbane,2025-09-13,15,7,46.7
RIDEAU,Melbourne,2025-09-13,40,19,47.5
RIDEAU,Perth,2025-09-13,5,3,60.0
RIDEAU,Sydney,2025-09-13,63,30,47.6
WELCOME2AU,Perth,2025-09-13,5,1,20.0
WELCOME2AU,Sydney,2025-09-13,7,7,100.0
DIDIPAYS,Perth,2025-09-14,175,251,143.4
RIDEAU,Adelaide,2025-09-14,6,5,83.3
RIDEAU,Brisbane,2025-09-14,9,6,66.7
RIDEAU,Melbourne,2025-09-14,36,24,66.7
RIDEAU,Perth,2025-09-14,9,5,55.6
RIDEAU,Sydney,2025-09-14,37,25,67.6
WELCOME2AU,Melbourne,2025-09-14,7,1,14.3
WELCOME2AU,Sydney,2025-09-14,11,8,72.7
ACYA2025,Melbourne,2025-09-15,9,10,111.1
ACYA2025,Sydney,2025-09-15,6,7,116.7
DIDIPAYS,Perth,2025-09-15,255,270,105.9
RIDEAU,Brisbane,2025-09-15,8,10,125.0
RIDEAU,Melbourne,2025-09-15,21,18,85.7
RIDEAU,Perth,2025-09-15,5,4,80.0
RIDEAU,Sydney,2025-09-15,39,35,89.7
WELCOME2AU,Melbourne,2025-09-15,6,0,0.0
WELCOME2AU,Sydney,2025-09-15,8,3,37.5
ACYA2025,Melbourne,2025-09-16,5,9,180.0
FREERIDEWEDS,RoANZ,2025-09-16,22,0,0.0
RIDEAU,Brisbane,2025-09-16,7,5,71.4
RIDEAU,Melbourne,2025-09-16,26,19,73.1
RIDEAU,Perth,2025-09-16,10,5,50.0
RIDEAU,Sydney,2025-09-16,36,30,83.3
WELCOME2AU,Melbourne,2025-09-16,5,3,60.0
WELCOME2AU,Sydney,2025-09-16,6,4,66.7
ACYA2025,Sydney,2025-09-17,6,6,100.0
DIDIPAYS,Perth,2025-09-17,201,186,92.5
FREERIDEWEDS,RoANZ,2025-09-17,329,216,65.7
RIDEAU,Melbourne,2025-09-17,21,22,104.8
RIDEAU,Perth,2025-09-17,5,6,120.0
RIDEAU,Sydney,2025-09-17,31,22,71.0
WELCOME2AU,Melbourne,2025-09-17,10,3,30.0
WELCOME2AU,Sydney,2025-09-17,7,2,28.6
ACYA2025,Perth,2025-09-18,5,7,140.0
DIDIPAYS,Perth,2025-09-18,333,261,78.4
FREERIDEWEDS,RoANZ,2025-09-18,21,2,9.5
RIDEAU,Melbourne,2025-09-18,19,13,68.4
RIDEAU,RoANZ,2025-09-18,5,3,60.0
RIDEAU,Sydney,2025-09-18,31,25,80.6
WELCOME2AU,Sydney,2025-09-18,6,7,116.7
ACYA2025,Melbourne,2025-09-19,7,6,85.7
DIDIPAYS,Perth,2025-09-19,404,335,82.9
FREERIDESAT,RoANZ,2025-09-19,285,0,0.0
SWIFTAU,Sydney,2025-09-19,5,0,0.0
WELCOME2AU,Brisbane,2025-09-19,6,1,16.7
WELCOME2AU,Melbourne,2025-09-19,6,1,16.7
WELCOME2AU,Sydney,2025-09-19,8,4,50.0
ACYA2025,Melbourne,2025-09-20,6,9,150.0
ACYA2025,Perth,2025-09-20,5,8,160.0
ACYA2025,Sydney,2025-09-20,6,9,150.0
DIDIPAYS,Perth,2025-09-20,378,328,86.8
FREERIDESAT,RoANZ,2025-09-20,538,461,85.7
SWIFTAU,Brisbane,2025-09-20,18,9,50.0
SWIFTAU,Melbourne,2025-09-20,45,23,51.1
SWIFTAU,Perth,2025-09-20,7,3,42.9
SWIFTAU,RoANZ,2025-09-20,6,3,50.0
SWIFTAU,Sydney,2025-09-20,43,32,74.4
WELCOME2AU,Melbourne,2025-09-20,5,4,80.0
WELCOME2AU,Sydney,2025-09-20,19,12,63.2
ACYA2025,Melbourne,2025-09-21,6,9,150.0
DIDIPAYS,Perth,2025-09-21,222,251,113.1
FREERIDESAT,RoANZ,2025-09-21,13,5,38.5
SWIFTAU,Brisbane,2025-09-21,13,10,76.9
SWIFTAU,Melbourne,2025-09-21,37,25,67.6
SWIFTAU,Sydney,2025-09-21,43,21,48.8
WELCOME2AU,Melbourne,2025-09-21,5,1,20.0
WELCOME2AU,Sydney,2025-09-21,8,9,112.5
DIDIPAYS,Perth,2025-09-22,714,392,54.9
SWIFTAU,Brisbane,2025-09-22,6,6,100.0
SWIFTAU,Melbourne,2025-09-22,28,21,75.0
SWIFTAU,Perth,2025-09-22,7,4,57.1
SWIFTAU,Sydney,2025-09-22,46,34,73.9
WELCOME2AU,Sydney,2025-09-22,6,9,150.0
AFLGF,Adelaide,2025-09-23,682,307,45.0
AFLGF,Brisbane,2025-09-23,1253,399,31.8
AFLGF,Melbourne,2025-09-23,3359,799,23.8
AFLGF,Perth,2025-09-23,2519,639,25.4
AFLGF,RoANZ,2025-09-23,571,101,17.7
AFLGF,Sydney,2025-09-23,3126,1083,34.6
DIDIPAYS,Perth,2025-09-23,630,465,73.8
FREERIDEWEDS,RoANZ,2025-09-23,7,0,0.0
SWIFTAU,Brisbane,2025-09-23,9,4,44.4
SWIFTAU,Melbourne,2025-09-23,19,16,84.2
SWIFTAU,Perth,2025-09-23,5,3,60.0
SWIFTAU,Sydney,2025-09-23,40,33,82.5
WELCOME2AU,Melbourne,2025-09-23,5,1,20.0
WELCOME2AU,RoANZ,2025-09-23,5,0,0.0
WELCOME2AU,Sydney,2025-09-23,9,3,33.3
AFLGF,Adelaide,2025-09-24,1422,947,66.6
AFLGF,Brisbane,2025-09-24,2611,1183,45.3
AFLGF,Melbourne,2025-09-24,7143,2752,38.5
AFLGF,Perth,2025-09-24,4151,1664,40.1
AFLGF,RoANZ,2025-09-24,1202,361,30.0
AFLGF,Sydney,2025-09-24,6223,2609,41.9
FREERIDEWEDS,RoANZ,2025-09-24,118,102,86.4
SWIFTAU,Adelaide,2025-09-24,6,6,100.0
SWIFTAU,Melbourne,2025-09-24,12,6,50.0
SWIFTAU,Sydney,2025-09-24,22,23,104.5
WELCOME2AU,Melbourne,2025-09-24,12,1,8.3
WELCOME2AU,Sydney,2025-09-24,10,5,50.0
AFLGF,Adelaide,2025-09-25,1306,1016,77.8
AFLGF,Brisbane,2025-09-25,2813,1354,48.1
AFLGF,Melbourne,2025-09-25,8887,3871,43.6
AFLGF,Perth,2025-09-25,4031,2120,52.6
AFLGF,RoANZ,2025-09-25,1134,413,36.4
AFLGF,Sydney,2025-09-25,6508,3455,53.1
DIDIPAYS,Perth,2025-09-25,130,246,189.2
KICKON2,Melbourne,2025-09-25,9,1,11.1
SWIFTAU,Brisbane,2025-09-25,6,5,83.3
SWIFTAU,Melbourne,2025-09-25,23,15,65.2
SWIFTAU,Perth,2025-09-25,9,5,55.6
SWIFTAU,Sydney,2025-09-25,27,28,103.7
WELCOME2AU,Sydney,2025-09-25,16,8,50.0
ACYA2025,Sydney,2025-09-26,5,9,180.0
AFLGF,Adelaide,2025-09-26,1523,1282,84.2
AFLGF,Brisbane,2025-09-26,3315,1762,53.2
AFLGF,Melbourne,2025-09-26,8276,4911,59.3
AFLGF,Perth,2025-09-26,4421,2604,58.9
AFLGF,RoANZ,2025-09-26,1339,565,42.2
AFLGF,Sydney,2025-09-26,7613,4525,59.4
DIDIPAYS,Perth,2025-09-26,325,323,99.4
FREERIDESAT,RoANZ,2025-09-26,28,0,0.0
KICKON2,Melbourne,2025-09-26,7,9,128.6
WELCOME2AU,Melbourne,2025-09-26,14,2,14.3
WELCOME2AU,RoANZ,2025-09-26,5,0,0.0
WELCOME2AU,Sydney,2025-09-26,21,5,23.8
ACYA2025,Melbourne,2025-09-27,7,11,157.1
ACYA2025,Sydney,2025-09-27,6,9,150.0
AFLGF,Adelaide,2025-09-27,358,788,220.1
AFLGF,Brisbane,2025-09-27,710,1189,167.5
AFLGF,Melbourne,2025-09-27,1994,3715,186.3
AFLGF,Perth,2025-09-27,736,1211,164.5
AFLGF,RoANZ,2025-09-27,329,353,107.3
AFLGF,Sydney,2025-09-27,1723,3542,205.6
DIDIPAYS,Perth,2025-09-27,1035,446,43.1
EASYAU,Brisbane,2025-09-27,14,6,42.9
EASYAU,Melbourne,2025-09-27,58,32,55.2
EASYAU,Perth,2025-09-27,9,4,44.4
EASYAU,RoANZ,2025-09-27,6,1,16.7
EASYAU,Sydney,2025-09-27,69,34,49.3
FREERIDESAT,RoANZ,2025-09-27,370,302,81.6
HAPPYAU,Brisbane,2025-09-27,7,0,0.0
HAPPYAU,Melbourne,2025-09-27,12,0,0.0
HAPPYAU,Perth,2025-09-27,7,1,14.3
HAPPYAU,Sydney,2025-09-27,38,2,5.3
ACYA2025,Melbourne,2025-09-28,10,10,100.0
AFLGF,Melbourne,2025-09-28,9,2867,31855.6
AFLGF,Perth,2025-09-28,6,1101,18350.0
DIDIPAYS,Perth,2025-09-28,952,733,77.0
EASYAU,Brisbane,2025-09-28,7,6,85.7
EASYAU,Melbourne,2025-09-28,52,32,61.5
EASYAU,Perth,2025-09-28,10,10,100.0
EASYAU,Sydney,2025-09-28,51,29,56.9
HAPPYAU,Brisbane,2025-09-28,6,1,16.7
HAPPYAU,Melbourne,2025-09-28,34,6,17.6
HAPPYAU,Perth,2025-09-28,11,3,27.3
HAPPYAU,RoANZ,2025-09-28,12,1,8.3
HAPPYAU,Sydney,2025-09-28,61,9,14.8
ACYA2025,Sydney,2025-09-29,8,7,87.5
DIDIPAYS,Perth,2025-09-29,835,646,77.4
EASYAU,Adelaide,2025-09-29,5,5,100.0
EASYAU,Brisbane,2025-09-29,13,7,53.8
EASYAU,Melbourne,2025-09-29,51,34,66.7
EASYAU,Perth,2025-09-29,9,3,33.3
EASYAU,RoANZ,2025-09-29,7,4,57.1
EASYAU,Sydney,2025-09-29,72,64,88.9
HAPPYAU,Melbourne,2025-09-29,22,4,18.2
HAPPYAU,Perth,2025-09-29,9,3,33.3
HAPPYAU,RoANZ,2025-09-29,12,3,25.0
HAPPYAU,Sydney,2025-09-29,56,16,28.6
ACYA2025,Sydney,2025-09-30,8,11,137.5
DIDIPAYS,Perth,2025-09-30,9,356,3955.6
EASYAU,Brisbane,2025-09-30,14,9,64.3
EASYAU,Melbourne,2025-09-30,29,30,103.4
EASYAU,Perth,2025-09-30,13,7,53.8
EASYAU,RoANZ,2025-09-30,8,6,75.0
EASYAU,Sydney,2025-09-30,56,49,87.5
HAPPYAU,Brisbane,2025-09-30,5,1,20.0
HAPPYAU,Melbourne,2025-09-30,28,9,32.1
HAPPYAU,Perth,2025-09-30,7,2,28.6
HAPPYAU,RoANZ,2025-09-30,17,3,17.6
HAPPYAU,Sydney,2025-09-30,72,22,30.6
ACYA2025,Melbourne,2025-10-01,7,8,114.3
ACYA2025,Sydney,2025-10-01,5,6,120.0
DIDIPAYS,Perth,2025-10-01,107,227,212.1
EASYAU,Adelaide,2025-10-01,6,3,50.0
EASYAU,Brisbane,2025-10-01,21,8,38.1
EASYAU,Melbourne,2025-10-01,108,31,28.7
EASYAU,Perth,2025-10-01,20,14,70.0
EASYAU,RoANZ,2025-10-01,46,8,17.4
EASYAU,Sydney,2025-10-01,214,91,42.5
HAPPYAU,Brisbane,2025-10-01,8,3,37.5
HAPPYAU,Melbourne,2025-10-01,59,13,22.0
HAPPYAU,Perth,2025-10-01,15,4,26.7
HAPPYAU,RoANZ,2025-10-01,19,2,10.5
HAPPYAU,Sydney,2025-10-01,147,20,13.6
ACYA2025,Melbourne,2025-10-02,6,12,200.0
ACYA2025,Sydney,2025-10-02,5,7,140.0
DIDIPAYS,Perth,2025-10-02,791,339,42.9
EASYAU,Adelaide,2025-10-02,5,4,80.0
EASYAU,Brisbane,2025-10-02,9,7,77.8
EASYAU,Melbourne,2025-10-02,80,57,71.3
EASYAU,Perth,2025-10-02,13,8,61.5
EASYAU,RoANZ,2025-10-02,36,19,52.8
EASYAU,Sydney,2025-10-02,197,133,67.5
GRANDFINAL,Brisbane,2025-10-02,983,498,50.7
GRANDFINAL,Sydney,2025-10-02,3143,1428,45.4
HAPPYAU,Brisbane,2025-10-02,14,2,14.3
HAPPYAU,Melbourne,2025-10-02,45,10,22.2
HAPPYAU,Perth,2025-10-02,16,3,18.8
HAPPYAU,RoANZ,2025-10-02,23,1,4.3
HAPPYAU,Sydney,2025-10-02,141,35,24.8
ACYA2025,Melbourne,2025-10-03,11,8,72.7
DIDIPAYS,Perth,2025-10-03,832,435,52.3
EASYAU,Brisbane,2025-10-03,7,8,114.3
EASYAU,Melbourne,2025-10-03,50,50,100.0
EASYAU,Perth,2025-10-03,8,6,75.0
EASYAU,RoANZ,2025-10-03,23,18,78.3
EASYAU,Sydney,2025-10-03,107,104,97.2
GRANDFINAL,Brisbane,2025-10-03,1877,1266,67.4
GRANDFINAL,Sydney,2025-10-03,5490,3377,61.5
HAPPYAU,Brisbane,2025-10-03,6,5,83.3
HAPPYAU,Melbourne,2025-10-03,39,9,23.1
HAPPYAU,Perth,2025-10-03,14,6,42.9
HAPPYAU,RoANZ,2025-10-03,14,3,21.4
HAPPYAU,Sydney,2025-10-03,86,27,31.4
ACYA2025,Melbourne,2025-10-04,15,10,66.7
ACYA2025,Sydney,2025-10-04,8,10,125.0
DIDIPAYS,Perth,2025-10-04,835,649,77.7
EASYAU,Brisbane,2025-10-04,10,9,90.0
EASYAU,Melbourne,2025-10-04,50,50,100.0
EASYAU,Perth,2025-10-04,15,10,66.7
EASYAU,RoANZ,2025-10-04,20,19,95.0
EASYAU,Sydney,2025-10-04,118,88,74.6
GRANDFINAL,Brisbane,2025-10-04,1289,1158,89.8
GRANDFINAL,Sydney,2025-10-04,4698,3727,79.3
HAPPYAU,Melbourne,2025-10-04,36,17,47.2
HAPPYAU,Perth,2025-10-04,14,3,21.4
HAPPYAU,RoANZ,2025-10-04,15,5,33.3
HAPPYAU,Sydney,2025-10-04,97,32,33.0
HAWKS2025,Melbourne,2025-10-04,19,3,15.8
ACYA2025,Melbourne,2025-10-05,6,12,200.0
ACYA2025,Sydney,2025-10-05,8,14,175.0
DIDIPAYS,Perth,2025-10-05,533,535,100.4
EASYAU,Brisbane,2025-10-05,9,12,133.3
EASYAU,Melbourne,2025-10-05,43,55,127.9
EASYAU,RoANZ,2025-10-05,29,21,72.4
EASYAU,Sydney,2025-10-05,95,99,104.2
HAPPYAU,Brisbane,2025-10-05,5,4,80.0
HAPPYAU,Melbourne,2025-10-05,22,16,72.7
HAPPYAU,Perth,2025-10-05,9,3,33.3
HAPPYAU,RoANZ,2025-10-05,17,3,17.6
HAPPYAU,Sydney,2025-10-05,81,22,27.2
HAWKS2025,Melbourne,2025-10-05,6,12,200.0
ACYA2025,Melbourne,2025-10-06,12,11,91.7
ACYA2025,Sydney,2025-10-06,5,6,120.0
DIDIPAYS,Perth,2025-10-06,558,480,86.0
EASYAU,Brisbane,2025-10-06,8,5,62.5
EASYAU,Melbourne,2025-10-06,44,47,106.8
EASYAU,Perth,2025-10-06,18,10,55.6
EASYAU,RoANZ,2025-10-06,19,16,84.2
EASYAU,Sydney,2025-10-06,81,85,104.9
HAPPYAU,Brisbane,2025-10-06,5,3,60.0
HAPPYAU,Melbourne,2025-10-06,22,13,59.1
HAPPYAU,Perth,2025-10-06,11,1,9.1
HAPPYAU,RoANZ,2025-10-06,7,7,100.0
HAPPYAU,Sydney,2025-10-06,54,22,40.7
ACYA2025,Melbourne,2025-10-07,10,10,100.0
DIDIPAYS,Perth,2025-10-07,576,409,71.0
EASYAU,Adelaide,2025-10-07,5,4,80.0
EASYAU,Brisbane,2025-10-07,7,6,85.7
EASYAU,Melbourne,2025-10-07,49,53,108.2
EASYAU,Perth,2025-10-07,13,12,92.3
EASYAU,RoANZ,2025-10-07,9,8,88.9
EASYAU,Sydney,2025-10-07,62,71,114.5
HAPPYAU,Melbourne,2025-10-07,26,25,96.2
HAPPYAU,Perth,2025-10-07,9,1,11.1
HAPPYAU,RoANZ,2025-10-07,12,9,75.0
HAPPYAU,Sydney,2025-10-07,62,24,38.7
ACYA2025,Melbourne,2025-10-08,13,13,100.0
ACYA2025,Sydney,2025-10-08,5,8,160.0
DIDIPAYS,Perth,2025-10-08,8,291,3637.5
EASYAU,Brisbane,2025-10-08,11,9,81.8
EASYAU,Melbourne,2025-10-08,40,43,107.5
EASYAU,Perth,2025-10-08,13,13,100.0
EASYAU,RoANZ,2025-10-08,10,7,70.0
EASYAU,Sydney,2025-10-08,59,65,110.2
HAPPYAU,Brisbane,2025-10-08,5,6,120.0
HAPPYAU,Melbourne,2025-10-08,16,11,68.8
HAPPYAU,Perth,2025-10-08,9,2,22.2
HAPPYAU,RoANZ,2025-10-08,7,4,57.1
HAPPYAU,Sydney,2025-10-08,39,28,71.8
ACYA2025,Melbourne,2025-10-09,7,15,214.3
ACYA2025,Sydney,2025-10-09,8,10,125.0
DIDIPAYS,Perth,2025-10-09,471,322,68.4
EASYAU,Melbourne,2025-10-09,35,35,100.0
EASYAU,RoANZ,2025-10-09,5,6,120.0
EASYAU,Sydney,2025-10-09,49,68,138.8
HAPPYAU,Melbourne,2025-10-09,14,10,71.4
HAPPYAU,RoANZ,2025-10-09,7,3,42.9
HAPPYAU,Sydney,2025-10-09,36,28,77.8
ACYA2025,Melbourne,2025-10-10,8,18,225.0
ACYA2025,Sydney,2025-10-10,7,15,214.3
DIDIPAYS,Perth,2025-10-10,1020,717,70.3
EASYAU,Melbourne,2025-10-10,26,26,100.0
EASYAU,Sydney,2025-10-10,21,30,142.9
HAPPYAU,Melbourne,2025-10-10,16,12,75.0
HAPPYAU,Perth,2025-10-10,6,4,66.7
HAPPYAU,Sydney,2025-10-10,18,14,77.8
ACYA2025,Melbourne,2025-10-11,8,16,200.0
ACYA2025,Sydney,2025-10-11,5,10,200.0
COZYAU,Brisbane,2025-10-11,22,13,59.1
COZYAU,Melbourne,2025-10-11,54,34,63.0
COZYAU,RoANZ,2025-10-11,5,1,20.0
COZYAU,Sydney,2025-10-11,69,38,55.1
DIDIPAYS,Perth,2025-10-11,724,429,59.3
ACYA2025,Melbourne,2025-10-12,5,12,240.0
ACYA2025,Sydney,2025-10-12,8,4,50.0
COZYAU,Brisbane,2025-10-12,6,8,133.3
COZYAU,Melbourne,2025-10-12,40,31,77.5
COZYAU,Perth,2025-10-12,6,1,16.7
COZYAU,Sydney,2025-10-12,64,33,51.6
DIDIPAYS,Perth,2025-10-12,580,434,74.8
ACYA2025,Melbourne,2025-10-13,9,16,177.8
COZYAU,Brisbane,2025-10-13,10,3,30.0
COZYAU,Melbourne,2025-10-13,25,9,36.0
COZYAU,RoANZ,2025-10-13,5,1,20.0
COZYAU,Sydney,2025-10-13,41,36,87.8
DIDIPAYS,Perth,2025-10-13,586,397,67.7
SXSWSYDNEY,Sydney,2025-10-13,143,0,0.0
ACYA2025,Melbourne,2025-10-14,9,17,188.9
COZYAU,Brisbane,2025-10-14,6,6,100.0
COZYAU,Melbourne,2025-10-14,28,22,78.6
COZYAU,Perth,2025-10-14,6,3,50.0
COZYAU,Sydney,2025-10-14,47,36,76.6
DIDIPAYS,Perth,2025-10-14,669,409,61.1
SXSWSYDNEY,Sydney,2025-10-14,218,143,65.6
ACYA2025,Melbourne,2025-10-15,7,11,157.1
ACYA2025,Sydney,2025-10-15,6,10,166.7
COZYAU,Melbourne,2025-10-15,30,19,63.3
COZYAU,Perth,2025-10-15,6,0,0.0
COZYAU,Sydney,2025-10-15,35,28,80.0
DIDIPAYS,Perth,2025-10-15,516,384,74.4
SXSWSYDNEY,Sydney,2025-10-15,137,131,95.6
ACYA2025,Melbourne,2025-10-16,11,14,127.3
ACYA2025,Perth,2025-10-16,7,8,114.3
ACYA2025,Sydney,2025-10-16,6,5,83.3
COZYAU,Brisbane,2025-10-16,8,3,37.5
COZYAU,Melbourne,2025-10-16,45,41,91.1
COZYAU,Perth,2025-10-16,17,12,70.6
COZYAU,Sydney,2025-10-16,42,27,64.3
SXSWSYDNEY,Sydney,2025-10-16,207,172,83.1
ACYA2025,Melbourne,2025-10-17,8,12,150.0
COZYAU,Brisbane,2025-10-17,6,8,133.3
COZYAU,Melbourne,2025-10-17,26,27,103.8
COZYAU,Perth,2025-10-17,7,8,114.3
COZYAU,Sydney,2025-10-17,25,30,120.0
DIDIPAYS,Perth,2025-10-17,974,652,66.9
SXSWSYDNEY,Sydney,2025-10-17,178,196,110.1
ACYA2025,Melbourne,2025-10-18,6,13,216.7
ACYA2025,Sydney,2025-10-18,7,9,128.6
DIDIPAYS,Perth,2025-10-18,983,502,51.1
SXSWSYDNEY,Sydney,2025-10-18,215,206,95.8
TRIPAU,Adelaide,2025-10-18,7,4,57.1
TRIPAU,Brisbane,2025-10-18,10,6,60.0
TRIPAU,Melbourne,2025-10-18,55,27,49.1
TRIPAU,Perth,2025-10-18,8,4,50.0
TRIPAU,RoANZ,2025-10-18,6,1,16.7
TRIPAU,Sydney,2025-10-18,55,28,50.9
ACYA2025,Sydney,2025-10-19,6,6,100.0
DIDIPAYS,Perth,2025-10-19,598,481,80.4
SXSWSYDNEY,Sydney,2025-10-19,17,83,488.2
TRIPAU,Brisbane,2025-10-19,8,5,62.5
TRIPAU,Melbourne,2025-10-19,28,19,67.9
TRIPAU,Sydney,2025-10-19,37,32,86.5
DIDIPAYS,Perth,2025-10-20,808,502,62.1
TRIPAU,Brisbane,2025-10-20,12,8,66.7
TRIPAU,Melbourne,2025-10-20,23,18,78.3
TRIPAU,Perth,2025-10-20,8,4,50.0
TRIPAU,RoANZ,2025-10-20,13,6,46.2
TRIPAU,Sydney,2025-10-20,62,45,72.6
ACYA2025,Melbourne,2025-10-21,10,7,70.0
ACYA2025,Sydney,2025-10-21,6,8,133.3
DIDIPAYS,Perth,2025-10-21,693,491,70.9
TRIPAU,Adelaide,2025-10-21,5,4,80.0
TRIPAU,Brisbane,2025-10-21,7,2,28.6
TRIPAU,Melbourne,2025-10-21,42,30,71.4
TRIPAU,Perth,2025-10-21,10,9,90.0
TRIPAU,Sydney,2025-10-21,38,39,102.6
ACYA2025,Melbourne,2025-10-22,10,15,150.0
DIDIPAYS,Perth,2025-10-22,639,456,71.4
TRIPAU,Brisbane,2025-10-22,6,6,100.0
TRIPAU,Melbourne,2025-10-22,28,19,67.9
TRIPAU,Sydney,2025-10-22,45,34,75.6
ACYA2025,Melbourne,2025-10-23,5,9,180.0
DIDIPAYS,Perth,2025-10-23,97,291,300.0
TRIPAU,Brisbane,2025-10-23,10,9,90.0
TRIPAU,Melbourne,2025-10-23,26,22,84.6
TRIPAU,Perth,2025-10-23,7,2,28.6
TRIPAU,Sydney,2025-10-23,41,31,75.6
ACYA2025,Melbourne,2025-10-24,5,11,220.0
DIDIPAYS,Perth,2025-10-24,1203,594,49.4
QUICKAU,Melbourne,2025-10-24,7,0,0.0
QUICKAU,Sydney,2025-10-24,10,0,0.0
TRIPAU,Melbourne,2025-10-24,14,19,135.7
TRIPAU,Sydney,2025-10-24,28,23,82.1
ACYA2025,Melbourne,2025-10-25,13,13,100.0
ACYA2025,Sydney,2025-10-25,6,7,116.7
DIDIPAYS,Perth,2025-10-25,883,565,64.0
QUICKAU,Brisbane,2025-10-25,15,6,40.0
QUICKAU,Melbourne,2025-10-25,61,28,45.9
QUICKAU,RoANZ,2025-10-25,7,2,28.6
QUICKAU,Sydney,2025-10-25,54,25,46.3
ACYA2025,Sydney,2025-10-26,5,5,100.0
DIDIPAYS,Perth,2025-10-26,506,403,79.6
QUICKAU,Brisbane,2025-10-26,11,6,54.5
QUICKAU,Melbourne,2025-10-26,30,19,63.3
QUICKAU,Perth,2025-10-26,7,3,42.9
QUICKAU,Sydney,2025-10-26,41,30,73.2
ACYA2025,Melbourne,2025-10-27,5,9,180.0
DIDIPAYS,Perth,2025-10-27,682,470,68.9
QUICKAU,Brisbane,2025-10-27,8,5,62.5
QUICKAU,Melbourne,2025-10-27,35,28,80.0
QUICKAU,Sydney,2025-10-27,61,47,77.0
ACYA2025,Melbourne,2025-10-28,5,4,80.0
DIDIPAYS,Perth,2025-10-28,648,450,69.4
QUICKAU,Brisbane,2025-10-28,5,4,80.0
QUICKAU,Melbourne,2025-10-28,31,17,54.8
QUICKAU,Perth,2025-10-28,5,3,60.0
QUICKAU,RoANZ,2025-10-28,5,3,60.0
QUICKAU,Sydney,2025-10-28,42,37,88.1
ACYA2025,Melbourne,2025-10-29,5,10,200.0
DIDIPAYS,Perth,2025-10-29,722,508,70.4
QUICKAU,Brisbane,2025-10-29,6,6,100.0
QUICKAU,Melbourne,2025-10-29,27,30,111.1
QUICKAU,Perth,2025-10-29,6,4,66.7
QUICKAU,Sydney,2025-10-29,35,29,82.9
ACYA2025,Sydney,2025-10-30,5,10,200.0
DIDIPAYS,Perth,2025-10-30,6,280,4666.7
QUICKAU,Brisbane,2025-10-30,6,6,100.0
QUICKAU,Melbourne,2025-10-30,29,25,86.2
QUICKAU,Perth,2025-10-30,5,4,80.0
QUICKAU,RoANZ,2025-10-30,6,3,50.0
QUICKAU,Sydney,2025-10-30,31,21,67.7
TREAT,Melbourne,2025-10-30,29,2,6.9
TREAT,Perth,2025-10-30,19,0,0.0
TRICK,Melbourne,2025-10-30,29,1,3.4
TRICK,Perth,2025-10-30,22,0,0.0
DIDIPAYS,Perth,2025-10-31,368,391,106.3
MARVEL,Melbourne,2025-10-31,5,0,0.0
QUICKAU,Brisbane,2025-10-31,13,11,84.6
QUICKAU,Melbourne,2025-10-31,20,30,150.0
QUICKAU,RoANZ,2025-10-31,5,3,60.0
QUICKAU,Sydney,2025-10-31,37,35,94.6
TREAT,Melbourne,2025-10-31,303,75,24.8
TREAT,Perth,2025-10-31,333,25,7.5
TREAT,Sydney,2025-10-31,203,33,16.3
TRICK,Melbourne,2025-10-31,303,39,12.9
TRICK,Perth,2025-10-31,340,24,7.1
TRICK,Sydney,2025-10-31,252,31,12.3
DERBY,Melbourne,2025-11-01,4290,0,0.0
DIDIPAYS,Perth,2025-11-01,241,342,141.9
TREAT,Melbourne,2025-11-01,63,95,150.8
TREAT,Perth,2025-11-01,191,31,16.2
TREAT,Sydney,2025-11-01,227,91,40.1
TRICK,Melbourne,2025-11-01,68,38,55.9
TRICK,Perth,2025-11-01,198,35,17.7
TRICK,Sydney,2025-11-01,287,125,43.6
DIDIPAYS,Perth,2025-11-02,804,364,45.3
RIDEAU,Brisbane,2025-11-02,8,2,25.0
RIDEAU,Melbourne,2025-11-02,19,5,26.3
RIDEAU,Perth,2025-11-02,6,1,16.7
RIDEAU,Sydney,2025-11-02,29,3,10.3
CUP,Melbourne,2025-11-03,98,0,0.0
DIDIPAYS,Perth,2025-11-03,920,512,55.7
RIDEAU,Adelaide,2025-11-03,6,4,66.7
RIDEAU,Brisbane,2025-11-03,12,7,58.3
RIDEAU,Melbourne,2025-11-03,36,20,55.6
RIDEAU,Sydney,2025-11-03,66,35,53.0
CUP,Melbourne,2025-11-04,2405,915,38.0
DIDIPAYS,Perth,2025-11-04,1010,633,62.7
RIDEAU,Adelaide,2025-11-04,5,4,80.0
RIDEAU,Brisbane,2025-11-04,9,5,55.6
RIDEAU,Melbourne,2025-11-04,21,9,42.9
RIDEAU,Perth,2025-11-04,6,3,50.0
RIDEAU,Sydney,2025-11-04,45,34,75.6
DIDIPAYS,Perth,2025-11-05,866,551,63.6
OAKS,Melbourne,2025-11-05,33,0,0.0
RIDEAU,Brisbane,2025-11-05,12,12,100.0
RIDEAU,Melbourne,2025-11-05,37,28,75.7
RIDEAU,Perth,2025-11-05,7,3,42.9
RIDEAU,Sydney,2025-11-05,41,36,87.8
ACYA2025,Melbourne,2025-11-06,8,7,87.5
DIDIPAYS,Perth,2025-11-06,11,436,3963.6
OAKS,Melbourne,2025-11-06,2493,1056,42.4
RIDEAU,Brisbane,2025-11-06,7,6,85.7
RIDEAU,Melbourne,2025-11-06,37,31,83.8
RIDEAU,Perth,2025-11-06,9,10,111.1
RIDEAU,Sydney,2025-11-06,39,43,110.3
ACYA2025,Melbourne,2025-11-07,5,9,180.0
ACYA2025,Perth,2025-11-07,5,7,140.0
ACYA2025,Sydney,2025-11-07,5,4,80.0
DIDIPAYS,Perth,2025-11-07,281,357,127.0
FRYFESTFISHER,Melbourne,2025-11-07,7,0,0.0
RIDEAU,Brisbane,2025-11-07,9,9,100.0
RIDEAU,Melbourne,2025-11-07,33,32,97.0
RIDEAU,Sydney,2025-11-07,36,23,63.9
STAKES,Melbourne,2025-11-07,132,0,0.0
ACYA2025,Melbourne,2025-11-08,10,9,90.0
ACYA2025,Sydney,2025-11-08,10,9,90.0
DIDIPAYS,Perth,2025-11-08,1193,637,53.4
FRYFEST,Melbourne,2025-11-08,9,0,0.0
FRYFESTFISHER,Melbourne,2025-11-08,38,0,0.0
HOPAU,Brisbane,2025-11-08,6,0,0.0
HOPAU,Melbourne,2025-11-08,14,0,0.0
HOPAU,Sydney,2025-11-08,5,0,0.0
STAKES,Melbourne,2025-11-08,3671,1605,43.7
ACYA2025,Melbourne,2025-11-09,8,14,175.0
DIDIPAYS,Perth,2025-11-09,800,665,83.1
FRYFEST,Melbourne,2025-11-09,48,0,0.0
HOPAU,Adelaide,2025-11-09,6,3,50.0
HOPAU,Brisbane,2025-11-09,8,8,100.0
HOPAU,Melbourne,2025-11-09,49,32,65.3
HOPAU,Perth,2025-11-09,5,1,20.0
HOPAU,Sydney,2025-11-09,51,24,47.1
ACYA2025,Melbourne,2025-11-10,15,13,86.7
ACYA2025,RoANZ,2025-11-10,5,0,0.0
ACYA2025,Sydney,2025-11-10,11,8,72.7
DIDIPAYS,Perth,2025-11-10,1030,719,69.8
HOPAU,Brisbane,2025-11-10,15,8,53.3
HOPAU,Melbourne,2025-11-10,43,28,65.1
HOPAU,RoANZ,2025-11-10,5,4,80.0
HOPAU,Sydney,2025-11-10,45,30,66.7
ACYA2025,Melbourne,2025-11-11,8,10,125.0
ACYA2025,Sydney,2025-11-11,12,11,91.7
DIDIPAYS,Perth,2025-11-11,966,635,65.7
HOPAU,Brisbane,2025-11-11,8,7,87.5
HOPAU,Melbourne,2025-11-11,42,40,95.2
HOPAU,RoANZ,2025-11-11,6,4,66.7
HOPAU,Sydney,2025-11-11,35,25,71.4
ACYA2025,Brisbane,2025-11-12,6,8,133.3
ACYA2025,Melbourne,2025-11-12,8,7,87.5
ACYA2025,Sydney,2025-11-12,6,13,216.7
DIDIPAYS,Perth,2025-11-12,829,781,94.2
HOPAU,Brisbane,2025-11-12,7,5,71.4
HOPAU,Melbourne,2025-11-12,35,27,77.1
HOPAU,Sydney,2025-11-12,44,36,81.8
SAVED,Adelaide,2025-11-12,14,0,0.0
SAVED,Brisbane,2025-11-12,359,47,13.1
SAVED,Melbourne,2025-11-12,92,5,5.4
SAVED,Perth,2025-11-12,30,6,20.0
SAVED,RoANZ,2025-11-12,98,8,8.2
SAVED,Sydney,2025-11-12,911,176,19.3
ACYA2025,Melbourne,2025-11-13,8,15,187.5
ACYA2025,Perth,2025-11-13,5,5,100.0
DIDIPAYS,Perth,2025-11-13,866,787,90.9
HOPAU,Adelaide,2025-11-13,5,1,20.0
HOPAU,Melbourne,2025-11-13,30,23,76.7
HOPAU,Sydney,2025-11-13,39,38,97.4
SAVED,Adelaide,2025-11-13,26,9,34.6
SAVED,Brisbane,2025-11-13,604,238,39.4
SAVED,Melbourne,2025-11-13,159,50,31.4
SAVED,Perth,2025-11-13,50,13,26.0
SAVED,RoANZ,2025-11-13,175,55,31.4
SAVED,Sydney,2025-11-13,1755,833,47.5
ACYA2025,Melbourne,2025-11-14,8,8,100.0
ACYA2025,Sydney,2025-11-14,5,8,160.0
DIDIPAYS,Perth,2025-11-14,16,652,4075.0
GOAU,Sydney,2025-11-14,8,0,0.0
HOPAU,Melbourne,2025-11-14,15,17,113.3
HOPAU,Sydney,2025-11-14,13,17,130.8
SAVED,Adelaide,2025-11-14,24,7,29.2
SAVED,Brisbane,2025-11-14,359,276,76.9
SAVED,Melbourne,2025-11-14,126,61,48.4
SAVED,Perth,2025-11-14,54,22,40.7
SAVED,RoANZ,2025-11-14,141,93,66.0
SAVED,Sydney,2025-11-14,1996,1196,59.9
ACYA2025,Melbourne,2025-11-15,7,6,85.7
ACYA2025,Sydney,2025-11-15,5,7,140.0
GOAU,Brisbane,2025-11-15,13,4,30.8
GOAU,Melbourne,2025-11-15,44,18,40.9
GOAU,Perth,2025-11-15,9,1,11.1
GOAU,Sydney,2025-11-15,41,18,43.9
SAVED,Adelaide,2025-11-15,9,9,100.0
SAVED,Brisbane,2025-11-15,245,252,102.9
SAVED,Melbourne,2025-11-15,64,64,100.0
SAVED,Perth,2025-11-15,17,33,194.1
SAVED,RoANZ,2025-11-15,91,75,82.4
SAVED,Sydney,2025-11-15,1685,1683,99.9
ACYA2025,Melbourne,2025-11-16,5,7,140.0
GOAU,Adelaide,2025-11-16,5,1,20.0
GOAU,Melbourne,2025-11-16,27,18,66.7
GOAU,Perth,2025-11-16,7,4,57.1
GOAU,RoANZ,2025-11-16,6,4,66.7
GOAU,Sydney,2025-11-16,32,23,71.9
SAVED,Brisbane,2025-11-16,145,157,108.3
SAVED,Melbourne,2025-11-16,15,42,280.0
SAVED,Perth,2025-11-16,7,22,314.3
SAVED,RoANZ,2025-11-16,38,55,144.7
SAVED,Sydney,2025-11-16,668,998,149.4
ACYA2025,Melbourne,2025-11-17,7,8,114.3
GOAU,Adelaide,2025-11-17,5,4,80.0
GOAU,Melbourne,2025-11-17,33,27,81.8
GOAU,Perth,2025-11-17,8,8,100.0
GOAU,Sydney,2025-11-17,50,33,66.0
ACYA2025,Melbourne,2025-11-18,7,6,85.7
ACYA2025,Sydney,2025-11-18,8,8,100.0
DIDIPAYS,Perth,2025-11-18,573,267,46.6
GOAU,Melbourne,2025-11-18,34,24,70.6
GOAU,Perth,2025-11-18,5,4,80.0
GOAU,RoANZ,2025-11-18,5,1,20.0
GOAU,Sydney,2025-11-18,34,35,102.9
ACYA2025,Sydney,2025-11-19,12,10,83.3
DIDIPAYS,Perth,2025-11-19,1323,874,66.1
GOAU,Brisbane,2025-11-19,9,7,77.8
GOAU,Melbourne,2025-11-19,24,15,62.5
GOAU,Perth,2025-11-19,7,6,85.7
GOAU,Sydney,2025-11-19,51,35,68.6
ACYA2025,Brisbane,2025-11-20,5,6,120.0
ACYA2025,Melbourne,2025-11-20,5,4,80.0
DIDIPAYS,Perth,2025-11-20,1002,657,65.6
GOAU,Brisbane,2025-11-20,8,7,87.5
GOAU,Melbourne,2025-11-20,18,17,94.4
GOAU,RoANZ,2025-11-20,7,3,42.9
GOAU,Sydney,2025-11-20,26,27,103.8
KICKON,Sydney,2025-11-20,8,5,62.5
ACYA2025,Brisbane,2025-11-21,5,10,200.0
ACYA2025,Melbourne,2025-11-21,6,6,100.0
ACYA2025,RoANZ,2025-11-21,6,5,83.3
ACYA2025,Sydney,2025-11-21,9,8,88.9
DIDIPAYS,Perth,2025-11-21,1286,805,62.6
GOAU,Melbourne,2025-11-21,29,16,55.2
GOAU,Sydney,2025-11-21,39,33,84.6
RELAXAU,Sydney,2025-11-21,10,0,0.0
ACYA2025,Brisbane,2025-11-22,5,5,100.0
ACYA2025,Melbourne,2025-11-22,5,7,140.0
ACYA2025,Sydney,2025-11-22,12,14,116.7
DIDIPAYS,Perth,2025-11-22,1091,710,65.1
KICKON,Sydney,2025-11-22,5,5,100.0
RELAXAU,Adelaide,2025-11-22,6,5,83.3
RELAXAU,Brisbane,2025-11-22,18,9,50.0
RELAXAU,Melbourne,2025-11-22,37,19,51.4
RELAXAU,Perth,2025-11-22,10,2,20.0
RELAXAU,RoANZ,2025-11-22,7,2,28.6
RELAXAU,Sydney,2025-11-22,73,32,43.8
ACYA2025,Melbourne,2025-11-23,12,7,58.3
ACYA2025,Sydney,2025-11-23,9,8,88.9
DIDIPAYS,Perth,2025-11-23,658,652,99.1
RELAXAU,Brisbane,2025-11-23,8,6,75.0
RELAXAU,Melbourne,2025-11-23,36,20,55.6
RELAXAU,Sydney,2025-11-23,52,38,73.1
ACYA2025,Melbourne,2025-11-24,20,5,25.0
ACYA2025,Perth,2025-11-24,5,7,140.0
ACYA2025,Sydney,2025-11-24,7,6,85.7
DIDIPAYS,Perth,2025-11-24,459,589,128.3
RELAXAU,Adelaide,2025-11-24,5,3,60.0
RELAXAU,Brisbane,2025-11-24,6,4,66.7
RELAXAU,Melbourne,2025-11-24,32,17,53.1
RELAXAU,Perth,2025-11-24,12,5,41.7
RELAXAU,Sydney,2025-11-24,61,42,68.9
ACYA2025,Melbourne,2025-11-25,5,7,140.0
DIDIPAYS,Perth,2025-11-25,1184,721,60.9
RELAXAU,Adelaide,2025-11-25,5,5,100.0
RELAXAU,Melbourne,2025-11-25,30,16,53.3
RELAXAU,Perth,2025-11-25,13,10,76.9
RELAXAU,Sydney,2025-11-25,43,38,88.4
ACYA2025,Melbourne,2025-11-26,6,13,216.7
ACYA2025,Sydney,2025-11-26,8,11,137.5
DIDININE,Melbourne,2025-11-26,8,1,12.5
DIDININE,Perth,2025-11-26,5,0,0.0
DIDININE,Sydney,2025-11-26,13,1,7.7
DIDIPAYS,Perth,2025-11-26,1030,736,71.5
RELAXAU,Brisbane,2025-11-26,16,7,43.8
RELAXAU,Melbourne,2025-11-26,24,17,70.8
RELAXAU,Perth,2025-11-26,14,5,35.7
RELAXAU,Sydney,2025-11-26,61,42,68.9
ACYA2025,Brisbane,2025-11-27,7,6,85.7
ACYA2025,Melbourne,2025-11-27,7,3,42.9
ACYA2025,Sydney,2025-11-27,18,16,88.9
DIDININE,Adelaide,2025-11-27,5,1,20.0
DIDININE,Brisbane,2025-11-27,7,0,0.0
DIDININE,Melbourne,2025-11-27,23,2,8.7
DIDININE,Perth,2025-11-27,10,1,10.0
DIDININE,RoANZ,2025-11-27,6,2,33.3
DIDININE,Sydney,2025-11-27,22,9,40.9
DIDIPAYS,Perth,2025-11-27,972,784,80.7
RELAXAU,Brisbane,2025-11-27,6,6,100.0
RELAXAU,Melbourne,2025-11-27,35,33,94.3
RELAXAU,Perth,2025-11-27,8,6,75.0
RELAXAU,Sydney,2025-11-27,39,32,82.1
ACYA2025,Brisbane,2025-11-28,6,9,150.0
ACYA2025,Melbourne,2025-11-28,8,12,150.0
ACYA2025,Perth,2025-11-28,6,3,50.0
ACYA2025,Sydney,2025-11-28,7,12,171.4
DIDININE,Adelaide,2025-11-28,8,3,37.5
DIDININE,Brisbane,2025-11-28,13,2,15.4
DIDININE,Melbourne,2025-11-28,30,10,33.3
DIDININE,Perth,2025-11-28,11,0,0.0
DIDININE,RoANZ,2025-11-28,8,0,0.0
DIDININE,Sydney,2025-11-28,25,9,36.0
DIDIPAYS,Perth,2025-11-28,1526,1056,69.2
RELAXAU,Adelaide,2025-11-28,7,5,71.4
RELAXAU,Melbourne,2025-11-28,28,19,67.9
RELAXAU,Perth,2025-11-28,9,9,100.0
RELAXAU,Sydney,2025-11-28,39,47,120.5
ACYA2025,Brisbane,2025-11-29,5,7,140.0
ACYA2025,Melbourne,2025-11-29,5,9,180.0
ACYA2025,Sydney,2025-11-29,7,12,171.4
DIDININE,Adelaide,2025-11-29,12,5,41.7
DIDININE,Brisbane,2025-11-29,12,7,58.3
DIDININE,Melbourne,2025-11-29,41,19,46.3
DIDININE,Perth,2025-11-29,10,0,0.0
DIDININE,RoANZ,2025-11-29,8,2,25.0
DIDININE,Sydney,2025-11-29,30,12,40.0
DIDIPAYS,Perth,2025-11-29,1146,1091,95.2
HAPPYAU,Brisbane,2025-11-29,13,2,15.4
HAPPYAU,Melbourne,2025-11-29,16,2,12.5
HAPPYAU,Sydney,2025-11-29,24,4,16.7
ACYA2025,Melbourne,2025-11-30,11,9,81.8
ACYA2025,Sydney,2025-11-30,9,6,66.7
DIDININE,Brisbane,2025-11-30,6,5,83.3
DIDININE,Melbourne,2025-11-30,22,12,54.5
DIDININE,Perth,2025-11-30,5,1,20.0
DIDININE,Sydney,2025-11-30,21,12,57.1
DIDIPAYS,Perth,2025-11-30,770,913,118.6
HAPPYAU,Adelaide,2025-11-30,7,5,71.4
HAPPYAU,Brisbane,2025-11-30,15,7,46.7
HAPPYAU,Melbourne,2025-11-30,44,21,47.7
HAPPYAU,Perth,2025-11-30,7,1,14.3
HAPPYAU,Sydney,2025-11-30,66,35,53.0
ACYA2025,Melbourne,2025-12-01,13,15,115.4
ACYA2025,Sydney,2025-12-01,8,11,137.5
DIDININE,Brisbane,2025-12-01,6,1,16.7
DIDININE,Melbourne,2025-12-01,33,12,36.4
DIDININE,Perth,2025-12-01,6,1,16.7
DIDININE,Sydney,2025-12-01,17,10,58.8
DIDIPAYS,Perth,2025-12-01,533,696,130.6
HAPPYAU,Adelaide,2025-12-01,5,4,80.0
HAPPYAU,Brisbane,2025-12-01,9,5,55.6
HAPPYAU,Melbourne,2025-12-01,41,23,56.1
HAPPYAU,Perth,2025-12-01,9,5,55.6
HAPPYAU,Sydney,2025-12-01,58,37,63.8
ACYA2025,Melbourne,2025-12-02,5,10,200.0
ACYA2025,Sydney,2025-12-02,17,14,82.4
DIDININE,Brisbane,2025-12-02,9,3,33.3
DIDININE,Melbourne,2025-12-02,20,6,30.0
DIDININE,Perth,2025-12-02,9,4,44.4
DIDININE,Sydney,2025-12-02,26,8,30.8
DIDIPAYS,Perth,2025-12-02,723,702,97.1
HAPPYAU,Melbourne,2025-12-02,25,23,92.0
HAPPYAU,Perth,2025-12-02,20,4,20.0
HAPPYAU,RoANZ,2025-12-02,7,4,57.1
HAPPYAU,Sydney,2025-12-02,63,51,81.0
ACYA2025,Melbourne,2025-12-03,12,9,75.0
ACYA2025,Sydney,2025-12-03,8,15,187.5
DIDININE,Brisbane,2025-12-03,8,4,50.0
DIDININE,Melbourne,2025-12-03,29,7,24.1
DIDININE,Perth,2025-12-03,8,0,0.0
DIDININE,RoANZ,2025-12-03,8,3,37.5
DIDININE,Sydney,2025-12-03,21,7,33.3
DIDIPAYS,Perth,2025-12-03,1006,891,88.6
HAPPYAU,Adelaide,2025-12-03,5,5,100.0
HAPPYAU,Brisbane,2025-12-03,7,4,57.1
HAPPYAU,Melbourne,2025-12-03,31,16,51.6
HAPPYAU,Sydney,2025-12-03,41,35,85.4
ACYA2025,Melbourne,2025-12-04,14,18,128.6
ACYA2025,Sydney,2025-12-04,8,12,150.0
DIDININE,Brisbane,2025-12-04,6,3,50.0
DIDININE,Melbourne,2025-12-04,32,9,28.1
DIDININE,Perth,2025-12-04,10,1,10.0
DIDININE,RoANZ,2025-12-04,6,2,33.3
DIDININE,Sydney,2025-12-04,25,9,36.0
DIDIPAYS,Perth,2025-12-04,1198,948,79.1
HAPPYAU,Brisbane,2025-12-04,8,4,50.0
HAPPYAU,Melbourne,2025-12-04,33,24,72.7
HAPPYAU,Sydney,2025-12-04,47,40,85.1
ACYA2025,Adelaide,2025-12-05,6,4,66.7
ACYA2025,Brisbane,2025-12-05,5,5,100.0
ACYA2025,Melbourne,2025-12-05,19,17,89.5
ACYA2025,Sydney,2025-12-05,16,23,143.8
CSAUNSWOFFER,Sydney,2025-12-05,67,12,17.9
DIDININE,Adelaide,2025-12-05,6,1,16.7
DIDININE,Brisbane,2025-12-05,6,1,16.7
DIDININE,Melbourne,2025-12-05,39,14,35.9
DIDININE,Perth,2025-12-05,7,4,57.1
DIDININE,RoANZ,2025-12-05,5,1,20.0
DIDININE,Sydney,2025-12-05,42,18,42.9
DIDIPAYS,Perth,2025-12-05,1474,1268,86.0
HAPPYAU,Brisbane,2025-12-05,9,6,66.7
HAPPYAU,Melbourne,2025-12-05,32,27,84.4
HAPPYAU,Perth,2025-12-05,8,6,75.0
HAPPYAU,Sydney,2025-12-05,51,37,72.5
ACYA2025,Melbourne,2025-12-06,22,21,95.5
ACYA2025,Perth,2025-12-06,5,6,120.0
ACYA2025,Sydney,2025-12-06,16,27,168.8
CSAUNSWOFFER,Sydney,2025-12-06,5,10,200.0
DIDININE,Adelaide,2025-12-06,5,1,20.0
DIDININE,Brisbane,2025-12-06,9,1,11.1
DIDININE,Melbourne,2025-12-06,24,12,50.0
DIDININE,Perth,2025-12-06,8,5,62.5
DIDININE,Sydney,2025-12-06,25,24,96.0
DIDIPAYS,Perth,2025-12-06,1310,1582,120.8
SAFEAU,Melbourne,2025-12-06,6,0,0.0
ACYA2025,Melbourne,2025-12-07,16,20,125.0
ACYA2025,Perth,2025-12-07,5,11,220.0
ACYA2025,Sydney,2025-12-07,7,16,228.6
CSAUNSWOFFER,Sydney,2025-12-07,9,10,111.1
DIDININE,Brisbane,2025-12-07,5,4,80.0
DIDININE,Melbourne,2025-12-07,14,5,35.7
DIDININE,Perth,2025-12-07,11,6,54.5
DIDININE,Sydney,2025-12-07,16,14,87.5
DIDIPAYS,Perth,2025-12-07,947,1430,151.0
SAFEAU,Brisbane,2025-12-07,14,4,28.6
SAFEAU,Melbourne,2025-12-07,52,23,44.2
SAFEAU,Perth,2025-12-07,7,4,57.1
SAFEAU,RoANZ,2025-12-07,8,4,50.0
SAFEAU,Sydney,2025-12-07,45,17,37.8
ACYA2025,Brisbane,2025-12-08,6,5,83.3
ACYA2025,Melbourne,2025-12-08,12,15,125.0
ACYA2025,Sydney,2025-12-08,9,12,133.3
CSAUNSWOFFER,Sydney,2025-12-08,9,11,122.2
DIDININE,Adelaide,2025-12-08,5,1,20.0
DIDININE,Brisbane,2025-12-08,14,9,64.3
DIDININE,Melbourne,2025-12-08,16,11,68.8
DIDININE,Perth,2025-12-08,8,3,37.5
DIDININE,Sydney,2025-12-08,27,18,66.7
DIDIPAYS,Perth,2025-12-08,818,925,113.1
SAFEAU,Brisbane,2025-12-08,14,8,57.1
SAFEAU,Melbourne,2025-12-08,31,20,64.5
SAFEAU,Perth,2025-12-08,10,5,50.0
SAFEAU,Sydney,2025-12-08,47,27,57.4
ACYA2025,Brisbane,2025-12-09,5,6,120.0
ACYA2025,Melbourne,2025-12-09,13,20,153.8
ACYA2025,Sydney,2025-12-09,12,17,141.7
CSAUNSWOFFER,Sydney,2025-12-09,6,21,350.0
DIDININE,Brisbane,2025-12-09,9,3,33.3
DIDININE,Melbourne,2025-12-09,12,17,141.7
DIDININE,RoANZ,2025-12-09,7,1,14.3
DIDININE,Sydney,2025-12-09,24,18,75.0
DIDIPAYS,Perth,2025-12-09,586,687,117.2
SAFEAU,Brisbane,2025-12-09,9,6,66.7
SAFEAU,Melbourne,2025-12-09,25,27,108.0
SAFEAU,Perth,2025-12-09,7,5,71.4
SAFEAU,RoANZ,2025-12-09,6,6,100.0
SAFEAU,Sydney,2025-12-09,47,38,80.9
ACYA2025,Melbourne,2025-12-10,11,11,100.0
ACYA2025,Perth,2025-12-10,5,5,100.0
ACYA2025,Sydney,2025-12-10,7,16,228.6
CSAUNSWOFFER,Sydney,2025-12-10,38,21,55.3
DIDININE,Melbourne,2025-12-10,8,3,37.5
DIDININE,Perth,2025-12-10,10,4,40.0
DIDININE,Sydney,2025-12-10,20,19,95.0
DIDIPAYS,Perth,2025-12-10,415,570,137.3
SAFEAU,Melbourne,2025-12-10,30,21,70.0
SAFEAU,RoANZ,2025-12-10,5,1,20.0
SAFEAU,Sydney,2025-12-10,49,26,53.1
ACYA2025,Melbourne,2025-12-11,9,10,111.1
ACYA2025,Sydney,2025-12-11,6,10,166.7
CSAUNSWOFFER,Sydney,2025-12-11,28,17,60.7
DIDININE,Brisbane,2025-12-11,6,2,33.3
DIDININE,Melbourne,2025-12-11,12,2,16.7
DIDININE,Perth,2025-12-11,8,3,37.5
DIDININE,Sydney,2025-12-11,16,15,93.8
DIDIPAYS,Perth,2025-12-11,1125,759,67.5
SAFEAU,Melbourne,2025-12-11,28,24,85.7
SAFEAU,RoANZ,2025-12-11,5,3,60.0
SAFEAU,Sydney,2025-12-11,38,30,78.9
ACYA2025,Melbourne,2025-12-12,11,13,118.2
ACYA2025,Sydney,2025-12-12,10,10,100.0
CSAUNSWOFFER,Sydney,2025-12-12,16,29,181.3
DIDININE,Adelaide,2025-12-12,9,2,22.2
DIDININE,Brisbane,2025-12-12,5,3,60.0
DIDININE,Melbourne,2025-12-12,23,6,26.1
DIDININE,RoANZ,2025-12-12,9,2,22.2
DIDININE,Sydney,2025-12-12,32,19,59.4
DIDIPAYS,Perth,2025-12-12,1426,1150,80.6
SAFEAU,Brisbane,2025-12-12,5,5,100.0
SAFEAU,Melbourne,2025-12-12,33,18,54.5
SAFEAU,Perth,2025-12-12,5,0,0.0
SAFEAU,Sydney,2025-12-12,31,32,103.2
ACYA2025,Adelaide,2025-12-13,6,4,66.7
ACYA2025,Brisbane,2025-12-13,6,10,166.7
ACYA2025,Melbourne,2025-12-13,9,16,177.8
ACYA2025,Sydney,2025-12-13,12,26,216.7
CSAUNSWOFFER,Sydney,2025-12-13,11,21,190.9
DIDININE,Adelaide,2025-12-13,8,3,37.5
DIDININE,Brisbane,2025-12-13,5,2,40.0
DIDININE,Melbourne,2025-12-13,21,6,28.6
DIDININE,Perth,2025-12-13,5,2,40.0
DIDININE,Sydney,2025-12-13,17,19,111.8
DIDIPAYS,Perth,2025-12-13,974,975,100.1
ZIPAU,Melbourne,2025-12-13,8,0,0.0
CSAUNSWOFFER,Sydney,2025-12-14,7,13,185.7
DIDININE,Brisbane,2025-12-14,7,5,71.4
DIDININE,Perth,2025-12-14,6,0,0.0
DIDININE,Sydney,2025-12-14,11,8,72.7
DIDIPAYS,Perth,2025-12-14,591,698,118.1
ZIPAU,Adelaide,2025-12-14,9,6,66.7
ZIPAU,Brisbane,2025-12-14,13,6,46.2
ZIPAU,Melbourne,2025-12-14,37,17,45.9
ZIPAU,RoANZ,2025-12-14,6,3,50.0
ZIPAU,Sydney,2025-12-14,53,19,35.8
ACYA2025,Melbourne,2025-12-15,5,12,240.0
CSAUNSWOFFER,Sydney,2025-12-15,7,19,271.4
DIDININE,Melbourne,2025-12-15,7,3,42.9
DIDININE,Sydney,2025-12-15,24,17,70.8
DIDIPAYS,Perth,2025-12-15,436,578,132.6
ZIPAU,Melbourne,2025-12-15,35,20,57.1
ZIPAU,Perth,2025-12-15,9,5,55.6
ZIPAU,Sydney,2025-12-15,50,33,66.0
ACYA2025,Adelaide,2025-12-16,7,5,71.4
ACYA2025,Melbourne,2025-12-16,6,13,216.7
ACYA2025,RoANZ,2025-12-16,5,4,80.0
ACYA2025,Sydney,2025-12-16,12,15,125.0
DIDININE,Adelaide,2025-12-16,5,3,60.0
DIDININE,Melbourne,2025-12-16,10,5,50.0
DIDININE,RoANZ,2025-12-16,5,0,0.0
DIDININE,Sydney,2025-12-16,20,15,75.0
DIDIPAYS,Perth,2025-12-16,435,512,117.7
ZIPAU,Melbourne,2025-12-16,29,16,55.2
ZIPAU,Perth,2025-12-16,6,8,133.3
ZIPAU,Sydney,2025-12-16,31,30,96.8
ACYA2025,Melbourne,2025-12-17,10,11,110.0
ACYA2025,Perth,2025-12-17,6,5,83.3
DIDININE,Brisbane,2025-12-17,5,2,40.0
DIDININE,Melbourne,2025-12-17,9,6,66.7
DIDININE,Perth,2025-12-17,5,2,40.0
DIDININE,Sydney,2025-12-17,18,11,61.1
DIDIPAYS,Perth,2025-12-17,507,777,153.3
ZIPAU,Adelaide,2025-12-17,6,5,83.3
ZIPAU,Melbourne,2025-12-17,32,28,87.5
ZIPAU,Sydney,2025-12-17,22,28,127.3
ACYA2025,Melbourne,2025-12-18,25,19,76.0
ACYA2025,Sydney,2025-12-18,10,9,90.0
DIDININE,Brisbane,2025-12-18,5,1,20.0
DIDININE,Melbourne,2025-12-18,20,3,15.0
DIDININE,Perth,2025-12-18,7,1,14.3
DIDININE,RoANZ,2025-12-18,5,2,40.0
DIDININE,Sydney,2025-12-18,32,11,34.4
DIDIPAYS,Perth,2025-12-18,681,1079,158.4
ZIPAU,Adelaide,2025-12-18,5,4,80.0
ZIPAU,Brisbane,2025-12-18,5,2,40.0
ZIPAU,Melbourne,2025-12-18,24,21,87.5
ZIPAU,Sydney,2025-12-18,25,16,64.0
ACYA2025,Brisbane,2025-12-19,5,3,60.0
ACYA2025,Melbourne,2025-12-19,9,23,255.6
ACYA2025,Sydney,2025-12-19,5,17,340.0
DIDININE,Adelaide,2025-12-19,5,1,20.0
DIDININE,Brisbane,2025-12-19,8,4,50.0
DIDININE,Melbourne,2025-12-19,9,9,100.0
DIDININE,Sydney,2025-12-19,18,12,66.7
DIDIPAYS,Perth,2025-12-19,836,1055,126.2
ZIPAU,Brisbane,2025-12-19,6,1,16.7
ZIPAU,Melbourne,2025-12-19,18,16,88.9
ZIPAU,Perth,2025-12-19,7,3,42.9
ZIPAU,Sydney,2025-12-19,23,22,95.7
ACYA2025,Melbourne,2025-12-20,8,14,175.0
ACYA2025,Perth,2025-12-20,6,8,133.3
ACYA2025,Sydney,2025-12-20,11,15,136.4
DIDININE,Sydney,2025-12-20,26,13,50.0
DIDIPAYS,Perth,2025-12-20,491,752,153.2
ACYA2025,Melbourne,2025-12-21,7,9,128.6
ACYA2025,Sydney,2025-12-21,7,8,114.3
DIDININE,Sydney,2025-12-21,11,9,81.8
DIDIPAYS,Perth,2025-12-21,335,505,150.7
ACYA2025,Sydney,2025-12-22,7,7,100.0
DIDININE,Sydney,2025-12-22,12,8,66.7
DIDIPAYS,Perth,2025-12-22,353,335,94.9
ACYA2025,RoANZ,2025-12-23,5,4,80.0
ACYA2025,Sydney,2025-12-23,5,8,160.0
DIDININE,Sydney,2025-12-23,21,9,42.9
DIDIPAYS,Perth,2025-12-23,339,363,107.1
ACYA2025,Melbourne,2025-12-24,10,13,130.0
ACYA2025,Perth,2025-12-24,5,6,120.0
ACYA2025,Sydney,2025-12-24,9,9,100.0
DIDININE,Melbourne,2025-12-24,6,5,83.3
DIDININE,Sydney,2025-12-24,23,12,52.2
DIDIPAYS,Perth,2025-12-24,167,379,226.9
ACYA2025,Melbourne,2025-12-25,5,11,220.0
ACYA2025,Perth,2025-12-25,5,7,140.0
ACYA2025,Sydney,2025-12-25,10,13,130.0
DIDININE,Sydney,2025-12-25,15,15,100.0
ACYA2025,Melbourne,2025-12-26,6,7,116.7
ACYA2025,Sydney,2025-12-26,11,12,109.1
DIDININE,Sydney,2025-12-26,20,12,60.0
ACYA2025,Melbourne,2025-12-27,8,15,187.5
ACYA2025,Perth,2025-12-27,6,4,66.7
ACYA2025,Sydney,2025-12-27,13,13,100.0
DIDININE,Sydney,2025-12-27,18,8,44.4
ACYA2025,Melbourne,2025-12-28,10,9,90.0
ACYA2025,Perth,2025-12-28,6,9,150.0
ACYA2025,Sydney,2025-12-28,12,20,166.7
DIDININE,Sydney,2025-12-28,11,8,72.7
ACYA2025,Brisbane,2025-12-29,11,8,72.7
ACYA2025,Melbourne,2025-12-29,8,10,125.0
ACYA2025,RoANZ,2025-12-29,5,3,60.0
ACYA2025,Sydney,2025-12-29,16,14,87.5
DIDININE,Brisbane,2025-12-29,6,2,33.3
DIDININE,Sydney,2025-12-29,8,4,50.0
ACYA2025,Brisbane,2025-12-30,5,7,140.0
ACYA2025,Melbourne,2025-12-30,13,6,46.2
ACYA2025,RoANZ,2025-12-30,7,6,85.7
ACYA2025,Sydney,2025-12-30,15,19,126.7
DIDININE,Melbourne,2025-12-30,8,0,0.0
DIDININE,Sydney,2025-12-30,8,3,37.5
DIDIPAYS,Perth,2025-12-30,90,66,73.3
ACYA2025,Brisbane,2025-12-31,8,8,100.0
ACYA2025,Melbourne,2025-12-31,13,16,123.1
ACYA2025,Perth,2025-12-31,5,10,200.0
ACYA2025,Sydney,2025-12-31,13,13,100.0
DIDIPAYS,Perth,2025-12-31,742,255,34.4
ACYA2025,Melbourne,2026-01-01,13,22,169.2
ACYA2025,Sydney,2026-01-01,7,21,300.0
DIDININE,Sydney,2026-01-01,13,1,7.7
DIDIPAYS,Perth,2026-01-01,314,319,101.6
ACYA2025,Brisbane,2026-01-02,7,6,85.7
ACYA2025,Melbourne,2026-01-02,10,12,120.0
ACYA2025,Perth,2026-01-02,7,13,185.7
ACYA2025,Sydney,2026-01-02,9,13,144.4
DIDININE,Perth,2026-01-02,5,0,0.0
DIDININE,Sydney,2026-01-02,15,6,40.0
DIDIPAYS,Perth,2026-01-02,180,125,69.4
ACYA2025,Brisbane,2026-01-03,6,5,83.3
ACYA2025,Melbourne,2026-01-03,6,15,250.0
ACYA2025,Sydney,2026-01-03,8,8,100.0
DIDININE,Sydney,2026-01-03,6,1,16.7
DIDIPAYS,Perth,2026-01-03,188,123,65.4
ACYA2025,Melbourne,2026-01-04,8,11,137.5
DIDININE,Brisbane,2026-01-04,6,2,33.3
DIDININE,Sydney,2026-01-04,5,4,80.0
DIDIPAYS,Perth,2026-01-04,124,102,82.3
ACYA2025,Melbourne,2026-01-05,7,9,128.6
ACYA2025,Sydney,2026-01-05,5,4,80.0
DIDININE,Melbourne,2026-01-05,5,0,0.0
DIDININE,Sydney,2026-01-05,8,2,25.0
DIDIPAYS,Perth,2026-01-05,810,262,32.3
DIDININE,Sydney,2026-01-06,7,6,85.7
DIDIPAYS,Perth,2026-01-06,683,263,38.5
ACYA2025,Melbourne,2026-01-07,9,7,77.8
ACYA2025,Sydney,2026-01-07,5,10,200.0
DIDININE,Sydney,2026-01-07,5,4,80.0
DIDIPAYS,Perth,2026-01-07,332,245,73.8
ACYA2025,Melbourne,2026-01-08,12,10,83.3
DIDININE,Sydney,2026-01-08,6,5,83.3
DIDIPAYS,Perth,2026-01-08,415,204,49.2
ACYA2025,Brisbane,2026-01-09,5,4,80.0
ACYA2025,Melbourne,2026-01-09,6,11,183.3
ACYA2025,Sydney,2026-01-09,5,7,140.0
DIDININE,Sydney,2026-01-09,7,4,57.1
DIDIPAYS,Perth,2026-01-09,983,382,38.9
ACYA2025,Sydney,2026-01-10,6,3,50.0
DIDININE,Sydney,2026-01-10,5,2,40.0
DIDIPAYS,Perth,2026-01-10,761,330,43.4
ACYA2025,Melbourne,2026-01-11,8,7,87.5
ACYA2025,Sydney,2026-01-11,5,9,180.0
DIDININE,Perth,2026-01-11,8,1,12.5
DIDIPAYS,Perth,2026-01-11,596,391,65.6
ACYA2025,Melbourne,2026-01-12,5,2,40.0
DIDIPAYS,Perth,2026-01-12,586,299,51.0
YESITENNIS,Melbourne,2026-01-12,202,26,12.9
YESITENNIS,RoANZ,2026-01-12,7,0,0.0
YESITENNIS,Sydney,2026-01-12,5,0,0.0
ACYA2025,Melbourne,2026-01-13,5,3,60.0
DIDIPAYS,Perth,2026-01-13,648,432,66.7
YESITENNIS,Melbourne,2026-01-13,254,37,14.6
YESITENNIS,RoANZ,2026-01-13,7,0,0.0
YESITENNIS,Sydney,2026-01-13,5,1,20.0
ACYA2025,Melbourne,2026-01-14,5,8,160.0
DIDININE,Brisbane,2026-01-14,5,2,40.0
DIDIPAYS,Perth,2026-01-14,596,334,56.0
YESIAO,Adelaide,2026-01-14,325,54,16.6
YESIAO,Brisbane,2026-01-14,470,99,21.1
YESIAO,RoANZ,2026-01-14,179,30,16.8
YESIAO,Sydney,2026-01-14,1658,393,23.7
YESITENNIS,Melbourne,2026-01-14,296,48,16.2
YESITENNIS,RoANZ,2026-01-14,13,0,0.0
ACYA2025,Melbourne,2026-01-15,5,4,80.0
DIDININE,Perth,2026-01-15,5,1,20.0
DIDININE,Sydney,2026-01-15,9,2,22.2
DIDIPAYS,Perth,2026-01-15,742,411,55.4
YESIAO,Adelaide,2026-01-15,841,327,38.9
YESIAO,Brisbane,2026-01-15,1237,510,41.2
YESIAO,RoANZ,2026-01-15,392,121,30.9
YESIAO,Sydney,2026-01-15,3054,1347,44.1
YESITENNIS,Melbourne,2026-01-15,322,60,18.6
YESITENNIS,RoANZ,2026-01-15,7,0,0.0
DIDININE,Brisbane,2026-01-16,5,2,40.0
DIDININE,Melbourne,2026-01-16,10,1,10.0
DIDININE,RoANZ,2026-01-16,5,0,0.0
DIDININE,Sydney,2026-01-16,6,2,33.3
DIDIPAYS,Perth,2026-01-16,939,422,44.9
YESIAO,Adelaide,2026-01-16,717,346,48.3
YESIAO,Brisbane,2026-01-16,1409,823,58.4
YESIAO,RoANZ,2026-01-16,334,143,42.8
YESIAO,Sydney,2026-01-16,2757,1489,54.0
YESITENNIS,Melbourne,2026-01-16,315,49,15.6
YESITENNIS,RoANZ,2026-01-16,10,0,0.0
ACYA2026,Melbourne,2026-01-17,8,1,12.5
CSAUNSWOFFER,Melbourne,2026-01-17,6,3,50.0
DIDININE,Brisbane,2026-01-17,5,3,60.0
DIDININE,Melbourne,2026-01-17,6,2,33.3
DIDININE,Perth,2026-01-17,6,1,16.7
DIDININE,Sydney,2026-01-17,5,2,40.0
DIDIPAYS,Perth,2026-01-17,725,391,53.9
YESIAO,Adelaide,2026-01-17,754,422,56.0
YESIAO,Brisbane,2026-01-17,1281,771,60.2
YESIAO,RoANZ,2026-01-17,313,134,42.8
YESIAO,Sydney,2026-01-17,3624,2091,57.7
YESITENNIS,Adelaide,2026-01-17,5,0,0.0
YESITENNIS,Brisbane,2026-01-17,5,0,0.0
YESITENNIS,Melbourne,2026-01-17,385,43,11.2
YESITENNIS,RoANZ,2026-01-17,11,0,0.0
YESITENNIS,Sydney,2026-01-17,10,0,0.0
CSAUNSWOFFER,Melbourne,2026-01-18,8,9,112.5
DIDININE,Melbourne,2026-01-18,8,2,25.0
DIDININE,Sydney,2026-01-18,7,6,85.7
DIDIPAYS,Perth,2026-01-18,521,355,68.1
YESIAO,Adelaide,2026-01-18,531,562,105.8
YESIAO,Brisbane,2026-01-18,936,668,71.4
YESIAO,RoANZ,2026-01-18,265,127,47.9
YESIAO,Sydney,2026-01-18,2099,1888,89.9
YESITENNIS,Brisbane,2026-01-18,5,0,0.0
YESITENNIS,Melbourne,2026-01-18,508,149,29.3
YESITENNIS,RoANZ,2026-01-18,12,2,16.7
YESITENNIS,Sydney,2026-01-18,8,1,12.5
DIDININE,Melbourne,2026-01-19,5,6,120.0
DIDININE,Sydney,2026-01-19,5,3,60.0
DIDIPAYS,Perth,2026-01-19,642,321,50.0
YESIAO,Adelaide,2026-01-19,540,566,104.8
YESIAO,Brisbane,2026-01-19,1171,1055,90.1
YESIAO,RoANZ,2026-01-19,291,180,61.9
YESIAO,Sydney,2026-01-19,2182,1926,88.3
YESITENNIS,Melbourne,2026-01-19,443,158,35.7
YESITENNIS,RoANZ,2026-01-19,10,1,10.0
YESITENNIS,Sydney,2026-01-19,13,2,15.4
CSAUNSWOFFER,Melbourne,2026-01-20,8,11,137.5
DIDIPAYS,Perth,2026-01-20,661,338,51.1
YESIAO,Adelaide,2026-01-20,513,447,87.1
YESIAO,Brisbane,2026-01-20,1063,795,74.8
YESIAO,RoANZ,2026-01-20,262,152,58.0
YESIAO,Sydney,2026-01-20,1926,1756,91.2
YESITENNIS,Melbourne,2026-01-20,418,139,33.3
YESITENNIS,RoANZ,2026-01-20,10,2,20.0
YESITENNIS,Sydney,2026-01-20,10,1,10.0
DIDININE,Melbourne,2026-01-21,6,3,50.0
DIDIPAYS,Perth,2026-01-21,646,359,55.6
YESIAO,Adelaide,2026-01-21,477,446,93.5
YESIAO,Brisbane,2026-01-21,961,753,78.4
YESIAO,RoANZ,2026-01-21,248,153,61.7
YESIAO,Sydney,2026-01-21,2026,1733,85.5
YESITENNIS,Brisbane,2026-01-21,6,0,0.0
YESITENNIS,Melbourne,2026-01-21,419,141,33.7
YESITENNIS,RoANZ,2026-01-21,13,1,7.7
DIDIPAYS,Perth,2026-01-22,790,377,47.7
YESIAO,Adelaide,2026-01-22,545,575,105.5
YESIAO,Brisbane,2026-01-22,1081,762,70.5
YESIAO,RoANZ,2026-01-22,259,157,60.6
YESIAO,Sydney,2026-01-22,2553,1727,67.6
YESITENNIS,Melbourne,2026-01-22,385,97,25.2
YESITENNIS,RoANZ,2026-01-22,9,2,22.2
DIDININE,Brisbane,2026-01-23,5,1,20.0
DIDININE,Melbourne,2026-01-23,10,2,20.0
DIDIPAYS,Perth,2026-01-23,935,380,40.6
YESIAO,Adelaide,2026-01-23,166,435,262.0
YESIAO,Brisbane,2026-01-23,485,854,176.1
YESIAO,RoANZ,2026-01-23,99,104,105.1
YESIAO,Sydney,2026-01-23,961,1152,119.9
YESITENNIS,Adelaide,2026-01-23,6,0,0.0
YESITENNIS,Brisbane,2026-01-23,11,0,0.0
YESITENNIS,Melbourne,2026-01-23,492,120,24.4
YESITENNIS,Perth,2026-01-23,6,0,0.0
YESITENNIS,RoANZ,2026-01-23,11,2,18.2
YESITENNIS,Sydney,2026-01-23,13,2,15.4
ACYA2025,Melbourne,2026-01-24,8,10,125.0
DIDIPAYS,Perth,2026-01-24,828,401,48.4
YESIAO,Brisbane,2026-01-24,69,507,734.8
YESIAO,RoANZ,2026-01-24,7,84,1200.0
YESIAO,Sydney,2026-01-24,91,1150,1263.7
YESITENNIS,Adelaide,2026-01-24,8,1,12.5
YESITENNIS,Brisbane,2026-01-24,7,0,0.0
YESITENNIS,Melbourne,2026-01-24,819,183,22.3
YESITENNIS,Perth,2026-01-24,9,1,11.1
YESITENNIS,RoANZ,2026-01-24,26,2,7.7
YESITENNIS,Sydney,2026-01-24,21,2,9.5
ACYA2025,Sydney,2026-01-25,6,8,133.3
DIDIPAYS,Perth,2026-01-25,652,383,58.7
YESIAO,Adelaide,2026-01-25,60,176,293.3
YESIAO,Brisbane,2026-01-25,44,285,647.7
YESIAO,RoANZ,2026-01-25,8,75,937.5
YESIAO,Sydney,2026-01-25,56,954,1703.6
YESITENNIS,Adelaide,2026-01-25,5,0,0.0
YESITENNIS,Brisbane,2026-01-25,12,0,0.0
YESITENNIS,Melbourne,2026-01-25,581,216,37.2
YESITENNIS,RoANZ,2026-01-25,16,0,0.0
YESITENNIS,Sydney,2026-01-25,25,3,12.0
DIDIPAYS,Perth,2026-01-26,608,353,58.1
YESIAO,Adelaide,2026-01-26,30,92,306.7
YESIAO,Brisbane,2026-01-26,12,159,1325.0
YESIAO,Sydney,2026-01-26,25,533,2132.0
YESITENNIS,Adelaide,2026-01-26,5,0,0.0
YESITENNIS,Brisbane,2026-01-26,7,0,0.0
YESITENNIS,Melbourne,2026-01-26,443,159,35.9
YESITENNIS,Perth,2026-01-26,6,0,0.0
YESITENNIS,RoANZ,2026-01-26,22,0,0.0
YESITENNIS,Sydney,2026-01-26,8,2,25.0
DIDIPAYS,Perth,2026-01-27,669,410,61.3
YESIAO,Adelaide,2026-01-27,383,285,74.4
YESIAO,Brisbane,2026-01-27,769,709,92.2
YESIAO,RoANZ,2026-01-27,182,80,44.0
YESIAO,Sydney,2026-01-27,1197,736,61.5
YESITENNIS,Brisbane,2026-01-27,11,0,0.0
YESITENNIS,Melbourne,2026-01-27,343,107,31.2
YESITENNIS,Perth,2026-01-27,10,0,0.0
YESITENNIS,RoANZ,2026-01-27,6,0,0.0
YESITENNIS,Sydney,2026-01-27,6,2,33.3
DIDIPAYS,Perth,2026-01-28,626,477,76.2
YESIAO,Adelaide,2026-01-28,552,390,70.7
YESIAO,Brisbane,2026-01-28,1085,678,62.5
YESIAO,RoANZ,2026-01-28,294,112,38.1
YESIAO,Sydney,2026-01-28,1958,1040,53.1
YESITENNIS,Melbourne,2026-01-28,308,93,30.2
YESITENNIS,RoANZ,2026-01-28,9,0,0.0
YESITENNIS,Sydney,2026-01-28,9,3,33.3
AONIGHTRIDE12N7603,Melbourne,2026-01-29,6,0,0.0
DIDIPAYS,Perth,2026-01-29,746,485,65.0
YESIAO,Adelaide,2026-01-29,473,361,76.3
YESIAO,Brisbane,2026-01-29,1023,985,96.3
YESIAO,RoANZ,2026-01-29,255,111,43.5
YESIAO,Sydney,2026-01-29,1857,912,49.1
YESITENNIS,Brisbane,2026-01-29,6,0,0.0
YESITENNIS,Melbourne,2026-01-29,2261,196,8.7
YESITENNIS,Perth,2026-01-29,6,0,0.0
YESITENNIS,RoANZ,2026-01-29,47,1,2.1
YESITENNIS,Sydney,2026-01-29,9,1,11.1
ACYA2025,Melbourne,2026-01-30,6,2,33.3
DIDININE,Brisbane,2026-01-30,5,3,60.0
DIDININE,Melbourne,2026-01-30,6,5,83.3
DIDIPAYS,Perth,2026-01-30,1059,579,54.7
YESIAO,Adelaide,2026-01-30,562,404,71.9
YESIAO,Brisbane,2026-01-30,1244,1026,82.5
YESIAO,RoANZ,2026-01-30,291,135,46.4
YESIAO,Sydney,2026-01-30,2304,1087,47.2
YESITENNIS,Melbourne,2026-01-30,202,109,54.0
DIDININE,Brisbane,2026-01-31,5,1,20.0
DIDININE,Melbourne,2026-01-31,5,4,80.0
DIDIPAYS,Perth,2026-01-31,902,578,64.1
YESIAO,Adelaide,2026-01-31,652,484,74.2
YESIAO,Brisbane,2026-01-31,1178,697,59.2
YESIAO,RoANZ,2026-01-31,279,156,55.9
YESIAO,Sydney,2026-01-31,3128,1554,49.7
DIDININE,Melbourne,2026-02-01,5,1,20.0
DIDIPAYS,Perth,2026-02-01,692,618,89.3
YESIAO,Adelaide,2026-02-01,377,406,107.7
YESIAO,Brisbane,2026-02-01,742,602,81.1
YESIAO,RoANZ,2026-02-01,197,143,72.6
YESIAO,Sydney,2026-02-01,1678,1281,76.3
DIDIPAYS,Perth,2026-02-02,823,555,67.4
ACYA2026,Melbourne,2026-02-03,6,1,16.7
DIDININE,Melbourne,2026-02-03,5,3,60.0
DIDIPAYS,Perth,2026-02-03,628,503,80.1
AUWECHATPAY,Melbourne,2026-02-04,6,0,0.0
DIDININE,Melbourne,2026-02-04,12,4,33.3
DIDININE,Perth,2026-02-04,5,1,20.0
DIDININE,RoANZ,2026-02-04,5,1,20.0
DIDIPAYS,Perth,2026-02-04,212,387,182.5
QUARTERBACK,Adelaide,2026-02-04,477,0,0.0
QUARTERBACK,Brisbane,2026-02-04,977,0,0.0
QUARTERBACK,Melbourne,2026-02-04,1649,0,0.0
QUARTERBACK,Perth,2026-02-04,1667,0,0.0
QUARTERBACK,RoANZ,2026-02-04,343,0,0.0
QUARTERBACK,Sydney,2026-02-04,1515,0,0.0
DIDININE,Melbourne,2026-02-05,7,4,57.1
DIDIPAYS,Perth,2026-02-05,47,317,674.5
MUMUS2026,Melbourne,2026-02-05,13,1,7.7
QUARTERBACK,Adelaide,2026-02-05,293,0,0.0
QUARTERBACK,Brisbane,2026-02-05,578,0,0.0
QUARTERBACK,Melbourne,2026-02-05,880,0,0.0
QUARTERBACK,Perth,2026-02-05,572,0,0.0
QUARTERBACK,RoANZ,2026-02-05,179,0,0.0
QUARTERBACK,Sydney,2026-02-05,866,0,0.0
ACYA2026,Melbourne,2026-02-06,7,2,28.6
DIDININE,Melbourne,2026-02-06,5,4,80.0
DIDIPAYS,Perth,2026-02-06,61,288,472.1
MUMUS2026,Melbourne,2026-02-06,16,5,31.3
QUARTERBACK,Adelaide,2026-02-06,619,0,0.0
QUARTERBACK,Brisbane,2026-02-06,960,0,0.0
QUARTERBACK,Melbourne,2026-02-06,2434,0,0.0
QUARTERBACK,Perth,2026-02-06,1774,0,0.0
QUARTERBACK,RoANZ,2026-02-06,434,0,0.0
QUARTERBACK,Sydney,2026-02-06,1866,0,0.0
DIDIPAYS,Perth,2026-02-07,51,193,378.4
QUARTERBACK,Adelaide,2026-02-07,737,0,0.0
QUARTERBACK,Brisbane,2026-02-07,1120,0,0.0
QUARTERBACK,Melbourne,2026-02-07,3332,0,0.0
QUARTERBACK,Perth,2026-02-07,2058,0,0.0
QUARTERBACK,RoANZ,2026-02-07,582,0,0.0
QUARTERBACK,Sydney,2026-02-07,3262,0,0.0
DIDIPAYS,Perth,2026-02-08,34,155,455.9
MUMUS2026,Melbourne,2026-02-08,7,7,100.0
QUARTERBACK,Adelaide,2026-02-08,486,0,0.0
QUARTERBACK,Brisbane,2026-02-08,780,0,0.0
QUARTERBACK,Melbourne,2026-02-08,2232,0,0.0
QUARTERBACK,Perth,2026-02-08,1311,0,0.0
QUARTERBACK,RoANZ,2026-02-08,386,0,0.0
QUARTERBACK,Sydney,2026-02-08,2356,0,0.0
AUWECHATPAY,Melbourne,2026-02-09,29,1,3.4
AUWECHATPAY,Perth,2026-02-09,6,0,0.0
AUWECHATPAY,Sydney,2026-02-09,12,1,8.3
DIDININE,Sydney,2026-02-09,7,3,42.9
DIDIPAYS,Perth,2026-02-09,43,97,225.6
QUARTERBACK,Adelaide,2026-02-09,611,946,154.8
QUARTERBACK,Brisbane,2026-02-09,1130,1642,145.3
QUARTERBACK,Melbourne,2026-02-09,3647,4011,110.0
QUARTERBACK,Perth,2026-02-09,1627,2298,141.2
QUARTERBACK,RoANZ,2026-02-09,520,515,99.0
QUARTERBACK,Sydney,2026-02-09,2615,3178,121.5
AUWECHATPAY,Melbourne,2026-02-10,75,3,4.0
AUWECHATPAY,Perth,2026-02-10,12,4,33.3
AUWECHATPAY,RoANZ,2026-02-10,6,0,0.0
AUWECHATPAY,Sydney,2026-02-10,40,6,15.0
DIDININE,Brisbane,2026-02-10,5,5,100.0
DIDIPAYS,Perth,2026-02-10,1276,411,32.2
AUWECHATPAY,Adelaide,2026-02-11,8,2,25.0
AUWECHATPAY,Brisbane,2026-02-11,13,3,23.1
AUWECHATPAY,Melbourne,2026-02-11,56,15,26.8
AUWECHATPAY,Perth,2026-02-11,21,2,9.5
AUWECHATPAY,RoANZ,2026-02-11,8,1,12.5
AUWECHATPAY,Sydney,2026-02-11,69,18,26.1
DIDIPAYS,Perth,2026-02-11,964,433,44.9
WELCOMEAU,Melbourne,2026-02-11,14,3,21.4
WELCOMEAU,Perth,2026-02-11,6,1,16.7
WELCOMEAU,Sydney,2026-02-11,27,6,22.2
ASIAOWEEKUWA,Perth,2026-02-12,5,0,0.0
AUWECHATPAY,Melbourne,2026-02-12,51,9,17.6
AUWECHATPAY,Perth,2026-02-12,13,3,23.1
AUWECHATPAY,Sydney,2026-02-12,37,14,37.8
DIDININE,Melbourne,2026-02-12,5,0,0.0
DIDININE,Sydney,2026-02-12,9,3,33.3
DIDIPAYS,Perth,2026-02-12,403,384,95.3
FORLOVE,Brisbane,2026-02-12,1258,478,38.0
FORLOVE,Melbourne,2026-02-12,2126,656,30.9
FORLOVE,Perth,2026-02-12,1758,345,19.6
FORLOVE,RoANZ,2026-02-12,410,117,28.5
FORLOVE,Sydney,2026-02-12,1837,609,33.2
LOVEADL,Adelaide,2026-02-12,175,9,5.1
WELCOMEAU,Melbourne,2026-02-12,17,8,47.1
WELCOMEAU,Perth,2026-02-12,7,1,14.3
WELCOMEAU,Sydney,2026-02-12,28,20,71.4
ASIAOWEEKUWA,Perth,2026-02-13,7,3,42.9
AUWECHATPAY,Brisbane,2026-02-13,5,2,40.0
AUWECHATPAY,Melbourne,2026-02-13,35,17,48.6
AUWECHATPAY,RoANZ,2026-02-13,8,3,37.5
AUWECHATPAY,Sydney,2026-02-13,16,8,50.0
DIDIPAYS,Perth,2026-02-13,42,247,588.1
FORLOVE,Brisbane,2026-02-13,2447,1743,71.2
FORLOVE,Melbourne,2026-02-13,5098,2477,48.6
FORLOVE,Perth,2026-02-13,3100,1105,35.6
FORLOVE,RoANZ,2026-02-13,818,349,42.7
FORLOVE,Sydney,2026-02-13,4150,2130,51.3
LOVEADL,Adelaide,2026-02-13,898,166,18.5
WELCOMEAU,Brisbane,2026-02-13,7,3,42.9
WELCOMEAU,Melbourne,2026-02-13,19,9,47.4
WELCOMEAU,Perth,2026-02-13,6,1,16.7
WELCOMEAU,RoANZ,2026-02-13,6,4,66.7
WELCOMEAU,Sydney,2026-02-13,103,16,15.5
AUWECHATPAY,Brisbane,2026-02-14,5,3,60.0
AUWECHATPAY,Melbourne,2026-02-14,39,16,41.0
AUWECHATPAY,Perth,2026-02-14,5,1,20.0
AUWECHATPAY,Sydney,2026-02-14,34,23,67.6
DIDININE,Melbourne,2026-02-14,5,3,60.0
DIDIPAYS,Perth,2026-02-14,35,152,434.3
FORLOVE,Brisbane,2026-02-14,2980,2220,74.5
FORLOVE,Melbourne,2026-02-14,7699,3704,48.1
FORLOVE,Perth,2026-02-14,3722,1332,35.8
FORLOVE,RoANZ,2026-02-14,1167,537,46.0
FORLOVE,Sydney,2026-02-14,6284,3394,54.0
LOVEADL,Adelaide,2026-02-14,916,143,15.6
WELCOMEAU,Melbourne,2026-02-14,29,8,27.6
WELCOMEAU,Perth,2026-02-14,10,4,40.0
WELCOMEAU,Sydney,2026-02-14,53,19,35.8
AUWECHATPAY,Melbourne,2026-02-15,27,19,70.4
AUWECHATPAY,RoANZ,2026-02-15,12,4,33.3
AUWECHATPAY,Sydney,2026-02-15,27,14,51.9
DIDININE,Brisbane,2026-02-15,6,1,16.7
DIDININE,Melbourne,2026-02-15,8,1,12.5
DIDININE,Sydney,2026-02-15,6,1,16.7
DIDIPAYS,Perth,2026-02-15,29,112,386.2
FORLOVE,Brisbane,2026-02-15,702,1316,187.5
FORLOVE,Melbourne,2026-02-15,1835,2608,142.1
FORLOVE,Perth,2026-02-15,930,1206,129.7
FORLOVE,RoANZ,2026-02-15,291,321,110.3
FORLOVE,Sydney,2026-02-15,1386,2193,158.2
LOVEADL,Adelaide,2026-02-15,457,180,39.4
WELCOMEAU,Brisbane,2026-02-15,6,2,33.3
WELCOMEAU,Melbourne,2026-02-15,34,17,50.0
WELCOMEAU,Perth,2026-02-15,5,6,120.0
WELCOMEAU,Sydney,2026-02-15,61,30,49.2
AUWECHATPAY,Brisbane,2026-02-16,9,2,22.2
AUWECHATPAY,Melbourne,2026-02-16,42,25,59.5
AUWECHATPAY,Perth,2026-02-16,8,6,75.0
AUWECHATPAY,RoANZ,2026-02-16,7,7,100.0
AUWECHATPAY,Sydney,2026-02-16,35,22,62.9
DIDININE,Sydney,2026-02-16,5,4,80.0
DIDIPAYS,Perth,2026-02-16,1187,496,41.8
WELCOMEAU,Brisbane,2026-02-16,7,6,85.7
WELCOMEAU,Melbourne,2026-02-16,29,24,82.8
WELCOMEAU,Perth,2026-02-16,9,7,77.8
WELCOMEAU,RoANZ,2026-02-16,7,2,28.6
WELCOMEAU,Sydney,2026-02-16,53,22,41.5
ASIAOWEEKUWA,Perth,2026-02-17,12,3,25.0
AUWECHATPAY,Adelaide,2026-02-17,11,0,0.0
AUWECHATPAY,Brisbane,2026-02-17,25,7,28.0
AUWECHATPAY,Melbourne,2026-02-17,93,31,33.3
AUWECHATPAY,Perth,2026-02-17,28,6,21.4
AUWECHATPAY,RoANZ,2026-02-17,5,4,80.0
AUWECHATPAY,Sydney,2026-02-17,89,30,33.7
DIDININE,Brisbane,2026-02-17,7,5,71.4
DIDININE,Melbourne,2026-02-17,8,5,62.5
DIDIPAYS,Perth,2026-02-17,985,565,57.4
WELCOMEAU,Melbourne,2026-02-17,36,19,52.8
WELCOMEAU,Perth,2026-02-17,5,4,80.0
WELCOMEAU,RoANZ,2026-02-17,10,4,40.0
WELCOMEAU,Sydney,2026-02-17,57,39,68.4
AUWECHATPAY,Adelaide,2026-02-18,17,2,11.8
AUWECHATPAY,Brisbane,2026-02-18,26,7,26.9
AUWECHATPAY,Melbourne,2026-02-18,109,54,49.5
AUWECHATPAY,Perth,2026-02-18,46,10,21.7
AUWECHATPAY,RoANZ,2026-02-18,14,4,28.6
AUWECHATPAY,Sydney,2026-02-18,139,57,41.0
DIDININE,Brisbane,2026-02-18,10,7,70.0
DIDININE,Perth,2026-02-18,7,1,14.3
DIDININE,Sydney,2026-02-18,7,1,14.3
DIDIPAYS,Perth,2026-02-18,879,579,65.9
WELCOMEAU,Adelaide,2026-02-18,5,5,100.0
WELCOMEAU,Brisbane,2026-02-18,6,3,50.0
WELCOMEAU,Melbourne,2026-02-18,33,29,87.9
WELCOMEAU,Perth,2026-02-18,5,4,80.0
WELCOMEAU,RoANZ,2026-02-18,9,5,55.6
WELCOMEAU,Sydney,2026-02-18,62,39,62.9
ACYA2026,Melbourne,2026-02-19,6,2,33.3
AUWECHATPAY,Adelaide,2026-02-19,16,4,25.0
AUWECHATPAY,Brisbane,2026-02-19,32,8,25.0
AUWECHATPAY,Melbourne,2026-02-19,106,57,53.8
AUWECHATPAY,Perth,2026-02-19,30,9,30.0
AUWECHATPAY,RoANZ,2026-02-19,19,2,10.5
AUWECHATPAY,Sydney,2026-02-19,140,61,43.6
DIDININE,Adelaide,2026-02-19,5,3,60.0
DIDININE,Melbourne,2026-02-19,10,6,60.0
DIDININE,Perth,2026-02-19,10,4,40.0
DIDININE,Sydney,2026-02-19,9,1,11.1
DIDIPAYS,Perth,2026-02-19,624,544,87.2
WELCOMEAU,Adelaide,2026-02-19,7,4,57.1
WELCOMEAU,Melbourne,2026-02-19,34,26,76.5
WELCOMEAU,Perth,2026-02-19,9,5,55.6
WELCOMEAU,RoANZ,2026-02-19,7,10,142.9
WELCOMEAU,Sydney,2026-02-19,65,35,53.8
ACYA2026,Melbourne,2026-02-20,6,5,83.3
ASIAOWEEKUWA,Perth,2026-02-20,9,10,111.1
AUWECHATPAY,Adelaide,2026-02-20,13,2,15.4
AUWECHATPAY,Brisbane,2026-02-20,35,14,40.0
AUWECHATPAY,Melbourne,2026-02-20,84,51,60.7
AUWECHATPAY,Perth,2026-02-20,26,9,34.6
AUWECHATPAY,RoANZ,2026-02-20,9,5,55.6
AUWECHATPAY,Sydney,2026-02-20,96,51,53.1
DIDININE,Melbourne,2026-02-20,5,1,20.0
DIDININE,Sydney,2026-02-20,7,5,71.4
DIDIPAYS,Perth,2026-02-20,1378,766,55.6
WELCOMEAU,Brisbane,2026-02-20,6,3,50.0
WELCOMEAU,Melbourne,2026-02-20,39,31,79.5
WELCOMEAU,Perth,2026-02-20,6,3,50.0
WELCOMEAU,RoANZ,2026-02-20,10,5,50.0
WELCOMEAU,Sydney,2026-02-20,58,36,62.1
ASIAOWEEKUWA,Perth,2026-02-21,6,5,83.3
AUWECHATPAY,Adelaide,2026-02-21,10,6,60.0
AUWECHATPAY,Brisbane,2026-02-21,35,16,45.7
AUWECHATPAY,Melbourne,2026-02-21,69,36,52.2
AUWECHATPAY,Perth,2026-02-21,32,5,15.6
AUWECHATPAY,RoANZ,2026-02-21,6,8,133.3
AUWECHATPAY,Sydney,2026-02-21,152,65,42.8
DIDININE,Brisbane,2026-02-21,5,1,20.0
DIDININE,Perth,2026-02-21,5,1,20.0
DIDIPAYS,Perth,2026-02-21,1139,739,64.9
MUMUS2026,Melbourne,2026-02-21,6,9,150.0
WELCOMEAU,Brisbane,2026-02-21,10,4,40.0
WELCOMEAU,Melbourne,2026-02-21,32,19,59.4
WELCOMEAU,Perth,2026-02-21,5,6,120.0
WELCOMEAU,RoANZ,2026-02-21,6,2,33.3
WELCOMEAU,Sydney,2026-02-21,61,32,52.5
AUWECHATPAY,Adelaide,2026-02-22,19,1,5.3
AUWECHATPAY,Brisbane,2026-02-22,20,9,45.0
AUWECHATPAY,Melbourne,2026-02-22,61,52,85.2
AUWECHATPAY,Perth,2026-02-22,22,5,22.7
AUWECHATPAY,RoANZ,2026-02-22,8,5,62.5
AUWECHATPAY,Sydney,2026-02-22,103,53,51.5
DIDININE,Adelaide,2026-02-22,5,1,20.0
DIDININE,Melbourne,2026-02-22,5,3,60.0
DIDININE,Perth,2026-02-22,5,2,40.0
DIDIPAYS,Perth,2026-02-22,695,730,105.0
WELCOMEAU,Adelaide,2026-02-22,6,2,33.3
WELCOMEAU,Melbourne,2026-02-22,30,20,66.7
WELCOMEAU,RoANZ,2026-02-22,6,4,66.7
WELCOMEAU,Sydney,2026-02-22,42,24,57.1
AUWECHATPAY,Adelaide,2026-02-23,17,8,47.1
AUWECHATPAY,Brisbane,2026-02-23,22,13,59.1
AUWECHATPAY,Melbourne,2026-02-23,54,36,66.7
AUWECHATPAY,Perth,2026-02-23,29,12,41.4
AUWECHATPAY,RoANZ,2026-02-23,9,1,11.1
AUWECHATPAY,Sydney,2026-02-23,134,67,50.0
DIDININE,Sydney,2026-02-23,10,3,30.0
DIDIPAYS,Perth,2026-02-23,769,523,68.0
WELCOMEAU,Melbourne,2026-02-23,21,21,100.0
WELCOMEAU,Perth,2026-02-23,8,1,12.5
WELCOMEAU,RoANZ,2026-02-23,5,5,100.0
WELCOMEAU,Sydney,2026-02-23,50,27,54.0
ACYA2026,Melbourne,2026-02-24,12,2,16.7
AUWECHATPAY,Adelaide,2026-02-24,18,7,38.9
AUWECHATPAY,Brisbane,2026-02-24,10,8,80.0
AUWECHATPAY,Melbourne,2026-02-24,84,41,48.8
AUWECHATPAY,Perth,2026-02-24,33,11,33.3
AUWECHATPAY,RoANZ,2026-02-24,5,6,120.0
AUWECHATPAY,Sydney,2026-02-24,125,74,59.2
DIDININE,Sydney,2026-02-24,5,2,40.0
DIDIPAYS,Perth,2026-02-24,768,549,71.5
MICS2026,Melbourne,2026-02-24,7,1,14.3
MUMUS2026,Melbourne,2026-02-24,12,15,125.0
OWEEK,Melbourne,2026-02-24,27,5,18.5
WELCOMEAU,Melbourne,2026-02-24,19,16,84.2
WELCOMEAU,Sydney,2026-02-24,35,24,68.6
AUWECHATPAY,Adelaide,2026-02-25,11,11,100.0
AUWECHATPAY,Brisbane,2026-02-25,6,7,116.7
AUWECHATPAY,Melbourne,2026-02-25,67,52,77.6
AUWECHATPAY,Perth,2026-02-25,16,18,112.5
AUWECHATPAY,RoANZ,2026-02-25,5,3,60.0
AUWECHATPAY,Sydney,2026-02-25,128,96,75.0
DIDININE,Sydney,2026-02-25,6,1,16.7
DIDIPAYS,Perth,2026-02-25,706,510,72.2
FMAA2026,Melbourne,2026-02-25,5,1,20.0
MICS2026,Melbourne,2026-02-25,5,3,60.0
OWEEK,Melbourne,2026-02-25,82,12,14.6
AUWECHATPAY,Adelaide,2026-02-26,9,4,44.4
AUWECHATPAY,Brisbane,2026-02-26,6,12,200.0
AUWECHATPAY,Melbourne,2026-02-26,62,58,93.5
AUWECHATPAY,Perth,2026-02-26,28,10,35.7
AUWECHATPAY,RoANZ,2026-02-26,6,2,33.3
AUWECHATPAY,Sydney,2026-02-26,118,99,83.9
DIDININE,Adelaide,2026-02-26,5,2,40.0
DIDIPAYS,Perth,2026-02-26,858,557,64.9
FMAA2026,Melbourne,2026-02-26,7,2,28.6
MARVEL,Melbourne,2026-02-26,6,2,33.3
MICS2026,Melbourne,2026-02-26,18,8,44.4
MISC2026,Melbourne,2026-02-26,5,2,40.0
OWEEK,Melbourne,2026-02-26,102,26,25.5
RIDEWITHPRIDE,Melbourne,2026-02-26,9,2,22.2
RIDEWITHPRIDE,RoANZ,2026-02-26,6,1,16.7
RIDEWITHPRIDE,Sydney,2026-02-26,230,68,29.6
AUWECHATPAY,Adelaide,2026-02-27,18,8,44.4
AUWECHATPAY,Brisbane,2026-02-27,9,12,133.3
AUWECHATPAY,Melbourne,2026-02-27,68,51,75.0
AUWECHATPAY,Perth,2026-02-27,29,18,62.1
AUWECHATPAY,Sydney,2026-02-27,118,92,78.0
DIDIPAYS,Perth,2026-02-27,1232,621,50.4
MICS2026,Melbourne,2026-02-27,10,13,130.0
MISC2026,Melbourne,2026-02-27,5,3,60.0
OWEEK,Melbourne,2026-02-27,105,24,22.9
RIDEWITHPRIDE,Adelaide,2026-02-27,8,3,37.5
RIDEWITHPRIDE,Brisbane,2026-02-27,10,4,40.0
RIDEWITHPRIDE,Melbourne,2026-02-27,45,16,35.6
RIDEWITHPRIDE,Perth,2026-02-27,19,3,15.8
RIDEWITHPRIDE,RoANZ,2026-02-27,57,15,26.3
RIDEWITHPRIDE,Sydney,2026-02-27,641,247,38.5
ACYA2026,Melbourne,2026-02-28,8,6,75.0
ACYA2026,Sydney,2026-02-28,5,4,80.0
AUWECHATPAY,Adelaide,2026-02-28,10,5,50.0
AUWECHATPAY,Melbourne,2026-02-28,42,38,90.5
AUWECHATPAY,Perth,2026-02-28,27,13,48.1
AUWECHATPAY,Sydney,2026-02-28,105,111,105.7
DIDIPAYS,Perth,2026-02-28,941,595,63.2
MICS2026,Melbourne,2026-02-28,6,9,150.0
OWEEK,Melbourne,2026-02-28,83,41,49.4
RIDEWITHPRIDE,Adelaide,2026-02-28,6,6,100.0
RIDEWITHPRIDE,Brisbane,2026-02-28,12,11,91.7
RIDEWITHPRIDE,Melbourne,2026-02-28,44,17,38.6
RIDEWITHPRIDE,Perth,2026-02-28,8,1,12.5
RIDEWITHPRIDE,RoANZ,2026-02-28,50,18,36.0
RIDEWITHPRIDE,Sydney,2026-02-28,603,479,79.4
STARTAU,Brisbane,2026-02-28,10,4,40.0
STARTAU,Melbourne,2026-02-28,24,6,25.0
STARTAU,RoANZ,2026-02-28,5,0,0.0
STARTAU,Sydney,2026-02-28,33,15,45.5
ACYA2026,Melbourne,2026-03-01,14,6,42.9
AUWECHATPAY,Adelaide,2026-03-01,7,6,85.7
AUWECHATPAY,Brisbane,2026-03-01,6,7,116.7
AUWECHATPAY,Melbourne,2026-03-01,60,39,65.0
AUWECHATPAY,Perth,2026-03-01,16,9,56.3
AUWECHATPAY,RoANZ,2026-03-01,5,3,60.0
AUWECHATPAY,Sydney,2026-03-01,95,72,75.8
DIDININE,Melbourne,2026-03-01,7,1,14.3
DIDININE,Sydney,2026-03-01,7,1,14.3
DIDIPAYS,Perth,2026-03-01,864,659,76.3
MICS2026,Melbourne,2026-03-01,7,5,71.4
OWEEK,Melbourne,2026-03-01,59,28,47.5
RIDEWITHPRIDE,Melbourne,2026-03-01,5,13,260.0
RIDEWITHPRIDE,Perth,2026-03-01,5,3,60.0
RIDEWITHPRIDE,RoANZ,2026-03-01,6,11,183.3
RIDEWITHPRIDE,Sydney,2026-03-01,66,274,415.2
STARTAU,Brisbane,2026-03-01,6,3,50.0
STARTAU,Melbourne,2026-03-01,32,8,25.0
STARTAU,Sydney,2026-03-01,21,13,61.9
AUWECHATPAY,Adelaide,2026-03-02,12,10,83.3
AUWECHATPAY,Melbourne,2026-03-02,67,47,70.1
AUWECHATPAY,Perth,2026-03-02,13,11,84.6
AUWECHATPAY,Sydney,2026-03-02,77,83,107.8
DIDININE,Melbourne,2026-03-02,5,2,40.0
DIDININE,Sydney,2026-03-02,10,4,40.0
DIDIPAYS,Perth,2026-03-02,679,502,73.9
MUMSU2026,Melbourne,2026-03-02,9,0,0.0
STARTAU,Brisbane,2026-03-02,5,6,120.0
STARTAU,Melbourne,2026-03-02,19,11,57.9
STARTAU,Perth,2026-03-02,5,2,40.0
STARTAU,Sydney,2026-03-02,22,10,45.5
ACYA2026,Melbourne,2026-03-03,7,6,85.7
AUWECHATPAY,Adelaide,2026-03-03,12,9,75.0
AUWECHATPAY,Melbourne,2026-03-03,51,47,92.2
AUWECHATPAY,Perth,2026-03-03,20,10,50.0
AUWECHATPAY,Sydney,2026-03-03,51,73,143.1
DIDININE,Melbourne,2026-03-03,5,1,20.0
DIDININE,Sydney,2026-03-03,6,1,16.7
DIDIPAYS,Perth,2026-03-03,780,584,74.9
MUMSU2026,Melbourne,2026-03-03,16,4,25.0
STARTAU,Brisbane,2026-03-03,7,7,100.0
STARTAU,Melbourne,2026-03-03,17,10,58.8
STARTAU,Sydney,2026-03-03,31,21,67.7
AUWECHATPAY,Adelaide,2026-03-04,10,6,60.0
AUWECHATPAY,Melbourne,2026-03-04,36,36,100.0
AUWECHATPAY,Perth,2026-03-04,12,12,100.0
AUWECHATPAY,Sydney,2026-03-04,31,72,232.3
BIG1AU,Melbourne,2026-03-04,1792,0,0.0
BIG1AU,RoANZ,2026-03-04,73,0,0.0
DIDININE,Sydney,2026-03-04,20,3,15.0
DIDIPAYS,Perth,2026-03-04,612,502,82.0
STARTAU,Melbourne,2026-03-04,22,13,59.1
STARTAU,Sydney,2026-03-04,17,18,105.9
AUWECHATPAY,Adelaide,2026-03-05,16,8,50.0
AUWECHATPAY,Melbourne,2026-03-05,17,31,182.4
AUWECHATPAY,Perth,2026-03-05,8,11,137.5
AUWECHATPAY,RoANZ,2026-03-05,5,2,40.0
AUWECHATPAY,Sydney,2026-03-05,62,84,135.5
BIG1AU,Melbourne,2026-03-05,5492,102,1.9
BIG1AU,RoANZ,2026-03-05,156,2,1.3
DIDININE,Sydney,2026-03-05,22,2,9.1
DIDIPAYS,Perth,2026-03-05,452,480,106.2
STARTAU,Melbourne,2026-03-05,14,12,85.7
STARTAU,Perth,2026-03-05,5,5,100.0
STARTAU,Sydney,2026-03-05,24,21,87.5
AUWECHATPAY,Adelaide,2026-03-06,11,14,127.3
AUWECHATPAY,Melbourne,2026-03-06,23,37,160.9
AUWECHATPAY,Perth,2026-03-06,25,15,60.0
AUWECHATPAY,Sydney,2026-03-06,64,73,114.1
BIG1AU,Melbourne,2026-03-06,7231,224,3.1
BIG1AU,RoANZ,2026-03-06,190,2,1.1
DIDININE,Melbourne,2026-03-06,9,5,55.6
DIDININE,Perth,2026-03-06,5,0,0.0
DIDININE,Sydney,2026-03-06,10,1,10.0
DIDIPAYS,Perth,2026-03-06,1138,676,59.4
MUMSU2026,Melbourne,2026-03-06,6,6,100.0
MUMUS2026,Melbourne,2026-03-06,7,6,85.7
STARTAU,Melbourne,2026-03-06,11,13,118.2
STARTAU,Sydney,2026-03-06,9,12,133.3
AUWECHATPAY,Adelaide,2026-03-07,14,10,71.4
AUWECHATPAY,Melbourne,2026-03-07,13,33,253.8
AUWECHATPAY,Perth,2026-03-07,11,9,81.8
AUWECHATPAY,RoANZ,2026-03-07,6,2,33.3
AUWECHATPAY,Sydney,2026-03-07,61,93,152.5
BIG1AU,Melbourne,2026-03-07,5413,260,4.8
BIG1AU,RoANZ,2026-03-07,146,0,0.0
DIDIPAYS,Perth,2026-03-07,900,564,62.7
FRESHAU,Adelaide,2026-03-07,5,2,40.0
FRESHAU,Brisbane,2026-03-07,12,6,50.0
FRESHAU,Melbourne,2026-03-07,36,11,30.6
FRESHAU,Sydney,2026-03-07,33,10,30.3
MUMSU2026,Melbourne,2026-03-07,7,14,200.0
ACYA2026,Melbourne,2026-03-08,10,13,130.0
AUWECHATPAY,Adelaide,2026-03-08,9,8,88.9
AUWECHATPAY,Melbourne,2026-03-08,14,25,178.6
AUWECHATPAY,RoANZ,2026-03-08,8,5,62.5
AUWECHATPAY,Sydney,2026-03-08,51,70,137.3
BIG1AU,Melbourne,2026-03-08,4251,283,6.7
BIG1AU,RoANZ,2026-03-08,113,2,1.8
DIDININE,Sydney,2026-03-08,7,2,28.6
DIDIPAYS,Perth,2026-03-08,559,527,94.3
FRESHAU,Melbourne,2026-03-08,21,10,47.6
FRESHAU,Sydney,2026-03-08,14,8,57.1
MUMSU2026,Melbourne,2026-03-08,5,7,140.0
MUMUS2026,Melbourne,2026-03-08,10,7,70.0
DIDININE,Sydney,2026-03-09,9,2,22.2
DIDIPAYS,Perth,2026-03-09,797,586,73.5
FRESHAU,Melbourne,2026-03-09,32,18,56.3
FRESHAU,Perth,2026-03-09,5,3,60.0
FRESHAU,RoANZ,2026-03-09,10,7,70.0
FRESHAU,Sydney,2026-03-09,33,28,84.8
MUMSU2026,Melbourne,2026-03-09,12,6,50.0
ACYA2026,Melbourne,2026-03-10,9,12,133.3
DIDININE,Melbourne,2026-03-10,8,6,75.0
DIDIPAYS,Perth,2026-03-10,653,531,81.3
FRESHAU,Melbourne,2026-03-10,29,14,48.3
FRESHAU,Perth,2026-03-10,8,4,50.0
FRESHAU,Sydney,2026-03-10,32,29,90.6
MUMSU2026,Melbourne,2026-03-10,6,5,83.3
ACYA2026,Perth,2026-03-11,7,4,57.1
DIDIPAYS,Perth,2026-03-11,612,548,89.5
FRESHAU,Brisbane,2026-03-11,5,1,20.0
FRESHAU,Melbourne,2026-03-11,21,9,42.9
FRESHAU,Sydney,2026-03-11,20,20,100.0
ACYA2026,Melbourne,2026-03-12,5,6,120.0
DIDININE,Perth,2026-03-12,5,2,40.0
DIDIPAYS,Perth,2026-03-12,283,528,186.6
FRESHAU,Brisbane,2026-03-12,8,6,75.0
FRESHAU,Melbourne,2026-03-12,18,21,116.7
FRESHAU,Sydney,2026-03-12,28,17,60.7
MUMSU2026,Melbourne,2026-03-12,10,6,60.0
MUMUS2026,Melbourne,2026-03-12,5,2,40.0
ACYA2026,Melbourne,2026-03-13,8,3,37.5
ACYA2026,Perth,2026-03-13,5,4,80.0
ACYA2026,Sydney,2026-03-13,8,7,87.5
BLOOMAU,Melbourne,2026-03-13,5,0,0.0
DIDININE,Melbourne,2026-03-13,7,0,0.0
DIDININE,Perth,2026-03-13,9,4,44.4
FRESHAU,Brisbane,2026-03-13,9,6,66.7
FRESHAU,Melbourne,2026-03-13,26,17,65.4
FRESHAU,Perth,2026-03-13,12,4,33.3
FRESHAU,Sydney,2026-03-13,29,28,96.6
MUMSU2026,Melbourne,2026-03-13,7,10,142.9
ACYA2026,Melbourne,2026-03-14,11,12,109.1
ACYA2026,Sydney,2026-03-14,9,6,66.7
BLOOMAU,Adelaide,2026-03-14,6,4,66.7
BLOOMAU,Brisbane,2026-03-14,10,7,70.0
BLOOMAU,Melbourne,2026-03-14,22,7,31.8
BLOOMAU,Perth,2026-03-14,6,2,33.3
BLOOMAU,Sydney,2026-03-14,27,12,44.4
MUMSU2026,Melbourne,2026-03-14,7,9,128.6
ACYA2026,Adelaide,2026-03-15,5,2,40.0
ACYA2026,Brisbane,2026-03-15,8,7,87.5
ACYA2026,Melbourne,2026-03-15,13,12,92.3
ACYA2026,Perth,2026-03-15,14,7,50.0
ACYA2026,Sydney,2026-03-15,5,13,260.0
BLOOMAU,Brisbane,2026-03-15,5,3,60.0
BLOOMAU,Melbourne,2026-03-15,23,8,34.8
BLOOMAU,Sydney,2026-03-15,23,13,56.5
DIDININE,Perth,2026-03-15,5,0,0.0
MUMSU2026,Melbourne,2026-03-15,15,15,100.0
ACYA2026,Melbourne,2026-03-16,10,8,80.0
BLOOMAU,Brisbane,2026-03-16,6,0,0.0
BLOOMAU,Melbourne,2026-03-16,22,14,63.6
BLOOMAU,Perth,2026-03-16,7,3,42.9
BLOOMAU,Sydney,2026-03-16,31,23,74.2
DIDININE,Melbourne,2026-03-16,5,1,20.0
DIDININE,Perth,2026-03-16,5,3,60.0
DIDININE,Sydney,2026-03-16,12,3,25.0
MUMSU2026,Melbourne,2026-03-16,15,10,66.7
ACYA2026,Melbourne,2026-03-17,6,15,250.0
ACYA2026,Perth,2026-03-17,8,9,112.5
ACYA2026,Sydney,2026-03-17,7,2,28.6
BLOOMAU,Brisbane,2026-03-17,9,6,66.7
BLOOMAU,Melbourne,2026-03-17,21,11,52.4
BLOOMAU,Perth,2026-03-17,11,5,45.5
BLOOMAU,Sydney,2026-03-17,23,18,78.3
DIDININE,Perth,2026-03-17,8,2,25.0
DIDININE,Sydney,2026-03-17,5,2,40.0
ACYA2026,Perth,2026-03-18,8,10,125.0
BLOOMAU,Brisbane,2026-03-18,6,4,66.7
BLOOMAU,Melbourne,2026-03-18,17,10,58.8
BLOOMAU,Perth,2026-03-18,6,4,66.7
BLOOMAU,Sydney,2026-03-18,24,17,70.8
DIDININE,Perth,2026-03-18,8,2,25.0
DIDIPAYS,Perth,2026-03-18,193,145,75.1
ACYA2026,Melbourne,2026-03-19,12,9,75.0
BLOOMAU,Brisbane,2026-03-19,6,4,66.7
BLOOMAU,Melbourne,2026-03-19,29,12,41.4
BLOOMAU,Perth,2026-03-19,5,4,80.0
BLOOMAU,Sydney,2026-03-19,23,16,69.6
MICS2026,Melbourne,2026-03-19,5,8,160.0
MUMSU2026,Melbourne,2026-03-19,18,16,88.9
ACYA2026,Adelaide,2026-03-20,8,6,75.0
ACYA2026,Brisbane,2026-03-20,5,5,100.0
ACYA2026,Melbourne,2026-03-20,14,22,157.1
ACYA2026,Perth,2026-03-20,16,18,112.5
ACYA2026,Sydney,2026-03-20,8,9,112.5
BLOOMAU,Brisbane,2026-03-20,9,5,55.6
BLOOMAU,Melbourne,2026-03-20,25,16,64.0
BLOOMAU,Perth,2026-03-20,14,7,50.0
BLOOMAU,Sydney,2026-03-20,26,25,96.2
DIDININE,Melbourne,2026-03-20,8,3,37.5
DIDININE,Perth,2026-03-20,8,6,75.0
MUMSU2026,Melbourne,2026-03-20,19,30,157.9
PLAYON,Melbourne,2026-03-20,6,0,0.0
ACYA2026,Brisbane,2026-03-21,6,10,166.7
ACYA2026,Melbourne,2026-03-21,5,13,260.0
ACYA2026,Perth,2026-03-21,14,10,71.4
ACYA2026,Sydney,2026-03-21,9,11,122.2
DIDININE,Perth,2026-03-21,6,5,83.3
GLOWAU,Adelaide,2026-03-21,10,6,60.0
GLOWAU,Brisbane,2026-03-21,21,7,33.3
GLOWAU,Melbourne,2026-03-21,77,23,29.9
GLOWAU,Perth,2026-03-21,14,5,35.7
GLOWAU,RoANZ,2026-03-21,10,3,30.0
GLOWAU,Sydney,2026-03-21,70,21,30.0
MICS2026,Melbourne,2026-03-21,6,3,50.0
MUMSU2026,Melbourne,2026-03-21,8,26,325.0
ACYA2026,Melbourne,2026-03-22,5,9,180.0
ACYA2026,Perth,2026-03-22,5,13,260.0
DIDININE,Melbourne,2026-03-22,5,1,20.0
GLOWAU,Brisbane,2026-03-22,6,9,150.0
GLOWAU,Melbourne,2026-03-22,29,17,58.6
GLOWAU,RoANZ,2026-03-22,5,3,60.0
GLOWAU,Sydney,2026-03-22,46,28,60.9
MICS2026,Melbourne,2026-03-22,7,7,100.0
MUMSU2026,Melbourne,2026-03-22,9,16,177.8
DIDININE,Perth,2026-03-23,10,5,50.0
GLOWAU,Brisbane,2026-03-23,6,3,50.0
GLOWAU,Melbourne,2026-03-23,26,18,69.2
GLOWAU,Perth,2026-03-23,10,3,30.0
GLOWAU,RoANZ,2026-03-23,6,5,83.3
GLOWAU,Sydney,2026-03-23,42,40,95.2
MUMSU2026,Melbourne,2026-03-23,15,9,60.0
ACYA2026,Perth,2026-03-24,6,10,166.7
DIDININE,Perth,2026-03-24,8,6,75.0
GLOWAU,Brisbane,2026-03-24,5,3,60.0
GLOWAU,Melbourne,2026-03-24,17,16,94.1
GLOWAU,Perth,2026-03-24,6,3,50.0
GLOWAU,Sydney,2026-03-24,29,30,103.4
ACYA2026,Melbourne,2026-03-25,7,9,128.6
DIDININE,Perth,2026-03-25,7,0,0.0
DIDIPAYS,Perth,2026-03-25,421,88,20.9
GLOWAU,Brisbane,2026-03-25,6,3,50.0
GLOWAU,Melbourne,2026-03-25,24,16,66.7
GLOWAU,Sydney,2026-03-25,23,16,69.6
DIDIPAYS,Perth,2026-03-26,846,331,39.1
GLOWAU,Melbourne,2026-03-26,27,14,51.9
GLOWAU,Perth,2026-03-26,7,5,71.4
GLOWAU,Sydney,2026-03-26,27,26,96.3
GOCATS,Melbourne,2026-03-26,10,0,0.0
GOCATS,RoANZ,2026-03-26,13,3,23.1
MICS2026,Melbourne,2026-03-26,5,5,100.0
MUMSU2026,Melbourne,2026-03-26,6,15,250.0
CCA2026,Melbourne,2026-03-27,5,1,20.0
DIDIPAYS,Perth,2026-03-27,1134,529,46.6
GLOWAU,Brisbane,2026-03-27,5,3,60.0
GLOWAU,Melbourne,2026-03-27,16,13,81.3
GLOWAU,Sydney,2026-03-27,31,27,87.1
GOCATS,Melbourne,2026-03-27,50,25,50.0
GOCATS,RoANZ,2026-03-27,25,18,72.0
MUMSU2026,Melbourne,2026-03-27,5,18,360.0
ACYA2026,Melbourne,2026-03-28,8,8,100.0
ACYA2026,Sydney,2026-03-28,7,6,85.7
DIDIPAYS,Perth,2026-03-28,799,423,52.9
MICS2026,Melbourne,2026-03-28,6,11,183.3
MUMSU2026,Melbourne,2026-03-28,9,24,266.7
MUMUS2026,Melbourne,2026-03-28,5,6,120.0
ACYA2026,Melbourne,2026-03-29,5,13,260.0
DIDIPAYS,Perth,2026-03-29,529,416,78.6
DIDIPAYS,Perth,2026-03-30,579,420,72.5
MUMSU2026,Melbourne,2026-03-30,24,8,33.3
YESIAIRPORT,Melbourne,2026-03-30,19,0,0.0
YESIDELIVER,Melbourne,2026-03-30,5,0,0.0
YESIFOOTY,Melbourne,2026-03-30,6,1,16.7
YESIGOTHEDISTANCE,Melbourne,2026-03-30,18,0,0.0
BLISSAU,Brisbane,2026-03-31,11,2,18.2
BLISSAU,Melbourne,2026-03-31,19,4,21.1
BLISSAU,Perth,2026-03-31,12,3,25.0
BLISSAU,RoANZ,2026-03-31,5,1,20.0
BLISSAU,Sydney,2026-03-31,23,1,4.3
DIDIPAYS,Perth,2026-03-31,598,431,72.1
MUMSU2026,Melbourne,2026-03-31,7,5,71.4
YESIAIRPORT,Melbourne,2026-03-31,110,21,19.1
YESICOCKTAIL,Melbourne,2026-03-31,37,5,13.5
YESIDELIVER,Melbourne,2026-03-31,28,6,21.4
YESIFOOTY,Melbourne,2026-03-31,30,1,3.3
YESIGOTHEDISTANCE,Melbourne,2026-03-31,155,18,11.6
BLISSAU,Adelaide,2026-04-01,6,2,33.3
BLISSAU,Brisbane,2026-04-01,13,7,53.8
BLISSAU,Melbourne,2026-04-01,30,13,43.3
BLISSAU,Perth,2026-04-01,12,3,25.0
BLISSAU,Sydney,2026-04-01,30,16,53.3
DIDIPAYS,Perth,2026-04-01,505,457,90.5
YESIAIRPORT,Melbourne,2026-04-01,105,24,22.9
YESIAIRPORTBNE,Brisbane,2026-04-01,13,2,15.4
YESIAIRPORTSYD,Sydney,2026-04-01,158,13,8.2
YESIBEACHSYD,Sydney,2026-04-01,45,17,37.8
YESICOCKTAIL,Melbourne,2026-04-01,41,10,24.4
YESICOCKTAILBRIS,Brisbane,2026-04-01,11,0,0.0
YESICOCKTAILSYD,Sydney,2026-04-01,83,9,10.8
YESICOMMUTEBRIS,Brisbane,2026-04-01,19,6,31.6
YESIDELIVER,Melbourne,2026-04-01,29,8,27.6
YESIDISTANCEBRIS,Brisbane,2026-04-01,6,0,0.0
YESIFOOTY,Melbourne,2026-04-01,32,3,9.4
YESIGOTHEDISTANCE,Melbourne,2026-04-01,150,19,12.7
YESIGOTHEDISTANCESYD,Sydney,2026-04-01,122,8,6.6
YESIRUGBYSYD,Sydney,2026-04-01,17,0,0.0
YESITREATMYSELF,Brisbane,2026-04-01,27,0,0.0
YESITREATMYSELF,RoANZ,2026-04-01,148,0,0.0
YESITREATMYSELF,Sydney,2026-04-01,29,0,0.0
BLISSAU,Adelaide,2026-04-02,7,9,128.6
BLISSAU,Brisbane,2026-04-02,10,8,80.0
BLISSAU,Melbourne,2026-04-02,23,12,52.2
BLISSAU,Perth,2026-04-02,8,9,112.5
BLISSAU,Sydney,2026-04-02,35,29,82.9
DIDIPAYS,Perth,2026-04-02,288,329,114.2
YESIAIRPORT,Melbourne,2026-04-02,177,34,19.2
YESIAIRPORTBNE,Brisbane,2026-04-02,41,11,26.8
YESIAIRPORTSYD,Sydney,2026-04-02,523,104,19.9
YESIBEACHSYD,Sydney,2026-04-02,175,36,20.6
YESICOCKTAIL,Melbourne,2026-04-02,154,32,20.8
YESICOCKTAILBRIS,Brisbane,2026-04-02,29,0,0.0
YESICOCKTAILSYD,Sydney,2026-04-02,338,36,10.7
YESICOMMUTEBRIS,Brisbane,2026-04-02,54,37,68.5
YESIDELIVER,Melbourne,2026-04-02,50,15,30.0
YESIDISTANCEBRIS,Brisbane,2026-04-02,22,1,4.5
YESIFOOTY,Melbourne,2026-04-02,91,17,18.7
YESIGOTHEDISTANCE,Melbourne,2026-04-02,366,26,7.1
YESIGOTHEDISTANCESYD,Sydney,2026-04-02,512,70,13.7
YESIRUGBYSYD,Sydney,2026-04-02,103,7,6.8
YESITREATMYSELF,Adelaide,2026-04-02,16,0,0.0
YESITREATMYSELF,Brisbane,2026-04-02,112,0,0.0
YESITREATMYSELF,Melbourne,2026-04-02,86,0,0.0
YESITREATMYSELF,Perth,2026-04-02,29,0,0.0
YESITREATMYSELF,RoANZ,2026-04-02,637,0,0.0
YESITREATMYSELF,Sydney,2026-04-02,937,0,0.0
AUWELCOME,Sydney,2026-04-03,6,2,33.3
BLISSAU,Brisbane,2026-04-03,8,5,62.5
BLISSAU,Melbourne,2026-04-03,15,4,26.7
BLISSAU,Perth,2026-04-03,8,4,50.0
BLISSAU,Sydney,2026-04-03,23,20,87.0
DIDIPAYS,Perth,2026-04-03,1434,537,37.4
TREATYOURSELF20,Adelaide,2026-04-03,506,171,33.8
TREATYOURSELF20,RoANZ,2026-04-03,90,24,26.7
YESIAIRPORT,Melbourne,2026-04-03,1016,193,19.0
YESIAIRPORTBNE,Brisbane,2026-04-03,27,14,51.9
YESIAIRPORTSYD,Sydney,2026-04-03,708,201,28.4
YESIBEACHSYD,Sydney,2026-04-03,286,92,32.2
YESICOCKTAIL,Melbourne,2026-04-03,705,172,24.4
YESICOCKTAILBRIS,Brisbane,2026-04-03,21,0,0.0
YESICOCKTAILSYD,Sydney,2026-04-03,392,78,19.9
YESICOMMUTEBRIS,Brisbane,2026-04-03,16,14,87.5
YESIDELIVER,Melbourne,2026-04-03,205,33,16.1
YESIDISTANCEBRIS,Brisbane,2026-04-03,9,1,11.1
YESIFOOTY,Melbourne,2026-04-03,516,80,15.5
YESIGOTHEDISTANCE,Melbourne,2026-04-03,1479,135,9.1
YESIGOTHEDISTANCESYD,Sydney,2026-04-03,652,102,15.6
YESIRUGBYSYD,Sydney,2026-04-03,138,33,23.9
YESITREATMYSELF,Adelaide,2026-04-03,48,20,41.7
YESITREATMYSELF,Brisbane,2026-04-03,137,61,44.5
YESITREATMYSELF,Melbourne,2026-04-03,1254,335,26.7
YESITREATMYSELF,Perth,2026-04-03,3219,429,13.3
YESITREATMYSELF,RoANZ,2026-04-03,967,380,39.3
YESITREATMYSELF,Sydney,2026-04-03,647,301,46.5
AUWELCOME,Melbourne,2026-04-04,10,6,60.0
AUWELCOME,Sydney,2026-04-04,11,5,45.5
DIDIPAYS,Perth,2026-04-04,1081,579,53.6
GLIDEAU,Adelaide,2026-04-04,6,5,83.3
GLIDEAU,Brisbane,2026-04-04,25,9,36.0
GLIDEAU,Melbourne,2026-04-04,36,6,16.7
GLIDEAU,Perth,2026-04-04,7,2,28.6
GLIDEAU,RoANZ,2026-04-04,8,3,37.5
GLIDEAU,Sydney,2026-04-04,46,16,34.8
TREATYOURSELF20,Adelaide,2026-04-04,905,585,64.6
TREATYOURSELF20,RoANZ,2026-04-04,119,45,37.8
YESIAIRPORT,Melbourne,2026-04-04,468,189,40.4
YESIAIRPORTBNE,Brisbane,2026-04-04,26,8,30.8
YESIAIRPORTSYD,Sydney,2026-04-04,383,163,42.6
YESIBEACHSYD,Sydney,2026-04-04,197,99,50.3
YESICOCKTAIL,Melbourne,2026-04-04,323,212,65.6
YESICOCKTAILBRIS,Brisbane,2026-04-04,54,29,53.7
YESICOCKTAILSYD,Sydney,2026-04-04,294,101,34.4
YESIDELIVER,Melbourne,2026-04-04,94,38,40.4
YESIDISTANCEBRIS,Brisbane,2026-04-04,7,2,28.6
YESIFOOTY,Melbourne,2026-04-04,209,84,40.2
YESIGOTHEDISTANCE,Melbourne,2026-04-04,680,126,18.5
YESIGOTHEDISTANCESYD,Sydney,2026-04-04,486,113,23.3
YESIRUGBYSYD,Sydney,2026-04-04,75,15,20.0
YESITREATMYSELF,Adelaide,2026-04-04,5,11,220.0
YESITREATMYSELF,Brisbane,2026-04-04,73,57,78.1
YESITREATMYSELF,Melbourne,2026-04-04,146,217,148.6
YESITREATMYSELF,Perth,2026-04-04,1120,830,74.1
YESITREATMYSELF,RoANZ,2026-04-04,564,353,62.6
YESITREATMYSELF,Sydney,2026-04-04,291,249,85.6
AUWELCOME,Melbourne,2026-04-05,11,8,72.7
AUWELCOME,Sydney,2026-04-05,11,5,45.5
DIDIPAYS,Perth,2026-04-05,683,616,90.2
GLIDEAU,Brisbane,2026-04-05,10,3,30.0
GLIDEAU,Melbourne,2026-04-05,25,9,36.0
GLIDEAU,Perth,2026-04-05,9,3,33.3
GLIDEAU,Sydney,2026-04-05,35,8,22.9
TREATYOURSELF20,Adelaide,2026-04-05,426,486,114.1
TREATYOURSELF20,RoANZ,2026-04-05,74,52,70.3
YESIAIRPORT,Melbourne,2026-04-05,358,158,44.1
YESIAIRPORTBNE,Brisbane,2026-04-05,23,5,21.7
YESIAIRPORTSYD,Sydney,2026-04-05,295,87,29.5
YESIBEACHSYD,Sydney,2026-04-05,93,61,65.6
YESICOCKTAIL,Melbourne,2026-04-05,173,158,91.3
YESICOCKTAILBRIS,Brisbane,2026-04-05,30,26,86.7
YESICOCKTAILSYD,Sydney,2026-04-05,119,80,67.2
YESIDELIVER,Melbourne,2026-04-05,73,27,37.0
YESIDISTANCEBRIS,Brisbane,2026-04-05,8,0,0.0
YESIFOOTY,Melbourne,2026-04-05,151,71,47.0
YESIGOTHEDISTANCE,Melbourne,2026-04-05,460,94,20.4
YESIGOTHEDISTANCESYD,Sydney,2026-04-05,272,97,35.7
YESIRUGBYSYD,Sydney,2026-04-05,45,18,40.0
YESITREATMYSELF,Brisbane,2026-04-05,49,35,71.4
YESITREATMYSELF,Melbourne,2026-04-05,52,142,273.1
YESITREATMYSELF,Perth,2026-04-05,130,466,358.5
YESITREATMYSELF,RoANZ,2026-04-05,440,374,85.0
YESITREATMYSELF,Sydney,2026-04-05,181,208,114.9
AUWELCOME,Melbourne,2026-04-06,6,4,66.7
AUWELCOME,Sydney,2026-04-06,11,10,90.9
DIDIPAYS,Perth,2026-04-06,589,400,67.9
GLIDEAU,Brisbane,2026-04-06,7,8,114.3
GLIDEAU,Melbourne,2026-04-06,22,9,40.9
GLIDEAU,Perth,2026-04-06,8,6,75.0
GLIDEAU,Sydney,2026-04-06,40,21,52.5
TREATYOURSELF20,Adelaide,2026-04-06,255,278,109.0
TREATYOURSELF20,RoANZ,2026-04-06,33,28,84.8
YESIAIRPORT,Melbourne,2026-04-06,354,171,48.3
YESIAIRPORTBNE,Brisbane,2026-04-06,28,4,14.3
YESIAIRPORTSYD,Sydney,2026-04-06,93,75,80.6
YESICOCKTAIL,Melbourne,2026-04-06,115,105,91.3
YESICOCKTAILBRIS,Brisbane,2026-04-06,10,4,40.0
YESICOCKTAILSYD,Sydney,2026-04-06,16,21,131.3
YESICOMMUTEBRIS,Brisbane,2026-04-06,16,5,31.3
YESIDELIVER,Melbourne,2026-04-06,59,30,50.8
YESIFOOTY,Melbourne,2026-04-06,133,62,46.6
YESIGOTHEDISTANCE,Melbourne,2026-04-06,363,75,20.7
YESIGOTHEDISTANCESYD,Sydney,2026-04-06,5,40,800.0
YESIRUGBYSYD,Sydney,2026-04-06,7,5,71.4
YESITREATMYSELF,Brisbane,2026-04-06,31,26,83.9
YESITREATMYSELF,Melbourne,2026-04-06,29,75,258.6
YESITREATMYSELF,Perth,2026-04-06,56,254,453.6
YESITREATMYSELF,RoANZ,2026-04-06,286,282,98.6
YESITREATMYSELF,Sydney,2026-04-06,60,126,210.0
AUWELCOME,Melbourne,2026-04-07,12,4,33.3
AUWELCOME,Sydney,2026-04-07,9,6,66.7
DIDIPAYS,Perth,2026-04-07,754,493,65.4
GLIDEAU,Brisbane,2026-04-07,6,4,66.7
GLIDEAU,Melbourne,2026-04-07,21,11,52.4
GLIDEAU,Perth,2026-04-07,7,7,100.0
GLIDEAU,Sydney,2026-04-07,27,29,107.4
YESIAIRPORT,Melbourne,2026-04-07,65,87,133.8
YESIAIRPORTBNE,Brisbane,2026-04-07,8,2,25.0
YESIAIRPORTSYD,Sydney,2026-04-07,7,37,528.6
YESICOCKTAIL,Melbourne,2026-04-07,21,61,290.5
YESICOCKTAILBRIS,Brisbane,2026-04-07,5,2,40.0
YESICOCKTAILSYD,Sydney,2026-04-07,17,10,58.8
YESICOMMUTEBRIS,Brisbane,2026-04-07,16,10,62.5
YESIDELIVER,Melbourne,2026-04-07,18,17,94.4
YESIDISTANCEBRIS,Brisbane,2026-04-07,12,0,0.0
YESIFOOTY,Melbourne,2026-04-07,9,23,255.6
YESIGOTHEDISTANCE,Melbourne,2026-04-07,65,25,38.5
YESIRUGBYSYD,Sydney,2026-04-07,12,7,58.3
DIDIPAYS,Perth,2026-04-08,593,526,88.7
GLIDEAU,Brisbane,2026-04-08,14,6,42.9
GLIDEAU,Melbourne,2026-04-08,21,8,38.1
GLIDEAU,Perth,2026-04-08,7,4,57.1
GLIDEAU,Sydney,2026-04-08,26,26,100.0
YESIAIRPORT,Melbourne,2026-04-08,154,73,47.4
YESIAIRPORTBNE,Brisbane,2026-04-08,7,4,57.1
YESICOCKTAIL,Melbourne,2026-04-08,36,43,119.4
YESICOCKTAILSYD,Sydney,2026-04-08,13,20,153.8
YESICOMMUTEBRIS,Brisbane,2026-04-08,16,9,56.3
YESIDELIVER,Melbourne,2026-04-08,30,21,70.0
YESIDISTANCEBRIS,Brisbane,2026-04-08,8,0,0.0
YESIFOOTY,Melbourne,2026-04-08,22,15,68.2
YESIGOTHEDISTANCE,Melbourne,2026-04-08,157,51,32.5
YESIRUGBYSYD,Sydney,2026-04-08,11,8,72.7
DIDIPAYS,Perth,2026-04-09,456,430,94.3
GLIDEAU,Adelaide,2026-04-09,6,4,66.7
GLIDEAU,Brisbane,2026-04-09,12,7,58.3
GLIDEAU,Melbourne,2026-04-09,22,13,59.1
GLIDEAU,Perth,2026-04-09,7,7,100.0
GLIDEAU,Sydney,2026-04-09,29,23,79.3
YESIAIRPORT,Melbourne,2026-04-09,157,51,32.5
YESIAIRPORTBNE,Brisbane,2026-04-09,7,2,28.6
YESIAIRPORTSYD,Sydney,2026-04-09,8,15,187.5
YESICOCKTAIL,Melbourne,2026-04-09,48,40,83.3
YESICOCKTAILSYD,Sydney,2026-04-09,17,16,94.1
YESICOMMUTEBRIS,Brisbane,2026-04-09,11,15,136.4
YESIDELIVER,Melbourne,2026-04-09,41,22,53.7
YESIDISTANCEBRIS,Brisbane,2026-04-09,9,0,0.0
YESIFOOTY,Melbourne,2026-04-09,48,27,56.3
YESIGOTHEDISTANCE,Melbourne,2026-04-09,185,51,27.6
YESIRUGBYSYD,Sydney,2026-04-09,17,7,41.2
DIDIPAYS,Perth,2026-04-10,1127,646,57.3
GLIDEAU,Brisbane,2026-04-10,6,9,150.0
GLIDEAU,Melbourne,2026-04-10,15,10,66.7
GLIDEAU,Perth,2026-04-10,9,4,44.4
GLIDEAU,Sydney,2026-04-10,21,14,66.7
YESIAIRPORT,Melbourne,2026-04-10,155,55,35.5
YESIAIRPORTBNE1,Brisbane,2026-04-10,19,1,5.3
YESIAIRPORTSYD,Sydney,2026-04-10,45,18,40.0
YESIBEACHSYD,Sydney,2026-04-10,20,21,105.0
YESICOCKTAIL,Melbourne,2026-04-10,60,58,96.7
YESICOCKTAILBRIS1,Brisbane,2026-04-10,28,0,0.0
YESICOCKTAILSYD,Sydney,2026-04-10,53,22,41.5
YESICOMMUTEBRIS,Brisbane,2026-04-10,16,18,112.5
YESICOMMUTEBRIS1,Brisbane,2026-04-10,53,21,39.6
YESIDELIVER,Melbourne,2026-04-10,7,14,200.0
YESIDISTANCEBRIS,Brisbane,2026-04-10,6,0,0.0
YESIDISTANCEBRIS1,Brisbane,2026-04-10,25,0,0.0
YESIFOOTY,Melbourne,2026-04-10,38,20,52.6
YESIFOOTYBRIS1,Brisbane,2026-04-10,13,3,23.1
YESIGOTHEDISTANCE,Melbourne,2026-04-10,183,52,28.4
YESIGOTHEDISTANCESYD,Sydney,2026-04-10,57,28,49.1
YESIRUGBYSYD,Sydney,2026-04-10,28,6,21.4
YESISKIPTRAFFIC,Melbourne,2026-04-10,261,34,13.0
DIDIPAYS,Perth,2026-04-11,942,598,63.5
LUSHAU,Adelaide,2026-04-11,6,5,83.3
LUSHAU,Brisbane,2026-04-11,7,1,14.3
LUSHAU,Melbourne,2026-04-11,32,8,25.0
LUSHAU,Perth,2026-04-11,9,4,44.4
LUSHAU,Sydney,2026-04-11,39,14,35.9
YESIAIRPORT,Melbourne,2026-04-11,123,44,35.8
YESIAIRPORTBNE1,Brisbane,2026-04-11,60,20,33.3
YESIAIRPORTSYD,Sydney,2026-04-11,120,32,26.7
YESIBEACHSYD,Sydney,2026-04-11,41,20,48.8
YESICOCKTAIL,Melbourne,2026-04-11,87,61,70.1
YESICOCKTAILBRIS1,Brisbane,2026-04-11,176,103,58.5
YESICOCKTAILSYD,Sydney,2026-04-11,123,41,33.3
YESICOMMUTEBRIS1,Brisbane,2026-04-11,34,3,8.8
YESIDISTANCEBRIS1,Brisbane,2026-04-11,52,1,1.9
YESIFOOTY,Melbourne,2026-04-11,52,27,51.9
YESIFOOTYBRIS1,Brisbane,2026-04-11,14,4,28.6
YESIGOTHEDISTANCE,Melbourne,2026-04-11,284,64,22.5
YESIGOTHEDISTANCESYD,Sydney,2026-04-11,144,39,27.1
YESIRUGBYSYD,Sydney,2026-04-11,24,8,33.3
YESISKIPTRAFFIC,Melbourne,2026-04-11,131,1,0.8
DIDIPAYS,Perth,2026-04-12,661,517,78.2
LUSHAU,Brisbane,2026-04-12,5,2,40.0
LUSHAU,Melbourne,2026-04-12,14,6,42.9
LUSHAU,Perth,2026-04-12,10,3,30.0
LUSHAU,Sydney,2026-04-12,24,10,41.7
YESIAIRPORT,Melbourne,2026-04-12,130,55,42.3
YESIAIRPORTBNE1,Brisbane,2026-04-12,67,22,32.8
YESIAIRPORTSYD,Sydney,2026-04-12,98,24,24.5
YESIBEACHSYD,Sydney,2026-04-12,17,6,35.3
YESICOCKTAIL,Melbourne,2026-04-12,39,51,130.8
YESICOCKTAILBRIS1,Brisbane,2026-04-12,91,81,89.0
YESICOCKTAILSYD,Sydney,2026-04-12,27,26,96.3
YESICOMMUTEBRIS1,Brisbane,2026-04-12,38,0,0.0
YESIDISTANCEBRIS1,Brisbane,2026-04-12,53,1,1.9
YESIFOOTY,Melbourne,2026-04-12,44,22,50.0
YESIGOTHEDISTANCE,Melbourne,2026-04-12,160,73,45.6
YESIGOTHEDISTANCESYD,Sydney,2026-04-12,61,33,54.1
YESIRUGBYSYD,Sydney,2026-04-12,14,2,14.3
YESISKIPTRAFFIC,Melbourne,2026-04-12,118,1,0.8
DIDIPAYS,Perth,2026-04-13,791,548,69.3
LUSHAU,Brisbane,2026-04-13,14,5,35.7
LUSHAU,Melbourne,2026-04-13,32,13,40.6
LUSHAU,Perth,2026-04-13,8,4,50.0
LUSHAU,Sydney,2026-04-13,28,26,92.9
YESIAIRPORT,Melbourne,2026-04-13,149,59,39.6
YESIAIRPORTBNE1,Brisbane,2026-04-13,68,41,60.3
YESIAIRPORTGC,RoANZ,2026-04-13,22,5,22.7
YESIAIRPORTSYD,Sydney,2026-04-13,54,16,29.6
YESIBEACHGC,RoANZ,2026-04-13,9,1,11.1
YESIBEACHSYD,Sydney,2026-04-13,12,3,25.0
YESIBRISBANE,RoANZ,2026-04-13,8,0,0.0
YESICOCKTAIL,Melbourne,2026-04-13,36,23,63.9
YESICOCKTAILBRIS1,Brisbane,2026-04-13,11,3,27.3
YESICOCKTAILSYD,Sydney,2026-04-13,12,8,66.7
YESICOMMUTEBRIS1,Brisbane,2026-04-13,147,72,49.0
YESIDISTANCEBRIS1,Brisbane,2026-04-13,52,0,0.0
YESIEATOUTGC,RoANZ,2026-04-13,11,2,18.2
YESIFOOTY,Melbourne,2026-04-13,28,9,32.1
YESIFOOTYBRIS1,Brisbane,2026-04-13,8,0,0.0
YESIGOTHEDISTANCE,Melbourne,2026-04-13,174,46,26.4
YESIGOTHEDISTANCESYD,Sydney,2026-04-13,46,16,34.8
YESIRUGBYSYD,Sydney,2026-04-13,7,2,28.6
YESISKIPTRAFFIC,Melbourne,2026-04-13,310,110,35.5
DIDIPAYS,Perth,2026-04-14,755,549,72.7
LUSHAU,Melbourne,2026-04-14,17,21,123.5
LUSHAU,Perth,2026-04-14,11,5,45.5
LUSHAU,RoANZ,2026-04-14,5,1,20.0
LUSHAU,Sydney,2026-04-14,36,28,77.8
YESIAIRPORT,Melbourne,2026-04-14,147,58,39.5
YESIAIRPORTBNE1,Brisbane,2026-04-14,62,25,40.3
YESIAIRPORTGC,RoANZ,2026-04-14,31,8,25.8
YESIAIRPORTSYD,Sydney,2026-04-14,144,39,27.1
YESIBEACHGC,RoANZ,2026-04-14,14,7,50.0
YESIBEACHSYD,Sydney,2026-04-14,20,6,30.0
YESIBRISBANE,RoANZ,2026-04-14,16,2,12.5
YESICOCKTAIL,Melbourne,2026-04-14,37,24,64.9
YESICOCKTAILBRIS1,Brisbane,2026-04-14,16,0,0.0
YESICOCKTAILSYD,Sydney,2026-04-14,41,6,14.6
YESICOMMUTEBRIS1,Brisbane,2026-04-14,127,88,69.3
YESIDISTANCEBRIS1,Brisbane,2026-04-14,57,0,0.0
YESIEATOUTGC,RoANZ,2026-04-14,10,5,50.0
YESIFOOTY,Melbourne,2026-04-14,28,11,39.3
YESIFOOTYBRIS1,Brisbane,2026-04-14,14,2,14.3
YESIGOTHEDISTANCE,Melbourne,2026-04-14,151,51,33.8
YESIGOTHEDISTANCESYD,Sydney,2026-04-14,67,19,28.4
YESIRUGBYSYD,Sydney,2026-04-14,16,0,0.0
YESITHEMEPARKGC,RoANZ,2026-04-14,9,3,33.3
DIDIPAYS,Perth,2026-04-15,742,572,77.1
LUSHAU,Brisbane,2026-04-15,7,7,100.0
LUSHAU,Melbourne,2026-04-15,16,5,31.3
LUSHAU,Perth,2026-04-15,9,6,66.7
LUSHAU,Sydney,2026-04-15,25,16,64.0
YESIAIRPORT,Melbourne,2026-04-15,82,27,32.9
YESIAIRPORTBNE1,Brisbane,2026-04-15,43,25,58.1
YESIAIRPORTGC,RoANZ,2026-04-15,55,20,36.4
YESIAIRPORTSYD,Sydney,2026-04-15,115,62,53.9
YESIBEACHGC,RoANZ,2026-04-15,38,19,50.0
YESIBEACHSYD,Sydney,2026-04-15,33,6,18.2
YESIBRISBANE,RoANZ,2026-04-15,23,4,17.4
YESICOCKTAIL,Melbourne,2026-04-15,38,23,60.5
YESICOCKTAILBRIS1,Brisbane,2026-04-15,16,0,0.0
YESICOCKTAILSYD,Sydney,2026-04-15,61,16,26.2
YESICOMMUTEBRIS1,Brisbane,2026-04-15,126,122,96.8
YESIDISTANCEBRIS1,Brisbane,2026-04-15,60,2,3.3
YESIEATOUTGC,RoANZ,2026-04-15,36,5,13.9
YESIFOOTY,Melbourne,2026-04-15,22,11,50.0
YESIFOOTYBRIS1,Brisbane,2026-04-15,11,1,9.1
YESIGOTHEDISTANCE,Melbourne,2026-04-15,99,24,24.2
YESIGOTHEDISTANCESYD,Sydney,2026-04-15,102,28,27.5
YESIRUGBYSYD,Sydney,2026-04-15,26,3,11.5
YESISKIPTRAFFIC,Melbourne,2026-04-15,250,127,50.8
YESITHEMEPARKGC,RoANZ,2026-04-15,22,10,45.5
DIDIPAYS,Perth,2026-04-16,610,628,103.0
FOOTY,Melbourne,2026-04-16,635,1,0.2
FOOTY,RoANZ,2026-04-16,12,0,0.0
LUSHAU,Melbourne,2026-04-16,19,9,47.4
LUSHAU,Perth,2026-04-16,9,5,55.6
LUSHAU,Sydney,2026-04-16,24,18,75.0
YESIAIRPORT,Melbourne,2026-04-16,113,61,54.0
YESIAIRPORTBNE1,Brisbane,2026-04-16,48,28,58.3
YESIAIRPORTGC,RoANZ,2026-04-16,56,27,48.2
YESIAIRPORTSYD,Sydney,2026-04-16,116,78,67.2
YESIBEACHGC,RoANZ,2026-04-16,35,18,51.4
YESIBEACHSYD,Sydney,2026-04-16,24,12,50.0
YESIBRISBANE,RoANZ,2026-04-16,24,2,8.3
YESICOCKTAIL,Melbourne,2026-04-16,42,21,50.0
YESICOCKTAILBRIS1,Brisbane,2026-04-16,19,1,5.3
YESICOCKTAILSYD,Sydney,2026-04-16,46,17,37.0
YESICOMMUTEBRIS1,Brisbane,2026-04-16,151,173,114.6
YESIDISTANCEBRIS1,Brisbane,2026-04-16,66,1,1.5
YESIEATOUTGC,RoANZ,2026-04-16,31,10,32.3
YESIFOOTY,Melbourne,2026-04-16,49,21,42.9
YESIFOOTYBRIS1,Brisbane,2026-04-16,10,1,10.0
YESIGOTHEDISTANCE,Melbourne,2026-04-16,178,57,32.0
YESIGOTHEDISTANCESYD,Sydney,2026-04-16,83,25,30.1
YESIRUGBYSYD,Sydney,2026-04-16,16,1,6.3
YESISKIPTRAFFIC,Melbourne,2026-04-16,387,193,49.9
YESITHEMEPARKGC,RoANZ,2026-04-16,14,9,64.3
FOOTY,Melbourne,2026-04-17,3208,0,0.0
FOOTY,RoANZ,2026-04-17,294,6,2.0
LUSHAU,Brisbane,2026-04-17,6,7,116.7
LUSHAU,Melbourne,2026-04-17,12,17,141.7
LUSHAU,Perth,2026-04-17,5,2,40.0
LUSHAU,Sydney,2026-04-17,15,17,113.3
YESIAIRPORT,Melbourne,2026-04-17,181,80,44.2
YESIAIRPORTBNE1,Brisbane,2026-04-17,29,31,106.9
YESIAIRPORTBNE2,Brisbane,2026-04-17,47,20,42.6
YESIAIRPORTGC,RoANZ,2026-04-17,38,17,44.7
YESIAIRPORTSYD,Sydney,2026-04-17,143,67,46.9
YESIBEACHGC,RoANZ,2026-04-17,29,19,65.5
YESIBEACHSYD,Sydney,2026-04-17,33,7,21.2
YESIBRISBANE,RoANZ,2026-04-17,20,8,40.0
YESIBRUNCH,Melbourne,2026-04-17,32,7,21.9
YESICOCKTAIL,Melbourne,2026-04-17,108,42,38.9
YESICOCKTAILBRIS1,Brisbane,2026-04-17,19,1,5.3
YESICOCKTAILBRIS2,Brisbane,2026-04-17,62,0,0.0
YESICOCKTAILSYD,Sydney,2026-04-17,90,43,47.8
YESICOMMUTEBRIS1,Brisbane,2026-04-17,88,193,219.3
YESICOMMUTEBRIS2,Brisbane,2026-04-17,147,138,93.9
YESIDISTANCEBRIS1,Brisbane,2026-04-17,41,2,4.9
YESIDISTANCEBRIS2,Brisbane,2026-04-17,69,1,1.4
YESIEATOUTGC,RoANZ,2026-04-17,39,13,33.3
YESIFEELLUCKY,Melbourne,2026-04-17,340,47,13.8
YESIFOOTY,Melbourne,2026-04-17,93,27,29.0
YESIFOOTYBRIS1,Brisbane,2026-04-17,6,1,16.7
YESIFOOTYBRIS2,Brisbane,2026-04-17,14,2,14.3
YESIGOTHEDISTANCE,Melbourne,2026-04-17,306,73,23.9
YESIGOTHEDISTANCESYD,Sydney,2026-04-17,128,33,25.8
YESIPUB,Melbourne,2026-04-17,69,15,21.7
YESIRUGBYSYD,Sydney,2026-04-17,44,8,18.2
YESISHOP,Melbourne,2026-04-17,14,2,14.3
YESISKIPTRAFFIC,Melbourne,2026-04-17,500,317,63.4
YESITHEMEPARKGC,RoANZ,2026-04-17,6,5,83.3
FOOTY,Melbourne,2026-04-18,217,0,0.0
FOOTY,RoANZ,2026-04-18,9,6,66.7
HALOAU,Adelaide,2026-04-18,7,6,85.7
HALOAU,Brisbane,2026-04-18,13,7,53.8
HALOAU,Melbourne,2026-04-18,31,12,38.7
HALOAU,Perth,2026-04-18,8,0,0.0
HALOAU,RoANZ,2026-04-18,6,3,50.0
HALOAU,Sydney,2026-04-18,63,22,34.9
YESIAIRPORT,Melbourne,2026-04-18,106,49,46.2
YESIAIRPORTBNE2,Brisbane,2026-04-18,81,35,43.2
YESIAIRPORTGC,RoANZ,2026-04-18,27,11,40.7
YESIAIRPORTSYD,Sydney,2026-04-18,128,83,64.8
YESIBEACHGC,RoANZ,2026-04-18,20,24,120.0
YESIBEACHSYD,Sydney,2026-04-18,48,24,50.0
YESIBRISBANE,RoANZ,2026-04-18,19,5,26.3
YESIBRUNCH,Melbourne,2026-04-18,52,24,46.2
YESICOCKTAIL,Melbourne,2026-04-18,55,51,92.7
YESICOCKTAILBRIS2,Brisbane,2026-04-18,353,205,58.1
YESICOCKTAILSYD,Sydney,2026-04-18,122,77,63.1
YESICOMMUTEBRIS2,Brisbane,2026-04-18,50,3,6.0
YESIDISTANCEBRIS2,Brisbane,2026-04-18,73,0,0.0
YESIEATOUTGC,RoANZ,2026-04-18,20,7,35.0
YESIFEELLUCKY,Melbourne,2026-04-18,573,126,22.0
YESIFOOTY,Melbourne,2026-04-18,68,26,38.2
YESIFOOTYBRIS2,Brisbane,2026-04-18,19,2,10.5
YESIGOTHEDISTANCE,Melbourne,2026-04-18,160,62,38.8
YESIGOTHEDISTANCESYD,Sydney,2026-04-18,155,56,36.1
YESIPUB,Melbourne,2026-04-18,89,38,42.7
YESIRUGBYSYD,Sydney,2026-04-18,32,4,12.5
YESISHOP,Melbourne,2026-04-18,70,12,17.1
YESITHEMEPARKGC,RoANZ,2026-04-18,9,3,33.3
HALOAU,Brisbane,2026-04-19,7,4,57.1
HALOAU,Melbourne,2026-04-19,19,9,47.4
HALOAU,Perth,2026-04-19,5,2,40.0
HALOAU,Sydney,2026-04-19,23,23,100.0
YESIAIRPORT,Melbourne,2026-04-19,108,70,64.8
YESIAIRPORTBNE2,Brisbane,2026-04-19,74,46,62.2
YESIAIRPORTGC,RoANZ,2026-04-19,34,21,61.8
YESIAIRPORTSYD,Sydney,2026-04-19,114,81,71.1
YESIBEACHGC,RoANZ,2026-04-19,24,17,70.8
YESIBEACHSYD,Sydney,2026-04-19,27,13,48.1
YESIBRISBANE,RoANZ,2026-04-19,11,2,18.2
YESIBRUNCH,Melbourne,2026-04-19,28,15,53.6
YESICOCKTAIL,Melbourne,2026-04-19,34,35,102.9
YESICOCKTAILBRIS2,Brisbane,2026-04-19,144,160,111.1
YESICOCKTAILSYD,Sydney,2026-04-19,39,50,128.2
YESICOMMUTEBRIS2,Brisbane,2026-04-19,46,1,2.2
YESIDISTANCEBRIS2,Brisbane,2026-04-19,71,0,0.0
YESIEATOUTGC,RoANZ,2026-04-19,16,9,56.3
YESIFEELLUCKY,Melbourne,2026-04-19,361,98,27.1
YESIFOOTY,Melbourne,2026-04-19,37,30,81.1
YESIFOOTYBRIS2,Brisbane,2026-04-19,10,2,20.0
YESIGOTHEDISTANCE,Melbourne,2026-04-19,101,42,41.6
YESIGOTHEDISTANCESYD,Sydney,2026-04-19,94,33,35.1
YESIPUB,Melbourne,2026-04-19,38,28,73.7
YESIRUGBYSYD,Sydney,2026-04-19,31,9,29.0
YESISHOP,Melbourne,2026-04-19,69,16,23.2
YESITHEMEPARKGC,RoANZ,2026-04-19,7,3,42.9
DIDIPAYS,Perth,2026-04-20,377,243,64.5
HALOAU,Melbourne,2026-04-20,21,11,52.4
HALOAU,Perth,2026-04-20,9,4,44.4
HALOAU,Sydney,2026-04-20,28,18,64.3
YESIAIRPORT,Melbourne,2026-04-20,92,70,76.1
YESIAIRPORTBNE2,Brisbane,2026-04-20,85,57,67.1
YESIAIRPORTSYD,Sydney,2026-04-20,73,50,68.5
YESIBEACHGC,RoANZ,2026-04-20,16,13,81.3
YESIBEACHSYD,Sydney,2026-04-20,10,4,40.0
YESIBRISBANE,RoANZ,2026-04-20,10,1,10.0
YESIBRUNCH,Melbourne,2026-04-20,25,8,32.0
YESICOCKTAIL,Melbourne,2026-04-20,14,17,121.4
YESICOCKTAILBRIS2,Brisbane,2026-04-20,15,6,40.0
YESICOCKTAILSYD,Sydney,2026-04-20,26,23,88.5
YESICOMMUTEBRIS2,Brisbane,2026-04-20,253,188,74.3
YESIDISTANCEBRIS2,Brisbane,2026-04-20,78,3,3.8
YESIEATOUTGC,RoANZ,2026-04-20,14,6,42.9
YESIFEELLUCKY,Melbourne,2026-04-20,349,91,26.1
YESIFOOTY,Melbourne,2026-04-20,16,6,37.5
YESIFOOTYBRIS2,Brisbane,2026-04-20,11,1,9.1
YESIGOTHEDISTANCE,Melbourne,2026-04-20,96,27,28.1
YESIGOTHEDISTANCESYD,Sydney,2026-04-20,68,16,23.5
YESIPUB,Melbourne,2026-04-20,13,6,46.2
YESIRUGBYSYD,Sydney,2026-04-20,5,0,0.0
YESISHOP,Melbourne,2026-04-20,41,11,26.8
YESITHEMEPARKGC,RoANZ,2026-04-20,6,2,33.3
DIDIPAYS,Perth,2026-04-21,983,502,51.1
HALOAU,Adelaide,2026-04-21,6,2,33.3
HALOAU,Brisbane,2026-04-21,8,6,75.0
HALOAU,Melbourne,2026-04-21,14,5,35.7
HALOAU,Perth,2026-04-21,9,5,55.6
HALOAU,Sydney,2026-04-21,40,27,67.5
YESIAIRPORT,Melbourne,2026-04-21,97,46,47.4
YESIAIRPORTBNE2,Brisbane,2026-04-21,87,53,60.9
YESIAIRPORTSYD,Sydney,2026-04-21,114,65,57.0
YESIBEACHGC,RoANZ,2026-04-21,17,18,105.9
YESIBEACHSYD,Sydney,2026-04-21,18,5,27.8
YESIBRISBANE,RoANZ,2026-04-21,17,0,0.0
YESIBRUNCH,Melbourne,2026-04-21,23,9,39.1
YESICOCKTAIL,Melbourne,2026-04-21,13,15,115.4
YESICOCKTAILBRIS2,Brisbane,2026-04-21,14,4,28.6
YESICOCKTAILSYD,Sydney,2026-04-21,38,28,73.7
YESICOMMUTEBRIS2,Brisbane,2026-04-21,286,237,82.9
YESIDISTANCEBRIS2,Brisbane,2026-04-21,85,1,1.2
YESIEATOUTGC,RoANZ,2026-04-21,21,16,76.2
YESIFEELLUCKY,Melbourne,2026-04-21,394,140,35.5
YESIFOOTY,Melbourne,2026-04-21,12,7,58.3
YESIFOOTYBRIS2,Brisbane,2026-04-21,12,0,0.0
YESIGOTHEDISTANCE,Melbourne,2026-04-21,106,33,31.1
YESIGOTHEDISTANCESYD,Sydney,2026-04-21,86,36,41.9
YESIPUB,Melbourne,2026-04-21,22,9,40.9
YESIRUGBYSYD,Sydney,2026-04-21,17,2,11.8
YESISHOP,Melbourne,2026-04-21,50,9,18.0
YESITHEMEPARKGC,RoANZ,2026-04-21,7,4,57.1
DIDIPAYS,Perth,2026-04-22,952,553,58.1
HALOAU,Brisbane,2026-04-22,5,7,140.0
HALOAU,Melbourne,2026-04-22,13,8,61.5
HALOAU,Sydney,2026-04-22,25,22,88.0
YESIAIRPORT,Melbourne,2026-04-22,155,69,44.5
YESIAIRPORTBNE2,Brisbane,2026-04-22,90,59,65.6
YESIAIRPORTGC,RoANZ,2026-04-22,5,1,20.0
YESIAIRPORTSYD,Sydney,2026-04-22,144,60,41.7
YESIBEACHGC,RoANZ,2026-04-22,10,9,90.0
YESIBEACHSYD,Sydney,2026-04-22,38,8,21.1
YESIBRISBANE,RoANZ,2026-04-22,11,1,9.1
YESIBRUNCH,Melbourne,2026-04-22,35,13,37.1
YESICOCKTAIL,Melbourne,2026-04-22,38,10,26.3
YESICOCKTAILBRIS2,Brisbane,2026-04-22,18,1,5.6
YESICOCKTAILSYD,Sydney,2026-04-22,83,27,32.5
YESICOMMUTEBRIS2,Brisbane,2026-04-22,260,286,110.0
YESIDINEOUTSYD,Sydney,2026-04-22,32,8,25.0
YESIDISTANCEBRIS2,Brisbane,2026-04-22,71,1,1.4
YESIEATOUTGC,RoANZ,2026-04-22,15,12,80.0
YESIFEELLUCKY,Melbourne,2026-04-22,468,175,37.4
YESIFOOTY,Melbourne,2026-04-22,28,9,32.1
YESIFOOTYBRIS2,Brisbane,2026-04-22,12,0,0.0
YESIGOTHEDISTANCE,Melbourne,2026-04-22,115,35,30.4
YESIGOTHEDISTANCESYD,Sydney,2026-04-22,112,22,19.6
YESIPUB,Melbourne,2026-04-22,38,12,31.6
YESIRUGBYSYD,Sydney,2026-04-22,18,0,0.0
YESISHOP,Melbourne,2026-04-22,61,16,26.2
YESITHEMEPARKGC,RoANZ,2026-04-22,5,2,40.0
DIDIPAYS,Perth,2026-04-23,888,629,70.8
HALOAU,Brisbane,2026-04-23,7,8,114.3
HALOAU,Melbourne,2026-04-23,6,4,66.7
HALOAU,Sydney,2026-04-23,22,12,54.5
TWOUPADL,Adelaide,2026-04-23,10,0,0.0
YESIAIRPORT,Melbourne,2026-04-23,163,78,47.9
YESIAIRPORTBNE2,Brisbane,2026-04-23,89,66,74.2
YESIAIRPORTGC,RoANZ,2026-04-23,34,19,55.9
YESIAIRPORTSYD,Sydney,2026-04-23,969,372,38.4
YESIBEACHGC,RoANZ,2026-04-23,10,7,70.0
YESIBEACHSYD,Sydney,2026-04-23,367,81,22.1
YESIBRISBANE,RoANZ,2026-04-23,5,1,20.0
YESIBRUNCH,Melbourne,2026-04-23,45,21,46.7
YESICOCKTAIL,Melbourne,2026-04-23,39,23,59.0
YESICOCKTAILBRIS2,Brisbane,2026-04-23,16,0,0.0
YESICOCKTAILSYD,Sydney,2026-04-23,571,190,33.3
YESICOMMUTEBRIS2,Brisbane,2026-04-23,244,319,130.7
YESIDINEOUTSYD,Sydney,2026-04-23,784,213,27.2
YESIDISTANCEBRIS2,Brisbane,2026-04-23,91,1,1.1
YESIFEELLUCKY,Melbourne,2026-04-23,433,192,44.3
YESIFOOTY,Melbourne,2026-04-23,34,13,38.2
YESIFOOTYBRIS2,Brisbane,2026-04-23,16,0,0.0
YESIGOTHEDISTANCE,Melbourne,2026-04-23,155,36,23.2
YESIGOTHEDISTANCESYD,Sydney,2026-04-23,886,141,15.9
YESIPUB,Melbourne,2026-04-23,45,14,31.1
YESIRUGBYSYD,Sydney,2026-04-23,200,34,17.0
YESISHOP,Melbourne,2026-04-23,61,8,13.1
YESITHEMEPARKGC,RoANZ,2026-04-23,5,3,60.0
YESITWOUP,Adelaide,2026-04-23,8,0,0.0
YESITWOUP,Brisbane,2026-04-23,25,0,0.0
YESITWOUP,Melbourne,2026-04-23,49,0,0.0
YESITWOUP,Perth,2026-04-23,19,0,0.0
YESITWOUP,RoANZ,2026-04-23,88,0,0.0
YESITWOUP,Sydney,2026-04-23,471,0,0.0
DIDIPAYS,Perth,2026-04-24,1004,673,67.0
GOQLD,Brisbane,2026-04-24,124,39,31.5
HALOAU,Melbourne,2026-04-24,20,14,70.0
HALOAU,Perth,2026-04-24,7,6,85.7
HALOAU,Sydney,2026-04-24,14,16,114.3
TWOUPADL,Adelaide,2026-04-24,925,358,38.7
YESIAIRPORT,Melbourne,2026-04-24,125,61,48.8
YESIAIRPORTBNE2,Brisbane,2026-04-24,101,64,63.4
YESIAIRPORTGC,RoANZ,2026-04-24,37,25,67.6
YESIAIRPORTSYD,Sydney,2026-04-24,1055,586,55.5
YESIBEACHGC,RoANZ,2026-04-24,5,7,140.0
YESIBEACHSYD,Sydney,2026-04-24,540,186,34.4
YESIBRISBANE,RoANZ,2026-04-24,7,0,0.0
YESIBRUNCH,Melbourne,2026-04-24,46,27,58.7
YESICOCKTAIL,Melbourne,2026-04-24,61,30,49.2
YESICOCKTAILBRIS2,Brisbane,2026-04-24,46,0,0.0
YESICOCKTAILSYD,Sydney,2026-04-24,769,421,54.7
YESICOMMUTEBRIS2,Brisbane,2026-04-24,223,375,168.2
YESIDINEOUTSYD,Sydney,2026-04-24,1107,506,45.7
YESIDISTANCEBRIS2,Brisbane,2026-04-24,89,0,0.0
YESIEATOUTGC,RoANZ,2026-04-24,13,10,76.9
YESIFEELLUCKY,Melbourne,2026-04-24,580,267,46.0
YESIFOOTY,Melbourne,2026-04-24,45,20,44.4
YESIFOOTYBRIS2,Brisbane,2026-04-24,34,7,20.6
YESIGOTHEDISTANCE,Melbourne,2026-04-24,187,53,28.3
YESIGOTHEDISTANCESYD,Sydney,2026-04-24,1167,302,25.9
YESIPUB,Melbourne,2026-04-24,61,33,54.1
YESIRUGBYSYD,Sydney,2026-04-24,126,19,15.1
YESISHOP,Melbourne,2026-04-24,65,23,35.4
YESITWOUP,Brisbane,2026-04-24,7,5,71.4
YESITWOUP,Melbourne,2026-04-24,12,9,75.0
YESITWOUP,Perth,2026-04-24,7,5,71.4
YESITWOUP,RoANZ,2026-04-24,162,54,33.3
YESITWOUP,Sydney,2026-04-24,134,54,40.3
DIDIPAYS,Perth,2026-04-25,769,579,75.3
GOQLD,Brisbane,2026-04-25,458,254,55.5
HELLOAU,Melbourne,2026-04-25,14,3,21.4
HELLOAU,Sydney,2026-04-25,17,3,17.6
ROAMAU,Brisbane,2026-04-25,17,10,58.8
ROAMAU,Melbourne,2026-04-25,26,10,38.5
ROAMAU,Perth,2026-04-25,11,5,45.5
ROAMAU,Sydney,2026-04-25,38,5,13.2
TWOUPADL,Adelaide,2026-04-25,1341,886,66.1
YESIAIRPORT,Melbourne,2026-04-25,111,64,57.7
YESIAIRPORTBNE2,Brisbane,2026-04-25,17,20,117.6
YESIAIRPORTGC,RoANZ,2026-04-25,23,16,69.6
YESIAIRPORTSYD,Sydney,2026-04-25,726,598,82.4
YESIBEACHGC,RoANZ,2026-04-25,25,9,36.0
YESIBEACHSYD,Sydney,2026-04-25,557,347,62.3
YESIBRISBANE,RoANZ,2026-04-25,7,0,0.0
YESIBRUNCH,Melbourne,2026-04-25,53,27,50.9
YESICOCKTAIL,Melbourne,2026-04-25,61,43,70.5
YESICOCKTAILBRIS2,Brisbane,2026-04-25,48,120,250.0
YESICOCKTAILSYD,Sydney,2026-04-25,386,488,126.4
YESICOMMUTEBRIS2,Brisbane,2026-04-25,8,13,162.5
YESIDINEOUTSYD,Sydney,2026-04-25,796,528,66.3
YESIDISTANCEBRIS2,Brisbane,2026-04-25,21,3,14.3
YESIEATOUTGC,RoANZ,2026-04-25,16,5,31.3
YESIFEELLUCKY,Melbourne,2026-04-25,545,247,45.3
YESIFOOTY,Melbourne,2026-04-25,63,38,60.3
YESIGOTHEDISTANCE,Melbourne,2026-04-25,169,48,28.4
YESIGOTHEDISTANCESYD,Sydney,2026-04-25,838,341,40.7
YESIPUB,Melbourne,2026-04-25,80,33,41.3
YESIRUGBYSYD,Sydney,2026-04-25,162,59,36.4
YESISHOP,Melbourne,2026-04-25,54,20,37.0
YESITWOUP,Adelaide,2026-04-25,41,11,26.8
YESITWOUP,Brisbane,2026-04-25,97,45,46.4
YESITWOUP,Melbourne,2026-04-25,239,73,30.5
YESITWOUP,Perth,2026-04-25,77,25,32.5
YESITWOUP,RoANZ,2026-04-25,602,177,29.4
YESITWOUP,Sydney,2026-04-25,2040,720,35.3
DIDIPAYS,Perth,2026-04-26,687,562,81.8
GOQLD,Brisbane,2026-04-26,284,228,80.3
HELLOAU,Melbourne,2026-04-26,10,3,30.0
HELLOAU,Sydney,2026-04-26,16,11,68.8
ROAMAU,Adelaide,2026-04-26,6,3,50.0
ROAMAU,Brisbane,2026-04-26,5,6,120.0
ROAMAU,Melbourne,2026-04-26,23,10,43.5
ROAMAU,Perth,2026-04-26,5,6,120.0
ROAMAU,RoANZ,2026-04-26,5,1,20.0
ROAMAU,Sydney,2026-04-26,43,27,62.8
TWOUPADL,Adelaide,2026-04-26,643,702,109.2
YESIAIRPORT,Melbourne,2026-04-26,116,59,50.9
YESIAIRPORTBNE2,Brisbane,2026-04-26,19,23,121.1
YESIAIRPORTGC,RoANZ,2026-04-26,25,10,40.0
YESIAIRPORTSYD,Sydney,2026-04-26,198,331,167.2
YESIBEACHGC,RoANZ,2026-04-26,14,9,64.3
YESIBEACHSYD,Sydney,2026-04-26,67,146,217.9
YESIBRISBANE,RoANZ,2026-04-26,11,1,9.1
YESIBRUNCH,Melbourne,2026-04-26,41,17,41.5
YESICOCKTAIL,Melbourne,2026-04-26,44,31,70.5
YESICOCKTAILBRIS2,Brisbane,2026-04-26,21,81,385.7
YESICOCKTAILSYD,Sydney,2026-04-26,83,231,278.3
YESICOMMUTEBRIS2,Brisbane,2026-04-26,10,5,50.0
YESIDINEOUTSYD,Sydney,2026-04-26,124,221,178.2
YESIDISTANCEBRIS2,Brisbane,2026-04-26,10,2,20.0
YESIEATOUTGC,RoANZ,2026-04-26,17,7,41.2
YESIFEELLUCKY,Melbourne,2026-04-26,380,196,51.6
YESIFOOTY,Melbourne,2026-04-26,30,28,93.3
YESIFOOTYBRIS2,Brisbane,2026-04-26,6,3,50.0
YESIGOTHEDISTANCE,Melbourne,2026-04-26,113,39,34.5
YESIGOTHEDISTANCESYD,Sydney,2026-04-26,144,165,114.6
YESIPUB,Melbourne,2026-04-26,47,17,36.2
YESIRUGBYSYD,Sydney,2026-04-26,40,19,47.5
YESISHOP,Melbourne,2026-04-26,56,16,28.6
YESITHEMEPARKGC,RoANZ,2026-04-26,8,2,25.0
YESITWOUP,Adelaide,2026-04-26,9,11,122.2
YESITWOUP,Brisbane,2026-04-26,30,25,83.3
YESITWOUP,Melbourne,2026-04-26,49,56,114.3
YESITWOUP,Perth,2026-04-26,18,30,166.7
YESITWOUP,RoANZ,2026-04-26,182,128,70.3
YESITWOUP,Sydney,2026-04-26,527,586,111.2
DIDIPAYS,Perth,2026-04-27,471,507,107.6
GOQLD,Brisbane,2026-04-27,314,240,76.4
GOQLD,RoANZ,2026-04-27,43,26,60.5
HELLOAU,Melbourne,2026-04-27,9,7,77.8
HELLOAU,RoANZ,2026-04-27,5,2,40.0
HELLOAU,Sydney,2026-04-27,14,10,71.4
ROAMAU,Brisbane,2026-04-27,12,6,50.0
ROAMAU,Melbourne,2026-04-27,23,13,56.5
ROAMAU,RoANZ,2026-04-27,6,3,50.0
ROAMAU,Sydney,2026-04-27,28,21,75.0
YESIAIRPORT,Melbourne,2026-04-27,150,80,53.3
YESIAIRPORTSYD,Sydney,2026-04-27,45,224,497.8
YESIBEACHSYD,Sydney,2026-04-27,13,45,346.2
YESIBRUNCH,Melbourne,2026-04-27,21,16,76.2
YESICOCKTAIL,Melbourne,2026-04-27,16,14,87.5
YESICOCKTAILSYD,Sydney,2026-04-27,6,114,1900.0
YESIDINEOUTSYD,Sydney,2026-04-27,15,110,733.3
YESIFEELLUCKY,Melbourne,2026-04-27,367,174,47.4
YESIFOOTY,Melbourne,2026-04-27,18,14,77.8
YESIGOTHEDISTANCE,Melbourne,2026-04-27,118,30,25.4
YESIGOTHEDISTANCESYD,Sydney,2026-04-27,26,72,276.9
YESIPUB,Melbourne,2026-04-27,24,15,62.5
YESIRUGBYSYD,Sydney,2026-04-27,6,4,66.7
YESISHOP,Melbourne,2026-04-27,56,13,23.2
YESITWOUP,Melbourne,2026-04-27,9,30,333.3
YESITWOUP,RoANZ,2026-04-27,12,45,375.0
YESITWOUP,Sydney,2026-04-27,51,162,317.6
GOQLD,Brisbane,2026-04-28,965,471,48.8
GOQLD,RoANZ,2026-04-28,124,41,33.1
HELLOAU,Melbourne,2026-04-28,11,5,45.5
HELLOAU,Sydney,2026-04-28,18,7,38.9
ROAMAU,Brisbane,2026-04-28,8,5,62.5
ROAMAU,Melbourne,2026-04-28,9,9,100.0
ROAMAU,Perth,2026-04-28,9,8,88.9
ROAMAU,Sydney,2026-04-28,39,32,82.1
YESIAIRPORT,Melbourne,2026-04-28,167,77,46.1
YESIAIRPORTSYD,Sydney,2026-04-28,35,170,485.7
YESIBEACHSYD,Sydney,2026-04-28,14,28,200.0
YESIBRUNCH,Melbourne,2026-04-28,28,15,53.6
YESICOCKTAIL,Melbourne,2026-04-28,25,18,72.0
YESICOCKTAILSYD,Sydney,2026-04-28,17,90,529.4
YESIDINEOUTSYD,Sydney,2026-04-28,18,102,566.7
YESIFEELLUCKY,Melbourne,2026-04-28,430,197,45.8
YESIFOOTY,Melbourne,2026-04-28,27,11,40.7
YESIGOTHEDISTANCE,Melbourne,2026-04-28,153,31,20.3
YESIGOTHEDISTANCESYD,Sydney,2026-04-28,17,75,441.2
YESIPUB,Melbourne,2026-04-28,30,12,40.0
YESIRUGBYSYD,Sydney,2026-04-28,8,7,87.5
YESISHOP,Melbourne,2026-04-28,53,21,39.6
GOQLD,Brisbane,2026-04-29,1068,848,79.4
GOQLD,RoANZ,2026-04-29,54,43,79.6
HELLOAU,Melbourne,2026-04-29,7,10,142.9
HELLOAU,Sydney,2026-04-29,26,21,80.8
ROAMAU,Brisbane,2026-04-29,8,6,75.0
ROAMAU,Melbourne,2026-04-29,24,15,62.5
ROAMAU,Perth,2026-04-29,13,7,53.8
ROAMAU,Sydney,2026-04-29,23,25,108.7
YESIAIRPORT,Melbourne,2026-04-29,150,65,43.3
YESIAIRPORTSYD,Sydney,2026-04-29,35,140,400.0
YESIBEACHSYD,Sydney,2026-04-29,5,32,640.0
YESIBRUNCH,Melbourne,2026-04-29,32,20,62.5
YESICOCKTAIL,Melbourne,2026-04-29,31,27,87.1
YESICOCKTAILSYD,Sydney,2026-04-29,7,73,1042.9
YESIDINEOUTSYD,Sydney,2026-04-29,19,105,552.6
YESIFEELLUCKY,Melbourne,2026-04-29,446,217,48.7
YESIFEELLUCKYSYD,Sydney,2026-04-29,301,20,6.6
YESIFOOTY,Melbourne,2026-04-29,26,13,50.0
YESIGOTHEDISTANCE,Melbourne,2026-04-29,119,39,32.8
YESIGOTHEDISTANCESYD,Sydney,2026-04-29,15,62,413.3
YESIPUB,Melbourne,2026-04-29,39,19,48.7
YESISHOP,Melbourne,2026-04-29,55,7,12.7
DIDIPAYS,Perth,2026-04-30,369,271,73.4
GOQLD,Brisbane,2026-04-30,1032,937,90.8
GOQLD,RoANZ,2026-04-30,84,72,85.7
HELLOAU,Melbourne,2026-04-30,7,11,157.1
HELLOAU,Perth,2026-04-30,10,5,50.0
HELLOAU,RoANZ,2026-04-30,7,5,71.4
HELLOAU,Sydney,2026-04-30,23,20,87.0
ROAMAU,Melbourne,2026-04-30,25,14,56.0
ROAMAU,Perth,2026-04-30,7,7,100.0
ROAMAU,Sydney,2026-04-30,32,28,87.5
YESIAIRPORT,Melbourne,2026-04-30,127,69,54.3
YESIAIRPORTGC,RoANZ,2026-04-30,6,3,50.0
YESIAIRPORTSYD,Sydney,2026-04-30,37,93,251.4
YESIBEACHSYD,Sydney,2026-04-30,10,31,310.0
YESIBRUNCH,Melbourne,2026-04-30,45,16,35.6
YESICOCKTAIL,Melbourne,2026-04-30,42,25,59.5
YESICOCKTAILSYD,Sydney,2026-04-30,12,51,425.0
YESIDINEOUTSYD,Sydney,2026-04-30,9,87,966.7
YESIFEELLUCKY,Melbourne,2026-04-30,510,267,52.4
YESIFEELLUCKYSYD,Sydney,2026-04-30,97,25,25.8
YESIFOOTY,Melbourne,2026-04-30,46,21,45.7
YESIGOTHEDISTANCE,Melbourne,2026-04-30,129,27,20.9
YESIGOTHEDISTANCESYD,Sydney,2026-04-30,21,67,319.0
YESIPUB,Melbourne,2026-04-30,48,22,45.8
YESIRUGBYSYD,Sydney,2026-04-30,5,7,140.0
YESISHOP,Melbourne,2026-04-30,65,17,26.2
YESISKIPTRAFFIC,Melbourne,2026-04-30,54,7,13.0
DIDIPAYS,Perth,2026-05-01,1321,678,51.3
GOQLD,Brisbane,2026-05-01,934,935,100.1
GOQLD,RoANZ,2026-05-01,171,96,56.1
HELLOAU,Brisbane,2026-05-01,5,5,100.0
HELLOAU,Melbourne,2026-05-01,17,14,82.4
HELLOAU,Perth,2026-05-01,7,5,71.4
HELLOAU,RoANZ,2026-05-01,5,3,60.0
HELLOAU,Sydney,2026-05-01,48,31,64.6
ROAMAU,Brisbane,2026-05-01,10,6,60.0
ROAMAU,Melbourne,2026-05-01,24,20,83.3
ROAMAU,Perth,2026-05-01,8,5,62.5
ROAMAU,RoANZ,2026-05-01,7,2,28.6
ROAMAU,Sydney,2026-05-01,27,20,74.1
YESIAIRPORT,Melbourne,2026-05-01,155,86,55.5
YESIAIRPORTSYD,Sydney,2026-05-01,32,89,278.1
YESIBEACHSYD,Sydney,2026-05-01,13,36,276.9
YESIBRUNCH,Melbourne,2026-05-01,43,16,37.2
YESICOCKTAIL,Melbourne,2026-05-01,39,24,61.5
YESICOCKTAILSYD,Sydney,2026-05-01,15,47,313.3
YESIDINEOUTSYD,Sydney,2026-05-01,18,77,427.8
YESIFEELLUCKY,Melbourne,2026-05-01,515,295,57.3
YESIFEELLUCKYSYD,Sydney,2026-05-01,63,27,42.9
YESIFOOTY,Melbourne,2026-05-01,38,28,73.7
YESIGOTHEDISTANCE,Melbourne,2026-05-01,176,46,26.1
YESIGOTHEDISTANCESYD,Sydney,2026-05-01,20,53,265.0
YESIPUB,Melbourne,2026-05-01,69,49,71.0
YESISHOP,Melbourne,2026-05-01,61,31,50.8
YESISKIPTRAFFIC,Melbourne,2026-05-01,261,76,29.1
DASHAU,Brisbane,2026-05-02,18,9,50.0
DASHAU,Melbourne,2026-05-02,47,15,31.9
DASHAU,Perth,2026-05-02,14,6,42.9
DASHAU,RoANZ,2026-05-02,9,3,33.3
DASHAU,Sydney,2026-05-02,62,24,38.7
DIDIPAYS,Perth,2026-05-02,981,602,61.4
GOQLD,Brisbane,2026-05-02,690,774,112.2
GOQLD,RoANZ,2026-05-02,256,130,50.8
HELLOAU,Melbourne,2026-05-02,26,7,26.9
HELLOAU,Sydney,2026-05-02,34,37,108.8
TRAVELLONG,Brisbane,2026-05-02,10,2,20.0
YESIAIRPORT,Melbourne,2026-05-02,125,66,52.8
YESIAIRPORTSYD,Sydney,2026-05-02,37,64,173.0
YESIBEACHSYD,Sydney,2026-05-02,9,25,277.8
YESIBRUNCH,Melbourne,2026-05-02,72,31,43.1
YESICOCKTAIL,Melbourne,2026-05-02,63,32,50.8
YESICOCKTAILSYD,Sydney,2026-05-02,19,49,257.9
YESIDINEOUTSYD,Sydney,2026-05-02,27,54,200.0
YESIFEELLUCKY,Melbourne,2026-05-02,573,268,46.8
YESIFEELLUCKYSYD,Sydney,2026-05-02,68,37,54.4
YESIFOOTY,Melbourne,2026-05-02,53,32,60.4
YESIGOTHEDISTANCE,Melbourne,2026-05-02,159,41,25.8
YESIGOTHEDISTANCESYD,Sydney,2026-05-02,22,41,186.4
YESIPUB,Melbourne,2026-05-02,91,54,59.3
YESIRUGBYSYD,Sydney,2026-05-02,13,10,76.9
YESISHOP,Melbourne,2026-05-02,88,20,22.7
YESISKIPTRAFFIC,Melbourne,2026-05-02,90,1,1.1
DASHAU,Brisbane,2026-05-03,10,7,70.0
DASHAU,Melbourne,2026-05-03,30,20,66.7
DASHAU,Perth,2026-05-03,12,6,50.0
DASHAU,RoANZ,2026-05-03,8,1,12.5
DASHAU,Sydney,2026-05-03,47,24,51.1
DIDIPAYS,Perth,2026-05-03,678,642,94.7
GOQLD,Brisbane,2026-05-03,612,646,105.6
GOQLD,RoANZ,2026-05-03,207,115,55.6
HELLOAU,Brisbane,2026-05-03,5,4,80.0
HELLOAU,Melbourne,2026-05-03,18,19,105.6
HELLOAU,Perth,2026-05-03,9,3,33.3
HELLOAU,RoANZ,2026-05-03,9,6,66.7
HELLOAU,Sydney,2026-05-03,39,51,130.8
TRAVELLONG,Brisbane,2026-05-03,10,1,10.0
YESIAIRPORT,Melbourne,2026-05-03,131,74,56.5
YESIAIRPORTSYD,Sydney,2026-05-03,32,36,112.5
YESIBEACHSYD,Sydney,2026-05-03,6,7,116.7
YESIBRUNCH,Melbourne,2026-05-03,41,22,53.7
YESICOCKTAIL,Melbourne,2026-05-03,29,26,89.7
YESICOCKTAILSYD,Sydney,2026-05-03,6,18,300.0
YESIDINEOUTSYD,Sydney,2026-05-03,16,8,50.0
YESIFEELLUCKY,Melbourne,2026-05-03,372,211,56.7
YESIFEELLUCKYSYD,Sydney,2026-05-03,29,21,72.4
YESIFOOTY,Melbourne,2026-05-03,23,18,78.3
YESIGOTHEDISTANCE,Melbourne,2026-05-03,110,34,30.9
YESIGOTHEDISTANCESYD,Sydney,2026-05-03,16,13,81.3
YESIPUB,Melbourne,2026-05-03,49,42,85.7
YESIRUGBYSYD,Sydney,2026-05-03,5,2,40.0
YESISHOP,Melbourne,2026-05-03,64,29,45.3
YESISKIPTRAFFIC,Melbourne,2026-05-03,73,0,0.0
DASHAU,Melbourne,2026-05-04,26,16,61.5
DASHAU,Perth,2026-05-04,5,7,140.0
DASHAU,Sydney,2026-05-04,40,36,90.0
DIDIPAYS,Perth,2026-05-04,651,422,64.8
GOQLD,Brisbane,2026-05-04,466,477,102.4
GOQLD,RoANZ,2026-05-04,79,77,97.5
HELLOAU,Brisbane,2026-05-04,5,2,40.0
HELLOAU,Melbourne,2026-05-04,15,15,100.0
HELLOAU,Sydney,2026-05-04,49,53,108.2
YESIAIRPORT,Melbourne,2026-05-04,169,80,47.3
YESIAIRPORTSYD,Sydney,2026-05-04,39,32,82.1
YESIBEACHSYD,Sydney,2026-05-04,8,1,12.5
YESIBRUNCH,Melbourne,2026-05-04,16,3,18.8
YESICOCKTAIL,Melbourne,2026-05-04,14,19,135.7
YESICOCKTAILSYD,Sydney,2026-05-04,8,2,25.0
YESIDINEOUTSYD,Sydney,2026-05-04,16,15,93.8
YESIFEELLUCKY,Melbourne,2026-05-04,281,166,59.1
YESIFEELLUCKYSYD,Sydney,2026-05-04,47,25,53.2
YESIFOOTY,Melbourne,2026-05-04,20,9,45.0
YESIGOTHEDISTANCE,Melbourne,2026-05-04,87,28,32.2
YESIGOTHEDISTANCESYD,Sydney,2026-05-04,25,5,20.0
YESIPUB,Melbourne,2026-05-04,18,13,72.2
YESISHOP,Melbourne,2026-05-04,33,14,42.4
YESISKIPTRAFFIC,Melbourne,2026-05-04,181,93,51.4
DASHAU,Adelaide,2026-05-05,6,4,66.7
DASHAU,Brisbane,2026-05-05,11,10,90.9
DASHAU,Melbourne,2026-05-05,9,13,144.4
DASHAU,Perth,2026-05-05,8,7,87.5
DASHAU,Sydney,2026-05-05,36,30,83.3
DIDIPAYS,Perth,2026-05-05,704,464,65.9
GOQLD,Brisbane,2026-05-05,722,680,94.2
GOQLD,RoANZ,2026-05-05,27,60,222.2
HELLOAU,Melbourne,2026-05-05,11,12,109.1
HELLOAU,Perth,2026-05-05,6,6,100.0
HELLOAU,Sydney,2026-05-05,21,52,247.6
TRAVELLONG,Brisbane,2026-05-05,7,1,14.3
YESIAIRPORT,Melbourne,2026-05-05,156,40,25.6
YESIAIRPORTSYD,Sydney,2026-05-05,90,30,33.3
YESIBEACHSYD,Sydney,2026-05-05,9,3,33.3
YESIBRUNCH,Melbourne,2026-05-05,24,14,58.3
YESICOCKTAIL,Melbourne,2026-05-05,23,14,60.9
YESICOCKTAILSYD,Sydney,2026-05-05,18,7,38.9
YESIDINEOUTSYD,Sydney,2026-05-05,23,10,43.5
YESIFEELLUCKY,Melbourne,2026-05-05,340,145,42.6
YESIFEELLUCKYSYD,Sydney,2026-05-05,104,34,32.7
YESIFOOTY,Melbourne,2026-05-05,14,4,28.6
YESIGOTHEDISTANCE,Melbourne,2026-05-05,106,21,19.8
YESIGOTHEDISTANCESYD,Sydney,2026-05-05,36,10,27.8
YESIPUB,Melbourne,2026-05-05,23,10,43.5
YESIRUGBYSYD,Sydney,2026-05-05,6,0,0.0
YESISHOP,Melbourne,2026-05-05,45,12,26.7
YESISKIPTRAFFIC,Melbourne,2026-05-05,225,107,47.6
DASHAU,Adelaide,2026-05-06,5,5,100.0
DASHAU,Melbourne,2026-05-06,23,16,69.6
DASHAU,Perth,2026-05-06,9,2,22.2
DASHAU,Sydney,2026-05-06,34,32,94.1
DIDIPAYS,Perth,2026-05-06,469,538,114.7
FORMUM,Adelaide,2026-05-06,319,8,2.5
FORMUM,Brisbane,2026-05-06,7,0,0.0
FORMUM,Melbourne,2026-05-06,1727,29,1.7
FORMUM,Perth,2026-05-06,1449,19,1.3
FORMUM,RoANZ,2026-05-06,140,1,0.7
FORMUM,Sydney,2026-05-06,1413,24,1.7
GOQLD,Brisbane,2026-05-06,844,666,78.9
GOQLD,RoANZ,2026-05-06,38,47,123.7
HELLOAU,Perth,2026-05-06,6,6,100.0
HELLOAU,Sydney,2026-05-06,17,25,147.1
TRAVELLONG,Brisbane,2026-05-06,12,0,0.0
YESIAIRPORT,Melbourne,2026-05-06,108,34,31.5
YESIAIRPORTSYD,Sydney,2026-05-06,97,59,60.8
YESIBEACHSYD,Sydney,2026-05-06,14,5,35.7
YESIBRUNCH,Melbourne,2026-05-06,17,13,76.5
YESICOCKTAIL,Melbourne,2026-05-06,21,18,85.7
YESICOCKTAILSYD,Sydney,2026-05-06,23,11,47.8
YESIDINEOUTSYD,Sydney,2026-05-06,34,10,29.4
YESIFEELLUCKY,Melbourne,2026-05-06,303,162,53.5
YESIFEELLUCKYSYD,Sydney,2026-05-06,110,62,56.4
YESIFOOTY,Melbourne,2026-05-06,14,8,57.1
YESIGOTHEDISTANCE,Melbourne,2026-05-06,73,36,49.3
YESIGOTHEDISTANCESYD,Sydney,2026-05-06,32,7,21.9
YESIPUB,Melbourne,2026-05-06,27,14,51.9
YESIRUGBYSYD,Sydney,2026-05-06,6,0,0.0
YESISHOP,Melbourne,2026-05-06,40,10,25.0
YESISKIPTRAFFIC,Melbourne,2026-05-06,190,146,76.8
DASHAU,Melbourne,2026-05-07,21,16,76.2
DASHAU,Perth,2026-05-07,11,6,54.5
DASHAU,Sydney,2026-05-07,22,24,109.1
FORMUM,Adelaide,2026-05-07,774,28,3.6
FORMUM,Brisbane,2026-05-07,8,0,0.0
FORMUM,Melbourne,2026-05-07,4057,104,2.6
FORMUM,Perth,2026-05-07,3103,56,1.8
FORMUM,RoANZ,2026-05-07,285,2,0.7
FORMUM,Sydney,2026-05-07,3149,71,2.3
GOQLD,Brisbane,2026-05-07,765,631,82.5
GOQLD,RoANZ,2026-05-07,24,38,158.3
HELLOAU,RoANZ,2026-05-07,5,0,0.0
HELLOAU,Sydney,2026-05-07,17,20,117.6
TRAVELLONG,Brisbane,2026-05-07,11,1,9.1
YESIAIRPORT,Melbourne,2026-05-07,93,34,36.6
YESIAIRPORTSYD,Sydney,2026-05-07,117,62,53.0
YESIBEACHSYD,Sydney,2026-05-07,19,6,31.6
YESIBRUNCH,Melbourne,2026-05-07,26,7,26.9
YESICOCKTAIL,Melbourne,2026-05-07,19,18,94.7
YESICOCKTAILSYD,Sydney,2026-05-07,31,10,32.3
YESIDINEOUTSYD,Sydney,2026-05-07,28,10,35.7
YESIFEELLUCKY,Melbourne,2026-05-07,186,122,65.6
YESIFEELLUCKYSYD,Sydney,2026-05-07,89,44,49.4
YESIFOOTY,Melbourne,2026-05-07,16,13,81.3
YESIGOTHEDISTANCE,Melbourne,2026-05-07,67,20,29.9
YESIGOTHEDISTANCESYD,Sydney,2026-05-07,29,7,24.1
YESIPUB,Melbourne,2026-05-07,23,13,56.5
YESIRUGBYSYD,Sydney,2026-05-07,6,1,16.7
YESISHOP,Melbourne,2026-05-07,18,19,105.6
YESISKIPTRAFFIC,Melbourne,2026-05-07,114,144,126.3
7-ELEVENSTAFF,Melbourne,2026-05-08,35,1,2.9
CUMMING,Melbourne,2026-05-08,26,0,0.0
CUMMING,Perth,2026-05-08,5,0,0.0
CUMMING,RoANZ,2026-05-08,5,0,0.0
DASHAU,Adelaide,2026-05-08,6,7,116.7
DASHAU,Brisbane,2026-05-08,6,3,50.0
DASHAU,Melbourne,2026-05-08,18,14,77.8
DASHAU,Perth,2026-05-08,10,5,50.0
DASHAU,Sydney,2026-05-08,31,26,83.9
DIDIPAYS,Perth,2026-05-08,250,387,154.8
FORMUM,Adelaide,2026-05-08,995,36,3.6
FORMUM,Brisbane,2026-05-08,29,0,0.0
FORMUM,Melbourne,2026-05-08,4607,113,2.5
FORMUM,Perth,2026-05-08,3299,52,1.6
FORMUM,RoANZ,2026-05-08,399,5,1.3
FORMUM,Sydney,2026-05-08,3958,74,1.9
GOQLD,Brisbane,2026-05-08,923,749,81.1
GOQLD,RoANZ,2026-05-08,59,73,123.7
TRAVELLONG,Brisbane,2026-05-08,15,0,0.0
YESIAIRPORT,Melbourne,2026-05-08,70,22,31.4
YESIAIRPORTSYD,Sydney,2026-05-08,144,93,64.6
YESIBEACHSYD,Sydney,2026-05-08,24,5,20.8
YESIBRUNCH,Melbourne,2026-05-08,14,11,78.6
YESICOCKTAIL,Melbourne,2026-05-08,21,10,47.6
YESICOCKTAILSYD,Sydney,2026-05-08,64,14,21.9
YESIDINEOUTSYD,Sydney,2026-05-08,56,16,28.6
YESIFEELLUCKY,Melbourne,2026-05-08,216,136,63.0
YESIFEELLUCKYSYD,Sydney,2026-05-08,139,50,36.0
YESIFOOTY,Melbourne,2026-05-08,19,10,52.6
YESIGOTHEDISTANCE,Melbourne,2026-05-08,74,25,33.8
YESIGOTHEDISTANCESYD,Sydney,2026-05-08,58,16,27.6
YESILUCKY,Brisbane,2026-05-08,76,28,36.8
YESIPUB,Melbourne,2026-05-08,30,14,46.7
YESIRUGBYSYD,Sydney,2026-05-08,11,0,0.0
YESISHOP,Melbourne,2026-05-08,29,14,48.3
YESISKIPTRAFFIC,Melbourne,2026-05-08,97,141,145.4
CUMMING,Melbourne,2026-05-09,16,0,0.0
DIDIPAYS,Perth,2026-05-09,325,342,105.2
FORMUM,Adelaide,2026-05-09,755,36,4.8
FORMUM,Brisbane,2026-05-09,5,0,0.0
FORMUM,Melbourne,2026-05-09,4122,103,2.5
FORMUM,Perth,2026-05-09,2563,52,2.0
FORMUM,RoANZ,2026-05-09,303,6,2.0
FORMUM,Sydney,2026-05-09,4304,64,1.5
GOCATS,Melbourne,2026-05-09,50,0,0.0
GOQLD,Brisbane,2026-05-09,769,671,87.3
GOQLD,RoANZ,2026-05-09,49,66,134.7
RISEAU,Brisbane,2026-05-09,14,5,35.7
RISEAU,Melbourne,2026-05-09,46,18,39.1
RISEAU,Perth,2026-05-09,6,3,50.0
RISEAU,Sydney,2026-05-09,66,23,34.8
TRAVELLONG,Brisbane,2026-05-09,14,2,14.3
YESIAIRPORT,Melbourne,2026-05-09,50,22,44.0
YESIAIRPORTSYD,Sydney,2026-05-09,143,97,67.8
YESIBEACHSYD,Sydney,2026-05-09,29,12,41.4
YESIBRUNCH,Melbourne,2026-05-09,25,16,64.0
YESICOCKTAIL,Melbourne,2026-05-09,33,19,57.6
YESICOCKTAILSYD,Sydney,2026-05-09,85,25,29.4
YESIDINEOUTSYD,Sydney,2026-05-09,51,19,37.3
YESIFEELLUCKY,Melbourne,2026-05-09,265,138,52.1
YESIFEELLUCKYSYD,Sydney,2026-05-09,136,70,51.5
YESIFOOTY,Melbourne,2026-05-09,41,11,26.8
YESIGOTHEDISTANCE,Melbourne,2026-05-09,78,19,24.4
YESIGOTHEDISTANCESYD,Sydney,2026-05-09,75,26,34.7
YESILUCKY,Brisbane,2026-05-09,231,108,46.8
YESILUCKY,RoANZ,2026-05-09,17,5,29.4
YESIPUB,Melbourne,2026-05-09,34,22,64.7
YESIRUGBYSYD,Sydney,2026-05-09,15,1,6.7
YESISHOP,Melbourne,2026-05-09,31,8,25.8
YESISKIPTRAFFIC,Melbourne,2026-05-09,34,5,14.7
CUMMING,Melbourne,2026-05-10,9,17,188.9
DIDIPAYS,Perth,2026-05-10,268,277,103.4
FORMUM,Adelaide,2026-05-10,552,31,5.6
FORMUM,Brisbane,2026-05-10,6,1,16.7
FORMUM,Melbourne,2026-05-10,2498,101,4.0
FORMUM,Perth,2026-05-10,1783,54,3.0
FORMUM,RoANZ,2026-05-10,198,6,3.0
FORMUM,Sydney,2026-05-10,2466,83,3.4
GOCATS,Melbourne,2026-05-10,26,0,0.0
GOQLD,Brisbane,2026-05-10,603,562,93.2
GOQLD,RoANZ,2026-05-10,41,42,102.4
RISEAU,Brisbane,2026-05-10,6,4,66.7
RISEAU,Melbourne,2026-05-10,25,12,48.0
RISEAU,Perth,2026-05-10,10,5,50.0
RISEAU,Sydney,2026-05-10,32,17,53.1
TRAVELLONG,Brisbane,2026-05-10,8,0,0.0
YESIAIRPORT,Melbourne,2026-05-10,50,20,40.0
YESIAIRPORTSYD,Sydney,2026-05-10,132,85,64.4
YESIBEACHSYD,Sydney,2026-05-10,14,5,35.7
YESIBRUNCH,Melbourne,2026-05-10,13,10,76.9
YESICOCKTAIL,Melbourne,2026-05-10,8,11,137.5
YESICOCKTAILSYD,Sydney,2026-05-10,33,33,100.0
YESIDINEOUTSYD,Sydney,2026-05-10,37,12,32.4
YESIFEELLUCKY,Melbourne,2026-05-10,158,91,57.6
YESIFEELLUCKYSYD,Sydney,2026-05-10,97,57,58.8
YESIFOOTY,Melbourne,2026-05-10,8,9,112.5
YESIGOTHEDISTANCE,Melbourne,2026-05-10,43,10,23.3
YESIGOTHEDISTANCESYD,Sydney,2026-05-10,50,22,44.0
YESILUCKY,Brisbane,2026-05-10,165,114,69.1
YESILUCKY,RoANZ,2026-05-10,11,6,54.5
YESIPUB,Melbourne,2026-05-10,11,12,109.1
YESIRUGBYSYD,Sydney,2026-05-10,10,2,20.0
YESISHOP,Melbourne,2026-05-10,28,9,32.1
YESISKIPTRAFFIC,Melbourne,2026-05-10,31,4,12.9
7-ELEVENSTAFF,Brisbane,2026-05-11,8,0,0.0
7-ELEVENSTAFF,Melbourne,2026-05-11,30,4,13.3
7-ELEVENSTAFF,Perth,2026-05-11,6,0,0.0
DIDIPAYS,Perth,2026-05-11,983,475,48.3
GOCATS,Melbourne,2026-05-11,111,111,100.0
GOCATS,Sydney,2026-05-11,6,4,66.7
GOQLD,Brisbane,2026-05-11,634,620,97.8
GOQLD,RoANZ,2026-05-11,50,40,80.0
RISEAU,Melbourne,2026-05-11,26,19,73.1
RISEAU,Perth,2026-05-11,9,4,44.4
RISEAU,Sydney,2026-05-11,34,36,105.9
YESIAIRPORT,Melbourne,2026-05-11,132,33,25.0
YESIAIRPORTSYD,Sydney,2026-05-11,129,92,71.3
YESIBEACHSYD,Sydney,2026-05-11,15,1,6.7
YESIBRUNCH,Melbourne,2026-05-11,29,5,17.2
YESICOCKTAIL,Melbourne,2026-05-11,28,20,71.4
YESICOCKTAILSYD,Sydney,2026-05-11,22,21,95.5
YESIDINEOUTSYD,Sydney,2026-05-11,26,21,80.8
YESIFEELLUCKY,Melbourne,2026-05-11,407,161,39.6
YESIFEELLUCKYSYD,Sydney,2026-05-11,138,83,60.1
YESIFOOTY,Melbourne,2026-05-11,22,6,27.3
YESIGOTHEDISTANCE,Melbourne,2026-05-11,125,16,12.8
YESIGOTHEDISTANCESYD,Sydney,2026-05-11,47,16,34.0
YESILUCKY,Brisbane,2026-05-11,173,124,71.7
YESILUCKY,RoANZ,2026-05-11,6,8,133.3
YESIPUB,Melbourne,2026-05-11,32,9,28.1
YESISHOP,Melbourne,2026-05-11,52,11,21.2
YESISKIPTRAFFIC,Melbourne,2026-05-11,268,150,56.0
7-ELEVENSTAFF,Brisbane,2026-05-12,5,8,160.0
7-ELEVENSTAFF,Melbourne,2026-05-12,52,30,57.7
7-ELEVENSTAFF,Perth,2026-05-12,5,7,140.0
7-ELEVENSTAFF,RoANZ,2026-05-12,8,5,62.5
AIBABEER,Melbourne,2026-05-12,8,0,0.0
DIDIPAYS,Perth,2026-05-12,903,543,60.1
GOQLD,Brisbane,2026-05-12,658,717,109.0
GOQLD,RoANZ,2026-05-12,37,42,113.5
RISEAU,Adelaide,2026-05-12,5,1,20.0
RISEAU,Brisbane,2026-05-12,7,2,28.6
RISEAU,Melbourne,2026-05-12,17,19,111.8
RISEAU,Sydney,2026-05-12,28,29,103.6
YESIAIRPORT,Melbourne,2026-05-12,153,60,39.2
YESIAIRPORTSYD,Sydney,2026-05-12,99,93,93.9
YESIBEACHSYD,Sydney,2026-05-12,15,4,26.7
YESIBRUNCH,Melbourne,2026-05-12,36,9,25.0
YESICOCKTAIL,Melbourne,2026-05-12,27,15,55.6
YESICOCKTAILSYD,Sydney,2026-05-12,24,9,37.5
YESIDINEOUTSYD,Sydney,2026-05-12,28,9,32.1
YESIFEELLUCKY,Melbourne,2026-05-12,428,251,58.6
YESIFEELLUCKYSYD,Sydney,2026-05-12,159,75,47.2
YESIFOOTY,Melbourne,2026-05-12,26,14,53.8
YESIGOTHEDISTANCE,Melbourne,2026-05-12,128,21,16.4
YESIGOTHEDISTANCESYD,Sydney,2026-05-12,44,15,34.1
YESILUCKY,Brisbane,2026-05-12,176,125,71.0
YESILUCKY,RoANZ,2026-05-12,12,8,66.7
YESIPUB,Melbourne,2026-05-12,29,20,69.0
YESIRUGBYSYD,Sydney,2026-05-12,5,1,20.0
YESISHOP,Melbourne,2026-05-12,65,20,30.8
YESISKIPTRAFFIC,Melbourne,2026-05-12,276,194,70.3
7-ELEVENSTAFF,Melbourne,2026-05-13,75,52,69.3
DIDIPAYS,Perth,2026-05-13,794,545,68.6
GOQLD,Brisbane,2026-05-13,598,715,119.6
GOQLD,RoANZ,2026-05-13,47,41,87.2
RISEAU,Brisbane,2026-05-13,5,10,200.0
RISEAU,Melbourne,2026-05-13,15,10,66.7
RISEAU,Perth,2026-05-13,9,5,55.6
RISEAU,Sydney,2026-05-13,18,17,94.4
YESIAIRPORT,Melbourne,2026-05-13,127,33,26.0
YESIAIRPORTGC,RoANZ,2026-05-13,5,2,40.0
YESIAIRPORTSYD,Sydney,2026-05-13,91,78,85.7
YESIBEACHSYD,Sydney,2026-05-13,14,3,21.4
YESIBRUNCH,Melbourne,2026-05-13,29,7,24.1
YESICOCKTAIL,Melbourne,2026-05-13,30,15,50.0
YESICOCKTAILSYD,Sydney,2026-05-13,26,22,84.6
YESIDINEOUTSYD,Sydney,2026-05-13,29,16,55.2
YESIFEELLUCKY,Melbourne,2026-05-13,428,187,43.7
YESIFEELLUCKYSYD,Sydney,2026-05-13,142,85,59.9
YESIFOOTY,Melbourne,2026-05-13,31,13,41.9
YESIGOTHEDISTANCE,Melbourne,2026-05-13,135,32,23.7
YESIGOTHEDISTANCESYD,Sydney,2026-05-13,33,15,45.5
YESILUCKY,Brisbane,2026-05-13,178,162,91.0
YESILUCKY,RoANZ,2026-05-13,19,5,26.3
YESIPUB,Melbourne,2026-05-13,30,13,43.3
YESIRUGBYSYD,Sydney,2026-05-13,5,0,0.0
YESISHOP,Melbourne,2026-05-13,59,14,23.7
YESISKIPTRAFFIC,Melbourne,2026-05-13,282,207,73.4
7-ELEVENSTAFF,Melbourne,2026-05-14,21,53,252.4
ACYA2026,Sydney,2026-05-14,5,3,60.0
AIBABEER,Melbourne,2026-05-14,30,24,80.0
DIDIPAYS,Perth,2026-05-14,640,528,82.5
GOQLD,Brisbane,2026-05-14,747,824,110.3
GOQLD,RoANZ,2026-05-14,39,47,120.5
RISEAU,Brisbane,2026-05-14,5,4,80.0
RISEAU,Melbourne,2026-05-14,15,10,66.7
RISEAU,Perth,2026-05-14,8,4,50.0
RISEAU,Sydney,2026-05-14,20,15,75.0
YESIAIRPORT,Melbourne,2026-05-14,121,32,26.4
YESIAIRPORTSYD,Sydney,2026-05-14,127,87,68.5
YESIBEACHSYD,Sydney,2026-05-14,20,9,45.0
YESIBRUNCH,Melbourne,2026-05-14,34,14,41.2
YESICOCKTAIL,Melbourne,2026-05-14,43,27,62.8
YESICOCKTAILSYD,Sydney,2026-05-14,42,29,69.0
YESIDINEOUTSYD,Sydney,2026-05-14,40,20,50.0
YESIFEELLUCKY,Melbourne,2026-05-14,434,208,47.9
YESIFEELLUCKYSYD,Sydney,2026-05-14,178,103,57.9
YESIFOOTY,Melbourne,2026-05-14,32,13,40.6
YESIGOTHEDISTANCE,Melbourne,2026-05-14,137,37,27.0
YESIGOTHEDISTANCESYD,Sydney,2026-05-14,65,18,27.7
YESILUCKY,Brisbane,2026-05-14,185,155,83.8
YESILUCKY,RoANZ,2026-05-14,14,12,85.7
YESIPUB,Melbourne,2026-05-14,47,22,46.8
YESIRUGBYSYD,Sydney,2026-05-14,9,2,22.2
YESISHOP,Melbourne,2026-05-14,73,29,39.7
YESISKIPTRAFFIC,Melbourne,2026-05-14,263,212,80.6
7-ELEVENSTAFF,Melbourne,2026-05-15,7,19,271.4
ACYA2026,Perth,2026-05-15,6,7,116.7
DIDIPAYS,Perth,2026-05-15,836,627,75.0
GOQLD,Brisbane,2026-05-15,706,885,125.4
GOQLD,RoANZ,2026-05-15,87,77,88.5
RISEAU,Adelaide,2026-05-15,5,7,140.0
RISEAU,Brisbane,2026-05-15,11,5,45.5
RISEAU,Melbourne,2026-05-15,16,10,62.5
RISEAU,Perth,2026-05-15,5,6,120.0
RISEAU,Sydney,2026-05-15,29,20,69.0
YESIAIRPORT,Melbourne,2026-05-15,131,49,37.4
YESIAIRPORTSYD,Sydney,2026-05-15,136,101,74.3
YESIBEACHSYD,Sydney,2026-05-15,29,8,27.6
YESIBRUNCH,Melbourne,2026-05-15,36,18,50.0
YESICOCKTAIL,Melbourne,2026-05-15,59,32,54.2
YESICOCKTAILSYD,Sydney,2026-05-15,56,22,39.3
YESIDINEOUTSYD,Sydney,2026-05-15,63,21,33.3
YESIFEELLUCKY,Melbourne,2026-05-15,492,253,51.4
YESIFEELLUCKYSYD,Sydney,2026-05-15,203,107,52.7
YESIFOOTY,Melbourne,2026-05-15,31,10,32.3
YESIGOTHEDISTANCE,Melbourne,2026-05-15,144,41,28.5
YESIGOTHEDISTANCESYD,Sydney,2026-05-15,85,17,20.0
YESILUCKY,Brisbane,2026-05-15,181,185,102.2
YESILUCKY,RoANZ,2026-05-15,30,23,76.7
YESIPUB,Melbourne,2026-05-15,58,32,55.2
YESIRUGBYSYD,Sydney,2026-05-15,12,1,8.3
YESISHOP,Melbourne,2026-05-15,55,15,27.3
YESISKIPTRAFFIC,Melbourne,2026-05-15,248,227,91.5
7-ELEVENSTAFF,Melbourne,2026-05-16,5,7,140.0
ACYA2026,Melbourne,2026-05-16,13,7,53.8
DIDIPAYS,Perth,2026-05-16,1104,707,64.0
GOQLD,Brisbane,2026-05-16,743,866,116.6
GOQLD,RoANZ,2026-05-16,161,104,64.6
SOARAU,Brisbane,2026-05-16,10,3,30.0
SOARAU,Melbourne,2026-05-16,26,13,50.0
SOARAU,Sydney,2026-05-16,35,11,31.4
YESIAIRPORT,Melbourne,2026-05-16,79,35,44.3
YESIAIRPORTSYD,Sydney,2026-05-16,142,84,59.2
YESIBEACHSYD,Sydney,2026-05-16,53,30,56.6
YESIBRUNCH,Melbourne,2026-05-16,54,21,38.9
YESICOCKTAIL,Melbourne,2026-05-16,59,28,47.5
YESICOCKTAILSYD,Sydney,2026-05-16,123,60,48.8
YESIDINEOUTSYD,Sydney,2026-05-16,118,61,51.7
YESIFEELLUCKY,Melbourne,2026-05-16,510,240,47.1
YESIFEELLUCKYSYD,Sydney,2026-05-16,373,192,51.5
YESIFOOTY,Melbourne,2026-05-16,55,27,49.1
YESIGOTHEDISTANCE,Melbourne,2026-05-16,162,37,22.8
YESIGOTHEDISTANCESYD,Sydney,2026-05-16,148,49,33.1
YESILUCKY,Brisbane,2026-05-16,172,158,91.9
YESILUCKY,RoANZ,2026-05-16,32,23,71.9
YESIPUB,Melbourne,2026-05-16,72,39,54.2
YESIRUGBYSYD,Sydney,2026-05-16,15,3,20.0
YESISHOP,Melbourne,2026-05-16,54,25,46.3
YESISKIPTRAFFIC,Melbourne,2026-05-16,71,4,5.6
ACYA2026,Melbourne,2026-05-17,5,8,160.0
DIDIPAYS,Perth,2026-05-17,733,663,90.5
GOQLD,Brisbane,2026-05-17,547,681,124.5
GOQLD,RoANZ,2026-05-17,126,105,83.3
SOARAU,Brisbane,2026-05-17,8,3,37.5
SOARAU,Melbourne,2026-05-17,15,7,46.7
SOARAU,Sydney,2026-05-17,13,12,92.3
YESIAIRPORT,Melbourne,2026-05-17,126,67,53.2
YESIAIRPORTSYD,Sydney,2026-05-17,161,105,65.2
YESIBEACHSYD,Sydney,2026-05-17,24,17,70.8
YESIBRUNCH,Melbourne,2026-05-17,42,24,57.1
YESICOCKTAIL,Melbourne,2026-05-17,40,30,75.0
YESICOCKTAILSYD,Sydney,2026-05-17,32,41,128.1
YESIDINEOUTSYD,Sydney,2026-05-17,51,23,45.1
YESIFEELLUCKY,Melbourne,2026-05-17,426,188,44.1
YESIFEELLUCKYSYD,Sydney,2026-05-17,226,148,65.5
YESIFOOTY,Melbourne,2026-05-17,26,18,69.2
YESIGOTHEDISTANCE,Melbourne,2026-05-17,129,42,32.6
YESIGOTHEDISTANCESYD,Sydney,2026-05-17,89,37,41.6
YESILUCKY,Brisbane,2026-05-17,147,125,85.0
YESILUCKY,RoANZ,2026-05-17,35,22,62.9
YESIPUB,Melbourne,2026-05-17,39,19,48.7
YESIRUGBYSYD,Sydney,2026-05-17,8,2,25.0
YESISHOP,Melbourne,2026-05-17,59,20,33.9
YESISKIPTRAFFIC,Melbourne,2026-05-17,87,3,3.4
ACYA2026,Adelaide,2026-05-18,5,4,80.0
ACYA2026,Melbourne,2026-05-18,5,6,120.0
BULLDOGS,Sydney,2026-05-18,14,0,0.0
DIDIPAYS,Perth,2026-05-18,753,550,73.0
GOQLD,Brisbane,2026-05-18,644,784,121.7
GOQLD,RoANZ,2026-05-18,152,126,82.9
SOARAU,Brisbane,2026-05-18,7,5,71.4
SOARAU,Melbourne,2026-05-18,14,13,92.9
SOARAU,Sydney,2026-05-18,36,23,63.9
YESIAIRPORT,Melbourne,2026-05-18,137,62,45.3
YESIAIRPORTSYD,Sydney,2026-05-18,133,109,82.0
YESIBEACHSYD,Sydney,2026-05-18,20,7,35.0
YESIBRUNCH,Melbourne,2026-05-18,28,15,53.6
YESICOCKTAIL,Melbourne,2026-05-18,29,27,93.1
YESICOCKTAILSYD,Sydney,2026-05-18,33,29,87.9
YESIDINEOUTSYD,Sydney,2026-05-18,45,16,35.6
YESIFEELLUCKY,Melbourne,2026-05-18,332,150,45.2
YESIFEELLUCKYSYD,Sydney,2026-05-18,166,98,59.0
YESIFOOTY,Melbourne,2026-05-18,15,9,60.0
YESIGOTHEDISTANCE,Melbourne,2026-05-18,113,22,19.5
YESIGOTHEDISTANCESYD,Sydney,2026-05-18,49,16,32.7
YESILUCKY,Brisbane,2026-05-18,161,134,83.2
YESILUCKY,RoANZ,2026-05-18,31,23,74.2
YESIPUB,Melbourne,2026-05-18,21,17,81.0
YESIRUGBYSYD,Sydney,2026-05-18,9,0,0.0
YESISHOP,Melbourne,2026-05-18,51,16,31.4
YESISKIPTRAFFIC,Melbourne,2026-05-18,230,206,89.6
ACYA2026,Melbourne,2026-05-19,6,3,50.0
ACYA2026,Perth,2026-05-19,7,5,71.4
ACYA2026,Sydney,2026-05-19,12,9,75.0
BULLDOGS,Sydney,2026-05-19,6,0,0.0
DIDIPAYS,Perth,2026-05-19,789,678,85.9
GOQLD,Brisbane,2026-05-19,437,656,150.1
GOQLD,RoANZ,2026-05-19,94,103,109.6
SOARAU,Melbourne,2026-05-19,14,8,57.1
SOARAU,Sydney,2026-05-19,15,17,113.3
YESIAIRPORT,Melbourne,2026-05-19,119,52,43.7
YESIAIRPORTSYD,Sydney,2026-05-19,116,72,62.1
YESIBEACHSYD,Sydney,2026-05-19,23,5,21.7
YESIBRUNCH,Melbourne,2026-05-19,30,15,50.0
YESICOCKTAIL,Melbourne,2026-05-19,19,15,78.9
YESICOCKTAILSYD,Sydney,2026-05-19,34,17,50.0
YESIDINEOUTSYD,Sydney,2026-05-19,47,22,46.8
YESIFEELLUCKY,Melbourne,2026-05-19,366,182,49.7
YESIFEELLUCKYSYD,Sydney,2026-05-19,178,91,51.1
YESIFOOTY,Melbourne,2026-05-19,19,12,63.2
YESIGOTHEDISTANCE,Melbourne,2026-05-19,91,27,29.7
YESIGOTHEDISTANCESYD,Sydney,2026-05-19,69,25,36.2
YESILUCKY,Brisbane,2026-05-19,98,110,112.2
YESILUCKY,RoANZ,2026-05-19,16,22,137.5
YESIPUB,Melbourne,2026-05-19,21,16,76.2
YESIRUGBYSYD,Sydney,2026-05-19,17,2,11.8
YESISHOP,Melbourne,2026-05-19,42,17,40.5
YESISKIPTRAFFIC,Melbourne,2026-05-19,259,261,100.8
ACYA2026,Sydney,2026-05-20,5,9,180.0
DIDIPAYS,Perth,2026-05-20,732,649,88.7
DIDIPAYS,RoANZ,2026-05-20,18,1,5.6
GOQLD,Brisbane,2026-05-20,256,559,218.4
GOQLD,RoANZ,2026-05-20,78,98,125.6
SOARAU,Brisbane,2026-05-20,12,13,108.3
SOARAU,Melbourne,2026-05-20,16,13,81.3
SOARAU,Sydney,2026-05-20,25,15,60.0
YESIAIRPORT,Melbourne,2026-05-20,147,46,31.3
YESIAIRPORTSYD,Sydney,2026-05-20,113,92,81.4
YESIBAYSIDE,Melbourne,2026-05-20,34,6,17.6
YESIBEACHSYD,Sydney,2026-05-20,20,11,55.0
YESIBRUNCH,Melbourne,2026-05-20,10,11,110.0
YESICOCKTAIL,Melbourne,2026-05-20,30,21,70.0
YESICOCKTAILSYD,Sydney,2026-05-20,36,28,77.8
YESIDINEOUTSYD,Sydney,2026-05-20,46,27,58.7
YESIFEELLUCKY,Melbourne,2026-05-20,481,214,44.5
YESIFEELLUCKYSYD,Sydney,2026-05-20,157,101,64.3
YESIFOOTY,Melbourne,2026-05-20,35,11,31.4
YESIGOTHEDISTANCE,Melbourne,2026-05-20,153,40,26.1
YESIGOTHEDISTANCESYD,Sydney,2026-05-20,65,27,41.5
YESILUCKY,Brisbane,2026-05-20,60,95,158.3
YESILUCKY,RoANZ,2026-05-20,22,20,90.9
YESINORTHSIDE,Melbourne,2026-05-20,39,14,35.9
YESIPUB,Melbourne,2026-05-20,9,10,111.1
YESIRUGBYSYD,Sydney,2026-05-20,5,1,20.0
YESISHOP,Melbourne,2026-05-20,78,25,32.1
YESISKIPTRAFFIC,Melbourne,2026-05-20,220,249,113.2
ACYA2026,Melbourne,2026-05-21,5,4,80.0
DIDIPAYS,Perth,2026-05-21,704,761,108.1
DIDIPAYS,RoANZ,2026-05-21,61,19,31.1
GOQLD,Brisbane,2026-05-21,417,517,124.0
GOQLD,RoANZ,2026-05-21,188,109,58.0
SOARAU,Brisbane,2026-05-21,7,6,85.7
SOARAU,Melbourne,2026-05-21,18,11,61.1
SOARAU,Perth,2026-05-21,5,2,40.0
SOARAU,Sydney,2026-05-21,27,25,92.6
YESIAIRPORT,Melbourne,2026-05-21,178,81,45.5
YESIAIRPORTSYD,Sydney,2026-05-21,148,99,66.9
YESIBAYSIDE,Melbourne,2026-05-21,47,21,44.7
YESIBEACHSYD,Sydney,2026-05-21,18,7,38.9
YESICOCKTAIL,Melbourne,2026-05-21,36,23,63.9
YESICOCKTAILSYD,Sydney,2026-05-21,37,38,102.7
YESIDINEOUTSYD,Sydney,2026-05-21,47,26,55.3
YESIFEELLUCKY,Melbourne,2026-05-21,502,224,44.6
YESIFEELLUCKYSYD,Sydney,2026-05-21,180,121,67.2
YESIFOOTY,Melbourne,2026-05-21,42,9,21.4
YESIGOTHEDISTANCE,Melbourne,2026-05-21,154,43,27.9
YESIGOTHEDISTANCESYD,Sydney,2026-05-21,66,24,36.4
YESILUCKY,Brisbane,2026-05-21,60,72,120.0
YESILUCKY,RoANZ,2026-05-21,15,16,106.7
YESINORTHSIDE,Melbourne,2026-05-21,72,29,40.3
YESISHOP,Melbourne,2026-05-21,33,15,45.5
YESISKIPTRAFFIC,Melbourne,2026-05-21,203,245,120.7
ACYA2026,Sydney,2026-05-22,11,8,72.7
BULLDOGS,Sydney,2026-05-22,9,9,100.0
DIDIPAYS,Perth,2026-05-22,1273,850,66.8
DIDIPAYS,RoANZ,2026-05-22,97,28,28.9
GOQLD,Brisbane,2026-05-22,851,627,73.7
GOQLD,RoANZ,2026-05-22,248,169,68.1
LUCKYME,Brisbane,2026-05-22,1698,389,22.9
LUCKYME,RoANZ,2026-05-22,215,34,15.8
SOARAU,Adelaide,2026-05-22,5,2,40.0
SOARAU,Melbourne,2026-05-22,17,11,64.7
SOARAU,Perth,2026-05-22,8,7,87.5
SOARAU,Sydney,2026-05-22,16,19,118.8
YESIAIRPORT,Melbourne,2026-05-22,108,55,50.9
YESIAIRPORTSYD,Sydney,2026-05-22,167,107,64.1
YESIBAYSIDE,Melbourne,2026-05-22,58,28,48.3
YESIBEACHSYD,Sydney,2026-05-22,17,6,35.3
YESICOCKTAIL,Melbourne,2026-05-22,42,22,52.4
YESICOCKTAILSYD,Sydney,2026-05-22,64,39,60.9
YESIDINEOUTSYD,Sydney,2026-05-22,74,35,47.3
YESIFEELLUCKY,Melbourne,2026-05-22,389,208,53.5
YESIFEELLUCKYSYD,Sydney,2026-05-22,267,156,58.4
YESIFOOTY,Melbourne,2026-05-22,4443,415,9.3
YESIFOOTY,RoANZ,2026-05-22,14,0,0.0
YESIGOTHEDISTANCE,Melbourne,2026-05-22,141,40,28.4
YESIGOTHEDISTANCESYD,Sydney,2026-05-22,98,38,38.8
YESILUCKY,Brisbane,2026-05-22,36,72,200.0
YESILUCKY,RoANZ,2026-05-22,7,10,142.9
YESINORTHSIDE,Melbourne,2026-05-22,58,34,58.6
YESIRUGBYSYD,Sydney,2026-05-22,16,3,18.8
YESISKIPTRAFFIC,Melbourne,2026-05-22,166,245,147.6
YESITRAVEL,RoANZ,2026-05-22,6,0,0.0
ACYA2026,Melbourne,2026-05-23,14,12,85.7
ACYA2026,Sydney,2026-05-23,7,8,114.3
DIDIPAYS,Perth,2026-05-23,1045,819,78.4
DIDIPAYS,RoANZ,2026-05-23,97,32,33.0
GOQLD,Brisbane,2026-05-23,695,650,93.5
GOQLD,RoANZ,2026-05-23,299,207,69.2
REEFAU,Brisbane,2026-05-23,14,8,57.1
REEFAU,Melbourne,2026-05-23,31,9,29.0
REEFAU,Perth,2026-05-23,10,4,40.0
REEFAU,RoANZ,2026-05-23,9,4,44.4
REEFAU,Sydney,2026-05-23,33,13,39.4
WEAREGEELONG,Melbourne,2026-05-23,8,0,0.0
WEAREGEELONG,RoANZ,2026-05-23,6,0,0.0
WEAREGEELONG,Sydney,2026-05-23,6,0,0.0
YESIAIRPORT,Melbourne,2026-05-23,58,26,44.8
YESIAIRPORTSYD,Sydney,2026-05-23,169,133,78.7
YESIBAYSIDE,Melbourne,2026-05-23,52,36,69.2
YESICOCKTAIL,Melbourne,2026-05-23,44,27,61.4
YESICOCKTAILSYD,Sydney,2026-05-23,100,56,56.0
YESIDINEOUTSYD,Sydney,2026-05-23,106,50,47.2
YESIFEELLUCKY,Melbourne,2026-05-23,254,167,65.7
YESIFEELLUCKYSYD,Sydney,2026-05-23,327,195,59.6
YESIFOOTY,Melbourne,2026-05-23,4875,976,20.0
YESIFOOTY,RoANZ,2026-05-23,33,9,27.3
YESIGOTHEDISTANCE,Melbourne,2026-05-23,106,27,25.5
YESIGOTHEDISTANCESYD,Sydney,2026-05-23,121,27,22.3
YESILUCKY,Brisbane,2026-05-23,155,120,77.4
YESILUCKY1,Brisbane,2026-05-23,22,9,40.9
YESINORTHSIDE,Melbourne,2026-05-23,67,36,53.7
YESIRUGBYSYD,Sydney,2026-05-23,16,2,12.5
YESISKIPTRAFFIC,Melbourne,2026-05-23,42,8,19.0
YESITRAVEL,RoANZ,2026-05-23,5,1,20.0
ACYA2026,Melbourne,2026-05-24,13,14,107.7
ACYA2026,Sydney,2026-05-24,5,10,200.0
DIDIPAYS,Perth,2026-05-24,720,685,95.1
DIDIPAYS,RoANZ,2026-05-24,54,38,70.4
GOQLD,Brisbane,2026-05-24,450,537,119.3
GOQLD,RoANZ,2026-05-24,218,188,86.2
REEFAU,Brisbane,2026-05-24,7,4,57.1
REEFAU,Melbourne,2026-05-24,27,17,63.0
REEFAU,Perth,2026-05-24,6,2,33.3
REEFAU,Sydney,2026-05-24,22,12,54.5
WEAREGEELONG,Brisbane,2026-05-24,8,0,0.0
WEAREGEELONG,Melbourne,2026-05-24,44,0,0.0
WEAREGEELONG,Perth,2026-05-24,10,0,0.0
WEAREGEELONG,RoANZ,2026-05-24,11,0,0.0
WEAREGEELONG,Sydney,2026-05-24,22,0,0.0
YESIAIRPORT,Melbourne,2026-05-24,69,33,47.8
YESIAIRPORTSYD,Sydney,2026-05-24,153,107,69.9
YESIBAYSIDE,Melbourne,2026-05-24,32,14,43.8
YESICOCKTAIL,Melbourne,2026-05-24,30,21,70.0
YESICOCKTAILSYD,Sydney,2026-05-24,37,35,94.6
YESIDINEOUTSYD,Sydney,2026-05-24,53,18,34.0
YESIFEELLUCKY,Melbourne,2026-05-24,187,135,72.2
YESIFEELLUCKYSYD,Sydney,2026-05-24,193,124,64.2
YESIFOOTY,Melbourne,2026-05-24,2136,463,21.7
YESIGOTHEDISTANCE,Melbourne,2026-05-24,74,18,24.3
YESIGOTHEDISTANCESYD,Sydney,2026-05-24,58,23,39.7
YESILUCKY1,Brisbane,2026-05-24,101,45,44.6
YESINORTHSIDE,Melbourne,2026-05-24,42,20,47.6
YESIRUGBYSYD,Sydney,2026-05-24,11,1,9.1
YESISKIPTRAFFIC,Melbourne,2026-05-24,42,1,2.4
YESITRAVEL,RoANZ,2026-05-24,7,1,14.3
ACYA2026,Perth,2026-05-25,6,7,116.7
ACYA2026,Sydney,2026-05-25,6,9,150.0
DIDIPAYS,Perth,2026-05-25,817,634,77.6
DIDIPAYS,RoANZ,2026-05-25,65,35,53.8
GOMAROONS,Brisbane,2026-05-25,696,277,39.8
GOMAROONS,RoANZ,2026-05-25,24,14,58.3
GOQLD,Brisbane,2026-05-25,285,556,195.1
GOQLD,RoANZ,2026-05-25,170,175,102.9
REEFAU,Melbourne,2026-05-25,17,10,58.8
REEFAU,Perth,2026-05-25,9,7,77.8
REEFAU,Sydney,2026-05-25,26,26,100.0
WEAREGEELONG,Adelaide,2026-05-25,6,4,66.7
WEAREGEELONG,Brisbane,2026-05-25,13,15,115.4
WEAREGEELONG,Melbourne,2026-05-25,74,64,86.5
WEAREGEELONG,Perth,2026-05-25,13,10,76.9
WEAREGEELONG,RoANZ,2026-05-25,18,11,61.1
WEAREGEELONG,Sydney,2026-05-25,53,41,77.4
YESIAIRPORT,Melbourne,2026-05-25,159,46,28.9
YESIAIRPORTSYD,Sydney,2026-05-25,107,108,100.9
YESIBAYSIDE,Melbourne,2026-05-25,53,36,67.9
YESICOCKTAIL,Melbourne,2026-05-25,32,19,59.4
YESICOCKTAILSYD,Sydney,2026-05-25,20,27,135.0
YESIDINEOUTSYD,Sydney,2026-05-25,42,30,71.4
YESIFEELLUCKY,Melbourne,2026-05-25,353,140,39.7
YESIFEELLUCKYSYD,Sydney,2026-05-25,187,124,66.3
YESIFOOTY,Melbourne,2026-05-25,123,104,84.6
YESIGOTHEDISTANCE,Melbourne,2026-05-25,145,28,19.3
YESIGOTHEDISTANCESYD,Sydney,2026-05-25,70,27,38.6
YESILUCKY1,Brisbane,2026-05-25,49,38,77.6
YESILUCKY1,RoANZ,2026-05-25,10,2,20.0
YESINORTHSIDE,Melbourne,2026-05-25,51,18,35.3
YESIRUGBYSYD,Sydney,2026-05-25,7,1,14.3
YESISKIPTRAFFIC,Melbourne,2026-05-25,171,182,106.4
YESITRAVEL,RoANZ,2026-05-25,10,1,10.0
ACYA2026,Melbourne,2026-05-26,9,11,122.2
DIDIPAYS,Perth,2026-05-26,744,636,85.5
DIDIPAYS,RoANZ,2026-05-26,61,33,54.1
GOBLUES,RoANZ,2026-05-26,40,7,17.5
GOBLUES,Sydney,2026-05-26,804,124,15.4
GOMAROONS,Brisbane,2026-05-26,2190,1162,53.1
GOMAROONS,RoANZ,2026-05-26,94,33,35.1
GOQLD,Brisbane,2026-05-26,79,906,1146.8
GOQLD,RoANZ,2026-05-26,187,214,114.4
REEFAU,Brisbane,2026-05-26,7,8,114.3
REEFAU,Melbourne,2026-05-26,15,10,66.7
REEFAU,Sydney,2026-05-26,39,24,61.5
YESIAIRPORT,Melbourne,2026-05-26,170,80,47.1
YESIAIRPORTSYD,Sydney,2026-05-26,65,67,103.1
YESIBAYSIDE,Melbourne,2026-05-26,46,32,69.6
YESICOCKTAIL,Melbourne,2026-05-26,27,17,63.0
YESICOCKTAILSYD,Sydney,2026-05-26,8,9,112.5
YESIDINEOUTSYD,Sydney,2026-05-26,24,21,87.5
YESIFEELLUCKY,Melbourne,2026-05-26,340,146,42.9
YESIFEELLUCKYSYD,Sydney,2026-05-26,120,93,77.5
YESIFOOTY,Melbourne,2026-05-26,88,48,54.5
YESIGOTHEDISTANCE,Melbourne,2026-05-26,124,25,20.2
YESIGOTHEDISTANCESYD,Sydney,2026-05-26,41,21,51.2
YESILUCKY1,RoANZ,2026-05-26,5,3,60.0
YESINORTHSIDE,Melbourne,2026-05-26,42,22,52.4
YESIRUGBYSYD,Sydney,2026-05-26,5,2,40.0
YESISHOP,Melbourne,2026-05-26,24,3,12.5
YESISKIPTRAFFIC,Melbourne,2026-05-26,146,163,111.6
YESITRAVEL,RoANZ,2026-05-26,10,0,0.0
ACYA2026,Melbourne,2026-05-27,7,7,100.0
DIDIPAYS,Perth,2026-05-27,719,640,89.0
DIDIPAYS,RoANZ,2026-05-27,66,43,65.2
GOBLUES,RoANZ,2026-05-27,94,27,28.7
GOBLUES,Sydney,2026-05-27,1919,786,41.0
GOMAROONS,Brisbane,2026-05-27,2789,2490,89.3
GOMAROONS,RoANZ,2026-05-27,162,106,65.4
GOQLD,Brisbane,2026-05-27,209,1469,702.9
GOQLD,RoANZ,2026-05-27,227,252,111.0
REEFAU,Brisbane,2026-05-27,6,3,50.0
REEFAU,Melbourne,2026-05-27,12,9,75.0
REEFAU,Sydney,2026-05-27,34,25,73.5
YESIAIRPORT,Melbourne,2026-05-27,180,74,41.1
YESIBAYSIDE,Melbourne,2026-05-27,54,40,74.1
YESICOCKTAIL,Melbourne,2026-05-27,51,14,27.5
YESIFEELLUCKY,Melbourne,2026-05-27,459,196,42.7
YESIFOOTY,Melbourne,2026-05-27,88,32,36.4
YESIGOTHEDISTANCE,Melbourne,2026-05-27,167,42,25.1
YESILUCKY1,Brisbane,2026-05-27,23,15,65.2
YESILUCKY1,RoANZ,2026-05-27,7,7,100.0
YESINORTHSIDE,Melbourne,2026-05-27,45,21,46.7
YESISHOP,Melbourne,2026-05-27,96,19,19.8
YESISKIPTRAFFIC,Melbourne,2026-05-27,213,196,92.0
YESITRAVEL,Brisbane,2026-05-27,14,2,14.3
YESITRAVEL,RoANZ,2026-05-27,6,0,0.0
ACYA2026,Perth,2026-05-28,5,5,100.0
ACYA2026,Sydney,2026-05-28,8,6,75.0
DIDIPAYS,Perth,2026-05-28,729,680,93.3
DIDIPAYS,RoANZ,2026-05-28,60,41,68.3
GOQLD,Brisbane,2026-05-28,484,1157,239.0
GOQLD,RoANZ,2026-05-28,221,286,129.4
LUCKYQLD,Brisbane,2026-05-28,46,30,65.2
REEFAU,Brisbane,2026-05-28,5,3,60.0
REEFAU,Melbourne,2026-05-28,22,19,86.4
REEFAU,Sydney,2026-05-28,32,31,96.9
YESIAIRPORT,Melbourne,2026-05-28,175,70,40.0
YESIBAYSIDE,Melbourne,2026-05-28,71,41,57.7
YESICOCKTAIL,Melbourne,2026-05-28,46,21,45.7
YESIFEELLUCKY,Melbourne,2026-05-28,512,224,43.8
YESIFOOTY,Melbourne,2026-05-28,127,27,21.3
YESIGOTHEDISTANCE,Melbourne,2026-05-28,224,65,29.0
YESILUCKY1,Brisbane,2026-05-28,121,62,51.2
YESILUCKY1,RoANZ,2026-05-28,13,11,84.6
YESINORTHSIDE,Melbourne,2026-05-28,69,22,31.9
YESISHOP,Melbourne,2026-05-28,114,22,19.3
YESISKIPTRAFFIC,Melbourne,2026-05-28,228,198,86.8
YESITRAVEL,Brisbane,2026-05-28,18,1,5.6
YESITRAVEL,RoANZ,2026-05-28,6,1,16.7
ACYA2026,Perth,2026-05-29,6,6,100.0
ACYA2026,Sydney,2026-05-29,8,12,150.0
DIDIPAYS,Perth,2026-05-29,451,602,133.5
DIDIPAYS,RoANZ,2026-05-29,25,31,124.0
GOQLD,Brisbane,2026-05-29,154,933,605.8
GOQLD,RoANZ,2026-05-29,118,280,237.3
LUCKYQLD,Brisbane,2026-05-29,857,409,47.7
LUCKYQLD,RoANZ,2026-05-29,124,63,50.8
REEFAU,Brisbane,2026-05-29,5,4,80.0
REEFAU,Melbourne,2026-05-29,24,6,25.0
REEFAU,Perth,2026-05-29,8,3,37.5
REEFAU,Sydney,2026-05-29,24,23,95.8
YESIAIRPORT,Melbourne,2026-05-29,184,51,27.7
YESIAIRPORTSYD,Sydney,2026-05-29,68,53,77.9
YESIBAYSIDE,Melbourne,2026-05-29,76,35,46.1
YESICOCKTAIL,Melbourne,2026-05-29,55,21,38.2
YESICOCKTAILSYD,Sydney,2026-05-29,35,22,62.9
YESIDINEOUTSYD,Sydney,2026-05-29,56,23,41.1
YESIFEELLUCKY,Melbourne,2026-05-29,489,145,29.7
YESIFEELLUCKYSYD,Sydney,2026-05-29,172,74,43.0
YESIFOOTY,Melbourne,2026-05-29,113,21,18.6
YESIGOTHEDISTANCE,Melbourne,2026-05-29,178,48,27.0
YESIGOTHEDISTANCESYD,Sydney,2026-05-29,44,18,40.9
YESILUCKY1,RoANZ,2026-05-29,26,14,53.8
YESINORTHSIDE,Melbourne,2026-05-29,76,20,26.3
YESIRUGBYSYD,Sydney,2026-05-29,12,2,16.7
YESISHOP,Melbourne,2026-05-29,126,16,12.7
YESISKIPTRAFFIC,Melbourne,2026-05-29,169,165,97.6
YESITRAVEL,Brisbane,2026-05-29,46,2,4.3
YESITRAVEL,RoANZ,2026-05-29,9,2,22.2
DIDIPAYS,Perth,2026-05-30,1102,588,53.4
DIDIPAYS,RoANZ,2026-05-30,83,42,50.6
GOQLD,Brisbane,2026-05-30,1102,1013,91.9
GOQLD,RoANZ,2026-05-30,291,282,96.9
YESIAIRPORT,Melbourne,2026-05-30,131,27,20.6
YESIAIRPORTSYD,Sydney,2026-05-30,123,70,56.9
YESIBAYSIDE,Melbourne,2026-05-30,83,41,49.4
YESICOCKTAIL,Melbourne,2026-05-30,87,35,40.2
YESICOCKTAILSYD,Sydney,2026-05-30,60,34,56.7
YESIDINEOUTSYD,Sydney,2026-05-30,79,37,46.8
YESIFEELLUCKY,Melbourne,2026-05-30,611,260,42.6
YESIFEELLUCKYSYD,Sydney,2026-05-30,297,163,54.9
YESIFOOTY,Melbourne,2026-05-30,145,26,17.9
YESIGOTHEDISTANCE,Melbourne,2026-05-30,198,38,19.2
YESIGOTHEDISTANCESYD,Sydney,2026-05-30,120,31,25.8
YESILUCKY1,Brisbane,2026-05-30,258,123,47.7
YESILUCKY1,RoANZ,2026-05-30,17,11,64.7
YESINORTHSIDE,Melbourne,2026-05-30,128,47,36.7
YESIRUGBYSYD,Sydney,2026-05-30,19,6,31.6
YESISHOP,Melbourne,2026-05-30,125,31,24.8
YESISKIPTRAFFIC,Melbourne,2026-05-30,114,0,0.0
YESITRAVEL,Brisbane,2026-05-30,19,3,15.8
YESITRAVEL,RoANZ,2026-05-30,8,2,25.0
ACYA2026,Perth,2026-05-31,5,8,160.0
ACYA2026,Sydney,2026-05-31,10,7,70.0
DIDIPAYS,Perth,2026-05-31,856,639,74.6
DIDIPAYS,RoANZ,2026-05-31,71,36,50.7
GOQLD,Brisbane,2026-05-31,661,775,117.2
GOQLD,RoANZ,2026-05-31,186,208,111.8
YESIAIRPORT,Melbourne,2026-05-31,158,48,30.4
YESIAIRPORTSYD,Sydney,2026-05-31,113,72,63.7
YESIBAYSIDE,Melbourne,2026-05-31,63,45,71.4
YESICOCKTAIL,Melbourne,2026-05-31,58,35,60.3
YESICOCKTAILSYD,Sydney,2026-05-31,27,26,96.3
YESIDINEOUTSYD,Sydney,2026-05-31,47,24,51.1
YESIFEELLUCKY,Melbourne,2026-05-31,450,296,65.8
YESIFEELLUCKYSYD,Sydney,2026-05-31,214,117,54.7
YESIFOOTY,Melbourne,2026-05-31,64,23,35.9
YESIGOTHEDISTANCE,Melbourne,2026-05-31,144,31,21.5
YESIGOTHEDISTANCESYD,Sydney,2026-05-31,85,25,29.4
YESILUCKY1,Brisbane,2026-05-31,160,116,72.5
YESILUCKY1,RoANZ,2026-05-31,7,10,142.9
YESINORTHSIDE,Melbourne,2026-05-31,53,30,56.6
YESIRUGBYSYD,Sydney,2026-05-31,9,3,33.3
YESISHOP,Melbourne,2026-05-31,106,36,34.0
YESISKIPTRAFFIC,Melbourne,2026-05-31,93,2,2.2
YESITRAVEL,Brisbane,2026-05-31,13,3,23.1
YESITRAVEL,RoANZ,2026-05-31,7,2,28.6
ACYA2026,Sydney,2026-06-01,8,10,125.0
DIDIPAYS,Perth,2026-06-01,555,462,83.2
DIDIPAYS,RoANZ,2026-06-01,60,30,50.0
GOQLD,Brisbane,2026-06-01,486,741,152.5
GOQLD,RoANZ,2026-06-01,114,170,149.1
YESIAIRPORT,Melbourne,2026-06-01,198,71,35.9
YESIAIRPORTSYD,Sydney,2026-06-01,129,81,62.8
YESIBAYSIDE,Melbourne,2026-06-01,56,45,80.4
YESICOCKTAIL,Melbourne,2026-06-01,29,20,69.0
YESICOCKTAILSYD,Sydney,2026-06-01,14,14,100.0
YESIDINEOUTSYD,Sydney,2026-06-01,34,15,44.1
YESIFEELLUCKY,Melbourne,2026-06-01,451,304,67.4
YESIFEELLUCKYSYD,Sydney,2026-06-01,149,74,49.7
YESIFOOTY,Melbourne,2026-06-01,60,11,18.3
YESIGOTHEDISTANCE,Melbourne,2026-06-01,153,38,24.8
YESIGOTHEDISTANCESYD,Sydney,2026-06-01,47,17,36.2
YESILUCKY1,Brisbane,2026-06-01,127,81,63.8
YESINORTHSIDE,Melbourne,2026-06-01,57,34,59.6
YESIRUGBYSYD,Sydney,2026-06-01,8,1,12.5
YESISHOP,Melbourne,2026-06-01,102,25,24.5
YESISKIPTRAFFIC,Melbourne,2026-06-01,206,177,85.9
YESITRAVEL,Brisbane,2026-06-01,13,1,7.7
YESITRAVEL,RoANZ,2026-06-01,17,3,17.6
ACYA2026,Melbourne,2026-06-02,5,6,120.0
ACYA2026,RoANZ,2026-06-02,5,5,100.0
ACYA2026,Sydney,2026-06-02,13,14,107.7
DIDIPAYS,Perth,2026-06-02,745,495,66.4
DIDIPAYS,RoANZ,2026-06-02,67,33,49.3
GOQLD,Brisbane,2026-06-02,598,839,140.3
GOQLD,RoANZ,2026-06-02,120,172,143.3
YESIAIRPORT,Melbourne,2026-06-02,235,64,27.2
YESIAIRPORTSYD,Sydney,2026-06-02,106,65,61.3
YESIBAYSIDE,Melbourne,2026-06-02,63,45,71.4
YESICOCKTAIL,Melbourne,2026-06-02,29,20,69.0
YESICOCKTAILSYD,Sydney,2026-06-02,23,10,43.5
YESIDINEOUTSYD,Sydney,2026-06-02,47,19,40.4
YESIFEELLUCKY,Melbourne,2026-06-02,425,202,47.5
YESIFEELLUCKYSYD,Sydney,2026-06-02,163,78,47.9
YESIFOOTY,Melbourne,2026-06-02,51,9,17.6
YESIGOTHEDISTANCE,Melbourne,2026-06-02,144,23,16.0
YESIGOTHEDISTANCESYD,Sydney,2026-06-02,66,18,27.3
YESILUCKY1,Brisbane,2026-06-02,154,85,55.2
YESINORTHSIDE,Melbourne,2026-06-02,49,19,38.8
YESIRUGBYSYD,Sydney,2026-06-02,10,1,10.0
YESISHOP,Melbourne,2026-06-02,83,16,19.3
YESISKIPTRAFFIC,Melbourne,2026-06-02,167,205,122.8
YESITRAVEL,Brisbane,2026-06-02,6,2,33.3
YESITRAVEL,RoANZ,2026-06-02,6,3,50.0
ACYA2026,Melbourne,2026-06-03,20,10,50.0
ACYA2026,Perth,2026-06-03,5,3,60.0
ACYA2026,Sydney,2026-06-03,39,20,51.3
DIDIPAYS,Perth,2026-06-03,623,497,79.8
DIDIPAYS,RoANZ,2026-06-03,58,24,41.4
GOQLD,Brisbane,2026-06-03,913,839,91.9
GOQLD,RoANZ,2026-06-03,195,189,96.9
YESIAIRPORT,Melbourne,2026-06-03,179,60,33.5
YESIAIRPORTSYD,Sydney,2026-06-03,96,48,50.0
YESIBAYSIDE,Melbourne,2026-06-03,50,32,64.0
YESICOCKTAIL,Melbourne,2026-06-03,35,15,42.9
YESICOCKTAILSYD,Sydney,2026-06-03,22,10,45.5
YESIDINEOUTSYD,Sydney,2026-06-03,31,13,41.9
YESIFEELLUCKY,Melbourne,2026-06-03,426,123,28.9
YESIFEELLUCKYSYD,Sydney,2026-06-03,171,79,46.2
YESIFOOTY,Melbourne,2026-06-03,30,9,30.0
YESIGOTHEDISTANCE,Melbourne,2026-06-03,150,29,19.3
YESIGOTHEDISTANCESYD,Sydney,2026-06-03,61,16,26.2
YESILUCKY1,Brisbane,2026-06-03,178,125,70.2
YESINORTHSIDE,Melbourne,2026-06-03,50,17,34.0
YESIRUGBYSYD,Sydney,2026-06-03,5,1,20.0
YESISHOP,Melbourne,2026-06-03,101,21,20.8
YESISKIPTRAFFIC,Melbourne,2026-06-03,161,205,127.3
YESITRAVEL,Brisbane,2026-06-03,11,0,0.0
YESITRAVEL,RoANZ,2026-06-03,6,0,0.0
ACYA2026,Melbourne,2026-06-04,15,14,93.3
ACYA2026,Perth,2026-06-04,5,8,160.0
ACYA2026,Sydney,2026-06-04,29,17,58.6
DIDIPAYS,Perth,2026-06-04,720,514,71.4
DIDIPAYS,RoANZ,2026-06-04,79,27,34.2
GOQLD,Brisbane,2026-06-04,1719,1150,66.9
GOQLD,RoANZ,2026-06-04,302,219,72.5
YESIAIRPORT,Melbourne,2026-06-04,251,59,23.5
YESIAIRPORTSYD,Sydney,2026-06-04,111,74,66.7
YESIBAYSIDE,Melbourne,2026-06-04,82,38,46.3
YESICOCKTAIL,Melbourne,2026-06-04,55,12,21.8
YESICOCKTAILSYD,Sydney,2026-06-04,35,18,51.4
YESIDINEOUTSYD,Sydney,2026-06-04,46,18,39.1
YESIFEELLUCKY,Melbourne,2026-06-04,618,156,25.2
YESIFEELLUCKYSYD,Sydney,2026-06-04,218,121,55.5
YESIFOOTY,Melbourne,2026-06-04,44,7,15.9
YESIGOTHEDISTANCE,Melbourne,2026-06-04,200,41,20.5
YESIGOTHEDISTANCESYD,Sydney,2026-06-04,82,20,24.4
YESIKINGSBDAY,Adelaide,2026-06-04,99,0,0.0
YESIKINGSBDAY,RoANZ,2026-06-04,13,0,0.0
YESIKINGSBDAY,Sydney,2026-06-04,403,0,0.0
YESILUCKY1,Brisbane,2026-06-04,214,141,65.9
YESINORTHSIDE,Melbourne,2026-06-04,71,12,16.9
YESIRUGBYSYD,Sydney,2026-06-04,12,2,16.7
YESISHOP,Melbourne,2026-06-04,114,11,9.6
YESISKIPTRAFFIC,Melbourne,2026-06-04,235,144,61.3
YESITRAVEL,Brisbane,2026-06-04,21,2,9.5
YESITRAVEL,RoANZ,2026-06-04,6,1,16.7
ACYA2026,Brisbane,2026-06-05,6,3,50.0
ACYA2026,Melbourne,2026-06-05,11,8,72.7
ACYA2026,Sydney,2026-06-05,29,20,69.0
DIDIPAYS,Perth,2026-06-05,362,537,148.3
DIDIPAYS,RoANZ,2026-06-05,25,34,136.0
GOQLD,Brisbane,2026-06-05,514,862,167.7
GOQLD,RoANZ,2026-06-05,81,197,243.2
LUCKYQLD,Brisbane,2026-06-05,1306,307,23.5
LUCKYQLD,RoANZ,2026-06-05,197,53,26.9
YESIAIRPORT,Melbourne,2026-06-05,136,39,28.7
YESIAIRPORTSYD,Sydney,2026-06-05,76,54,71.1
YESIBAYSIDE,Melbourne,2026-06-05,55,44,80.0
YESICOCKTAIL,Melbourne,2026-06-05,205,28,13.7
YESICOCKTAILSYD,Sydney,2026-06-05,110,17,15.5
YESIDINEOUTSYD,Sydney,2026-06-05,110,22,20.0
YESIFEELLUCKY,Melbourne,2026-06-05,349,151,43.3
YESIFEELLUCKYSYD,Sydney,2026-06-05,53,45,84.9
YESIFOOTY,Melbourne,2026-06-05,55,17,30.9
YESIGOTHEDISTANCE,Melbourne,2026-06-05,392,35,8.9
YESIGOTHEDISTANCESYD,Sydney,2026-06-05,27,8,29.6
YESIKINGSBDAY,Adelaide,2026-06-05,3358,1467,43.7
YESIKINGSBDAY,Melbourne,2026-06-05,13873,3364,24.2
YESIKINGSBDAY,Perth,2026-06-05,72,18,25.0
YESIKINGSBDAY,RoANZ,2026-06-05,1163,237,20.4
YESIKINGSBDAY,Sydney,2026-06-05,12913,4679,36.2
YESILUCKY1,Brisbane,2026-06-05,10,92,920.0
YESINORTHSIDE,Melbourne,2026-06-05,68,22,32.4
YESIRUGBYSYD,Sydney,2026-06-05,6,0,0.0
YESISHOP,Melbourne,2026-06-05,82,35,42.7
YESISKIPTRAFFIC,Melbourne,2026-06-05,158,138,87.3
YESITRAVEL,Brisbane,2026-06-05,26,2,7.7
YESITRAVEL,RoANZ,2026-06-05,10,1,10.0
ACYA2026,Melbourne,2026-06-06,7,15,214.3
ACYA2026,Perth,2026-06-06,5,3,60.0
ACYA2026,Sydney,2026-06-06,20,15,75.0
GOQLD,Brisbane,2026-06-06,980,973,99.3
GOQLD,RoANZ,2026-06-06,288,242,84.0
YESIAIRPORT,Melbourne,2026-06-06,64,16,25.0
YESIAIRPORTSYD,Sydney,2026-06-06,116,50,43.1
YESIBAYSIDE,Melbourne,2026-06-06,30,31,103.3
YESICOCKTAIL,Melbourne,2026-06-06,65,40,61.5
YESICOCKTAILSYD,Sydney,2026-06-06,62,17,27.4
YESIDINEOUTSYD,Sydney,2026-06-06,38,21,55.3
YESIFEELLUCKY,Melbourne,2026-06-06,193,127,65.8
YESIFEELLUCKYSYD,Sydney,2026-06-06,65,33,50.8
YESIFOOTY,Melbourne,2026-06-06,15,8,53.3
YESIGOTHEDISTANCE,Melbourne,2026-06-06,120,20,16.7
YESIGOTHEDISTANCESYD,Sydney,2026-06-06,32,4,12.5
YESIKINGSBDAY,Adelaide,2026-06-06,2744,1509,55.0
YESIKINGSBDAY,Melbourne,2026-06-06,14153,5990,42.3
YESIKINGSBDAY,Perth,2026-06-06,53,19,35.8
YESIKINGSBDAY,RoANZ,2026-06-06,1205,449,37.3
YESIKINGSBDAY,Sydney,2026-06-06,11909,6600,55.4
YESILUCKY1,Brisbane,2026-06-06,234,126,53.8
YESINORTHSIDE,Melbourne,2026-06-06,40,17,42.5
YESIRUGBYSYD,Sydney,2026-06-06,10,2,20.0
YESISHOP,Melbourne,2026-06-06,36,17,47.2
YESISKIPTRAFFIC,Melbourne,2026-06-06,28,4,14.3
YESITRAVEL,Brisbane,2026-06-06,12,1,8.3
YESITRAVEL,RoANZ,2026-06-06,6,1,16.7
ACYA2026,Melbourne,2026-06-07,15,11,73.3
ACYA2026,Perth,2026-06-07,5,8,160.0
ACYA2026,RoANZ,2026-06-07,6,7,116.7
ACYA2026,Sydney,2026-06-07,15,14,93.3
GOQLD,Brisbane,2026-06-07,596,727,122.0
GOQLD,RoANZ,2026-06-07,154,178,115.6
YESIAIRPORT,Melbourne,2026-06-07,67,8,11.9
YESIAIRPORTSYD,Sydney,2026-06-07,110,54,49.1
YESIBAYSIDE,Melbourne,2026-06-07,34,24,70.6
YESICOCKTAIL,Melbourne,2026-06-07,45,25,55.6
YESICOCKTAILSYD,Sydney,2026-06-07,41,23,56.1
YESIDINEOUTSYD,Sydney,2026-06-07,30,16,53.3
YESIFEELLUCKY,Melbourne,2026-06-07,199,122,61.3
YESIFEELLUCKYSYD,Sydney,2026-06-07,49,30,61.2
YESIFOOTY,Melbourne,2026-06-07,24,12,50.0
YESIGOTHEDISTANCE,Melbourne,2026-06-07,92,9,9.8
YESIGOTHEDISTANCESYD,Sydney,2026-06-07,22,6,27.3
YESIKINGSBDAY,Adelaide,2026-06-07,1749,1374,78.6
YESIKINGSBDAY,Melbourne,2026-06-07,10407,5850,56.2
YESIKINGSBDAY,Perth,2026-06-07,24,19,79.2
YESIKINGSBDAY,RoANZ,2026-06-07,836,385,46.1
YESIKINGSBDAY,Sydney,2026-06-07,7958,6180,77.7
YESILUCKY,Brisbane,2026-06-07,18,10,55.6
YESILUCKY1,Brisbane,2026-06-07,132,112,84.8
YESINORTHSIDE,Melbourne,2026-06-07,35,10,28.6
YESIRUGBYSYD,Sydney,2026-06-07,7,0,0.0
YESISHOP,Melbourne,2026-06-07,44,11,25.0
YESISKIPTRAFFIC,Melbourne,2026-06-07,34,2,5.9
ACYA2026,Adelaide,2026-06-08,6,3,50.0
ACYA2026,Melbourne,2026-06-08,13,16,123.1
ACYA2026,Perth,2026-06-08,6,4,66.7
ACYA2026,Sydney,2026-06-08,17,9,52.9
GOQLD,Brisbane,2026-06-08,732,722,98.6
GOQLD,RoANZ,2026-06-08,138,149,108.0
YESIAIRPORT,Melbourne,2026-06-08,115,16,13.9
YESIAIRPORTSYD,Sydney,2026-06-08,134,62,46.3
YESIBAYSIDE,Melbourne,2026-06-08,19,15,78.9
YESICOCKTAIL,Melbourne,2026-06-08,26,12,46.2
YESICOCKTAILSYD,Sydney,2026-06-08,30,14,46.7
YESIDINEOUTSYD,Sydney,2026-06-08,24,14,58.3
YESIFEELLUCKY,Melbourne,2026-06-08,154,79,51.3
YESIFEELLUCKYSYD,Sydney,2026-06-08,51,17,33.3
YESIFOOTY,Melbourne,2026-06-08,24,13,54.2
YESIGOTHEDISTANCE,Melbourne,2026-06-08,55,4,7.3
YESIGOTHEDISTANCESYD,Sydney,2026-06-08,33,1,3.0
YESIKINGSBDAY,Adelaide,2026-06-08,1021,1048,102.6
YESIKINGSBDAY,Melbourne,2026-06-08,5851,4269,73.0
YESIKINGSBDAY,Perth,2026-06-08,11,13,118.2
YESIKINGSBDAY,RoANZ,2026-06-08,546,306,56.0
YESIKINGSBDAY,Sydney,2026-06-08,4620,4119,89.2
YESILUCKY,Brisbane,2026-06-08,169,54,32.0
YESINORTHSIDE,Melbourne,2026-06-08,29,12,41.4
YESIRUGBYSYD,Sydney,2026-06-08,6,2,33.3
YESISHOP,Melbourne,2026-06-08,33,9,27.3
YESISKIPTRAFFIC,Melbourne,2026-06-08,58,72,124.1
YESITRAVEL,Brisbane,2026-06-08,14,5,35.7
YESITRAVEL,RoANZ,2026-06-08,5,1,20.0
ACYA2026,Melbourne,2026-06-09,18,10,55.6
ACYA2026,Sydney,2026-06-09,31,16,51.6
DIDIPAYS,Perth,2026-06-09,101,153,151.5
DIDIPAYS,RoANZ,2026-06-09,13,8,61.5
GOQLD,Brisbane,2026-06-09,796,842,105.8
GOQLD,RoANZ,2026-06-09,192,224,116.7
YESIAIRPORT,Melbourne,2026-06-09,236,74,31.4
YESIAIRPORTSYD,Sydney,2026-06-09,188,111,59.0
YESIBAYSIDE,Melbourne,2026-06-09,88,43,48.9
YESICOCKTAIL,Melbourne,2026-06-09,57,28,49.1
YESICOCKTAILSYD,Sydney,2026-06-09,37,17,45.9
YESIDINEOUTSYD,Sydney,2026-06-09,45,17,37.8
YESIFEELLUCKY,Melbourne,2026-06-09,503,250,49.7
YESIFEELLUCKYSYD,Sydney,2026-06-09,213,97,45.5
YESIFOOTY,Melbourne,2026-06-09,47,8,17.0
YESIGOTHEDISTANCE,Melbourne,2026-06-09,177,36,20.3
YESIGOTHEDISTANCESYD,Sydney,2026-06-09,74,20,27.0
YESILUCKY,Brisbane,2026-06-09,168,92,54.8
YESINORTHSIDE,Melbourne,2026-06-09,81,19,23.5
YESIRUGBYSYD,Sydney,2026-06-09,12,2,16.7
YESISHOP,Melbourne,2026-06-09,107,25,23.4
YESISKIPTRAFFIC,Melbourne,2026-06-09,203,178,87.7
YESITRAVEL,Brisbane,2026-06-09,16,0,0.0
YESITRAVEL,RoANZ,2026-06-09,10,0,0.0
ACYA2026,Melbourne,2026-06-10,12,7,58.3
ACYA2026,Sydney,2026-06-10,14,11,78.6
DIDIPAYS,Perth,2026-06-10,793,343,43.3
DIDIPAYS,RoANZ,2026-06-10,81,28,34.6
GOQLD,Brisbane,2026-06-10,862,996,115.5
GOQLD,RoANZ,2026-06-10,140,201,143.6
YESIAIRPORT,Melbourne,2026-06-10,202,71,35.1
YESIAIRPORTSYD,Sydney,2026-06-10,129,83,64.3
YESIBAYSIDE,Melbourne,2026-06-10,66,28,42.4
YESICOCKTAIL,Melbourne,2026-06-10,44,18,40.9
YESICOCKTAILSYD,Sydney,2026-06-10,39,12,30.8
YESIDINEOUTSYD,Sydney,2026-06-10,55,26,47.3
YESIFEELLUCKY,Melbourne,2026-06-10,490,223,45.5
YESIFEELLUCKYSYD,Sydney,2026-06-10,220,122,55.5
YESIFOOTY,Melbourne,2026-06-10,33,5,15.2
YESIGOTHEDISTANCE,Melbourne,2026-06-10,183,34,18.6
YESIGOTHEDISTANCESYD,Sydney,2026-06-10,77,22,28.6
YESILUCKY,Brisbane,2026-06-10,216,135,62.5
YESINORTHSIDE,Melbourne,2026-06-10,59,20,33.9
YESIRUGBYSYD,Sydney,2026-06-10,15,1,6.7
YESISHOP,Melbourne,2026-06-10,102,21,20.6
YESISKIPTRAFFIC,Melbourne,2026-06-10,202,187,92.6
YESITRAVEL,Brisbane,2026-06-10,15,1,6.7
YESITRAVEL,RoANZ,2026-06-10,9,4,44.4
ACYA2026,Melbourne,2026-06-11,8,11,137.5
ACYA2026,Perth,2026-06-11,7,8,114.3
ACYA2026,Sydney,2026-06-11,16,6,37.5
DIDIPAYS,Perth,2026-06-11,379,352,92.9
DIDIPAYS,RoANZ,2026-06-11,37,25,67.6
GOQLD,Brisbane,2026-06-11,1191,970,81.4
GOQLD,RoANZ,2026-06-11,220,188,85.5
LUCKYQLD,Brisbane,2026-06-11,77,51,66.2
LUCKYQLD,RoANZ,2026-06-11,10,6,60.0
YESIAIRPORT,Melbourne,2026-06-11,141,59,41.8
YESIAIRPORTSYD,Sydney,2026-06-11,116,66,56.9
YESIBAYSIDE,Melbourne,2026-06-11,35,24,68.6
YESICOCKTAIL,Melbourne,2026-06-11,25,16,64.0
YESICOCKTAILSYD,Sydney,2026-06-11,43,7,16.3
YESIDINEOUTSYD,Sydney,2026-06-11,41,19,46.3
YESIFEELLUCKY,Melbourne,2026-06-11,264,137,51.9
YESIFEELLUCKYSYD,Sydney,2026-06-11,127,50,39.4
YESIFOOTY,Melbourne,2026-06-11,29,6,20.7
YESIGOTHEDISTANCE,Melbourne,2026-06-11,94,22,23.4
YESIGOTHEDISTANCESYD,Sydney,2026-06-11,56,14,25.0
YESILUCKY,Brisbane,2026-06-11,248,130,52.4
YESINORTHSIDE,Melbourne,2026-06-11,36,19,52.8
YESIRUGBYSYD,Sydney,2026-06-11,16,1,6.3
YESISHOP,Melbourne,2026-06-11,49,19,38.8
YESISKIPTRAFFIC,Melbourne,2026-06-11,100,138,138.0
YESITRAVEL,Brisbane,2026-06-11,18,1,5.6
YESITRAVEL,RoANZ,2026-06-11,13,1,7.7
DIDIPAYS,Perth,2026-06-12,406,302,74.4
DIDIPAYS,RoANZ,2026-06-12,45,26,57.8
FOOTY,Melbourne,2026-06-12,16,0,0.0
FOOTY,Perth,2026-06-12,6,0,0.0
GOQLD,Brisbane,2026-06-12,899,956,106.3
GOQLD,RoANZ,2026-06-12,134,176,131.3
LUCKYQLD,Brisbane,2026-06-12,757,334,44.1
LUCKYQLD,RoANZ,2026-06-12,129,49,38.0
YESIAIRPORT,Melbourne,2026-06-12,97,40,41.2
YESIAIRPORTSYD,Sydney,2026-06-12,136,54,39.7
YESIBAYSIDE,Melbourne,2026-06-12,55,35,63.6
YESICOCKTAIL,Melbourne,2026-06-12,51,19,37.3
YESICOCKTAILSYD,Sydney,2026-06-12,64,19,29.7
YESIDIDI,Brisbane,2026-06-12,8,0,0.0
YESIDIDI,Melbourne,2026-06-12,23,0,0.0
YESIDIDI,Perth,2026-06-12,9,0,0.0
YESIDIDI,RoANZ,2026-06-12,8,0,0.0
YESIDIDI,Sydney,2026-06-12,15,0,0.0
YESIDINEOUTSYD,Sydney,2026-06-12,43,26,60.5
YESIFEELLUCKY,Melbourne,2026-06-12,342,141,41.2
YESIFEELLUCKYSYD,Sydney,2026-06-12,158,73,46.2
YESIFOOTY,Melbourne,2026-06-12,34,4,11.8
YESIGOTHEDISTANCE,Melbourne,2026-06-12,119,24,20.2
YESIGOTHEDISTANCESYD,Sydney,2026-06-12,68,19,27.9
YESILUCKY,Brisbane,2026-06-12,10,107,1070.0
YESINORTHSIDE,Melbourne,2026-06-12,64,24,37.5
YESISHOP,Melbourne,2026-06-12,74,13,17.6
YESISKIPTRAFFIC,Melbourne,2026-06-12,122,120,98.4
YESITRAVEL,Brisbane,2026-06-12,37,1,2.7
YESITRAVEL,RoANZ,2026-06-12,10,0,0.0
ZEALAU,Perth,2026-06-12,6,0,0.0
ZEALAU,Sydney,2026-06-12,8,0,0.0
ACYA2026,RoANZ,2026-06-13,6,7,116.7
ACYA2026,Sydney,2026-06-13,7,9,128.6
DIDIPAYS,Perth,2026-06-13,319,241,75.5
DIDIPAYS,RoANZ,2026-06-13,29,16,55.2
FOOTY,Melbourne,2026-06-13,5,9,180.0
GOQLD,Brisbane,2026-06-13,917,1022,111.5
GOQLD,RoANZ,2026-06-13,240,240,100.0
YESIAIRPORT,Melbourne,2026-06-13,73,30,41.1
YESIAIRPORTSYD,Sydney,2026-06-13,101,50,49.5
YESIBAYSIDE,Melbourne,2026-06-13,58,30,51.7
YESICOCKTAIL,Melbourne,2026-06-13,61,25,41.0
YESICOCKTAILSYD,Sydney,2026-06-13,83,33,39.8
YESIDIDI,Adelaide,2026-06-13,7,0,0.0
YESIDIDI,Brisbane,2026-06-13,8,0,0.0
YESIDIDI,Melbourne,2026-06-13,26,0,0.0
YESIDIDI,Perth,2026-06-13,7,0,0.0
YESIDIDI,Sydney,2026-06-13,16,0,0.0
YESIDINEOUTSYD,Sydney,2026-06-13,73,43,58.9
YESIFEELLUCKY,Melbourne,2026-06-13,358,181,50.6
YESIFEELLUCKYSYD,Sydney,2026-06-13,169,112,66.3
YESIFOOTY,Melbourne,2026-06-13,36,7,19.4
YESIGOTHEDISTANCE,Melbourne,2026-06-13,144,28,19.4
YESIGOTHEDISTANCESYD,Sydney,2026-06-13,64,25,39.1
YESILUCKY,Brisbane,2026-06-13,197,104,52.8
YESINORTHSIDE,Melbourne,2026-06-13,71,27,38.0
YESIRUGBYSYD,Sydney,2026-06-13,12,2,16.7
YESISHOP,Melbourne,2026-06-13,80,16,20.0
YESISKIPTRAFFIC,Melbourne,2026-06-13,82,9,11.0
YESITRAVEL,Brisbane,2026-06-13,10,3,30.0
YESITRAVEL,RoANZ,2026-06-13,10,1,10.0
ZEALAU,Adelaide,2026-06-13,6,5,83.3
ZEALAU,Brisbane,2026-06-13,11,4,36.4
ZEALAU,Melbourne,2026-06-13,32,7,21.9
ZEALAU,Perth,2026-06-13,9,1,11.1
ZEALAU,Sydney,2026-06-13,39,15,38.5
DIDIPAYS,Perth,2026-06-14,410,242,59.0
DIDIPAYS,RoANZ,2026-06-14,62,22,35.5
GOQLD,Brisbane,2026-06-14,651,729,112.0
GOQLD,RoANZ,2026-06-14,201,210,104.5
WATCHPARTY,Melbourne,2026-06-14,18,19,105.6
YESIAIRPORT,Melbourne,2026-06-14,168,46,27.4
YESIAIRPORTSYD,Sydney,2026-06-14,153,100,65.4
YESIBAYSIDE,Melbourne,2026-06-14,66,38,57.6
YESICOCKTAIL,Melbourne,2026-06-14,46,21,45.7
YESICOCKTAILSYD,Sydney,2026-06-14,44,29,65.9
YESIDIDI,Melbourne,2026-06-14,14,0,0.0
YESIDIDI,Perth,2026-06-14,5,0,0.0
YESIDIDI,RoANZ,2026-06-14,6,0,0.0
YESIDIDI,Sydney,2026-06-14,10,0,0.0
YESIDINEOUTSYD,Sydney,2026-06-14,77,32,41.6
YESIFEELLUCKY,Melbourne,2026-06-14,439,158,36.0
YESIFEELLUCKYSYD,Sydney,2026-06-14,241,119,49.4
YESIFOOTY,Melbourne,2026-06-14,39,9,23.1
YESIGOTHEDISTANCE,Melbourne,2026-06-14,145,24,16.6
YESIGOTHEDISTANCESYD,Sydney,2026-06-14,81,20,24.7
YESILUCKY,Brisbane,2026-06-14,174,101,58.0
YESINORTHSIDE,Melbourne,2026-06-14,72,17,23.6
YESIRUGBYSYD,Sydney,2026-06-14,11,3,27.3
YESISHOP,Melbourne,2026-06-14,84,17,20.2
YESISKIPTRAFFIC,Melbourne,2026-06-14,97,0,0.0
YESITRAVEL,Brisbane,2026-06-14,17,5,29.4
YESITRAVEL,RoANZ,2026-06-14,8,1,12.5
ZEALAU,Adelaide,2026-06-14,6,3,50.0
ZEALAU,Melbourne,2026-06-14,20,5,25.0
ZEALAU,Sydney,2026-06-14,26,12,46.2
DIDIPAYS,Perth,2026-06-15,507,266,52.5
DIDIPAYS,RoANZ,2026-06-15,76,37,48.7
GOQLD,Brisbane,2026-06-15,675,839,124.3
GOQLD,RoANZ,2026-06-15,172,164,95.3
YESIAIRPORT,Melbourne,2026-06-15,213,74,34.7
YESIAIRPORTSYD,Sydney,2026-06-15,117,87,74.4
YESIBAYSIDE,Melbourne,2026-06-15,62,18,29.0
YESICOCKTAIL,Melbourne,2026-06-15,42,9,21.4
YESICOCKTAILSYD,Sydney,2026-06-15,24,7,29.2
YESIDIDI,Brisbane,2026-06-15,6,11,183.3
YESIDIDI,Melbourne,2026-06-15,25,32,128.0
YESIDIDI,Perth,2026-06-15,7,13,185.7
YESIDIDI,RoANZ,2026-06-15,9,12,133.3
YESIDIDI,Sydney,2026-06-15,12,16,133.3
YESIDINEOUTSYD,Sydney,2026-06-15,45,18,40.0
YESIFEELLUCKY,Melbourne,2026-06-15,496,190,38.3
YESIFEELLUCKYSYD,Sydney,2026-06-15,214,128,59.8
YESIFOOTY,Melbourne,2026-06-15,48,5,10.4
YESIGOTHEDISTANCE,Melbourne,2026-06-15,129,25,19.4
YESIGOTHEDISTANCESYD,Sydney,2026-06-15,55,10,18.2
YESILUCKY,Brisbane,2026-06-15,135,117,86.7
YESINORTHSIDE,Melbourne,2026-06-15,64,23,35.9
YESISHOP,Melbourne,2026-06-15,92,16,17.4
YESISKIPTRAFFIC,Melbourne,2026-06-15,205,113,55.1
YESITRAVEL,Brisbane,2026-06-15,21,0,0.0
YESITRAVEL,RoANZ,2026-06-15,9,0,0.0
ZEALAU,Brisbane,2026-06-15,6,5,83.3
ZEALAU,Melbourne,2026-06-15,15,6,40.0
ZEALAU,Perth,2026-06-15,8,4,50.0
ZEALAU,Sydney,2026-06-15,20,18,90.0
DIDIPAYS,Perth,2026-06-16,478,300,62.8
DIDIPAYS,RoANZ,2026-06-16,51,27,52.9
GOBLUES,RoANZ,2026-06-16,18,0,0.0
GOBLUES,Sydney,2026-06-16,320,42,13.1
GOQLD,Brisbane,2026-06-16,662,765,115.6
GOQLD,RoANZ,2026-06-16,154,172,111.7
YESIAIRPORT,Melbourne,2026-06-16,168,62,36.9
YESIAIRPORTSYD,Sydney,2026-06-16,112,77,68.8
YESIBAYSIDE,Melbourne,2026-06-16,51,35,68.6
YESICOCKTAIL,Melbourne,2026-06-16,44,13,29.5
YESICOCKTAILSYD,Sydney,2026-06-16,31,9,29.0
YESIDINEOUTSYD,Sydney,2026-06-16,32,20,62.5
YESIFEELLUCKY,Melbourne,2026-06-16,429,184,42.9
YESIFEELLUCKYSYD,Sydney,2026-06-16,172,109,63.4
YESIFOOTY,Melbourne,2026-06-16,36,12,33.3
YESIGOTHEDISTANCE,Melbourne,2026-06-16,116,19,16.4
YESIGOTHEDISTANCESYD,Sydney,2026-06-16,56,18,32.1
YESILUCKY,Brisbane,2026-06-16,130,108,83.1
YESINORTHSIDE,Melbourne,2026-06-16,55,21,38.2
YESIRUGBYSYD,Sydney,2026-06-16,5,1,20.0
YESISHOP,Melbourne,2026-06-16,85,13,15.3
YESISKIPTRAFFIC,Melbourne,2026-06-16,163,134,82.2
YESITRAVEL,Brisbane,2026-06-16,15,1,6.7
YESITRAVEL,RoANZ,2026-06-16,11,1,9.1
ZEALAU,Brisbane,2026-06-16,8,4,50.0
ZEALAU,Melbourne,2026-06-16,20,9,45.0
ZEALAU,Sydney,2026-06-16,23,16,69.6
DIDIPAYS,Perth,2026-06-17,574,334,58.2
DIDIPAYS,RoANZ,2026-06-17,64,31,48.4
GOBLUES,RoANZ,2026-06-17,104,27,26.0
GOBLUES,Sydney,2026-06-17,1513,428,28.3
GOQLD,Brisbane,2026-06-17,811,929,114.5
GOQLD,RoANZ,2026-06-17,115,163,141.7
YESIAIRPORT,Melbourne,2026-06-17,72,50,69.4
YESIAIRPORTAU,Melbourne,2026-06-17,236,29,12.3
YESIAIRPORTAU,RoANZ,2026-06-17,12,1,8.3
YESIAIRPORTSYD,Sydney,2026-06-17,115,47,40.9
YESIBAYSIDE,Melbourne,2026-06-17,119,33,27.7
YESICOCKTAIL,Melbourne,2026-06-17,107,19,17.8
YESICOCKTAILSYD,Sydney,2026-06-17,52,20,38.5
YESIDINEOUTSYD,Sydney,2026-06-17,34,20,58.8
YESIFEELLUCKY,Melbourne,2026-06-17,917,255,27.8
YESIFEELLUCKYSYD,Sydney,2026-06-17,130,66,50.8
YESIFOOTY,Melbourne,2026-06-17,250,38,15.2
YESIGOTHEDISTANCE,Melbourne,2026-06-17,265,22,8.3
YESIGOTHEDISTANCESYD,Sydney,2026-06-17,45,20,44.4
YESILUCKY,Brisbane,2026-06-17,7,66,942.9
YESINORTHSIDE,Melbourne,2026-06-17,149,21,14.1
YESIRUGBYSYD,Sydney,2026-06-17,7,1,14.3
YESISHOP,Melbourne,2026-06-17,169,10,5.9
YESISKIPTRAFFIC,Melbourne,2026-06-17,305,156,51.1
YESITRAVEL,Brisbane,2026-06-17,21,0,0.0
ZEALAU,Melbourne,2026-06-17,9,8,88.9
ZEALAU,Perth,2026-06-17,5,5,100.0
ZEALAU,Sydney,2026-06-17,19,19,100.0
DIDIPAYS,Perth,2026-06-18,494,398,80.6
DIDIPAYS,RoANZ,2026-06-18,31,26,83.9
GOQLD,Brisbane,2026-06-18,1359,1087,80.0
GOQLD,RoANZ,2026-06-18,217,198,91.2
LUCKYQLD,Brisbane,2026-06-18,23,35,152.2
YESIAIRPORTAU,Melbourne,2026-06-18,313,128,40.9
YESIAIRPORTSYD,Sydney,2026-06-18,128,72,56.3
YESIBAYSIDE,Melbourne,2026-06-18,90,43,47.8
YESICOCKTAIL,Melbourne,2026-06-18,71,22,31.0
YESICOCKTAILSYD,Sydney,2026-06-18,40,12,30.0
YESIDINEOUTSYD,Sydney,2026-06-18,45,19,42.2
YESIFEELLUCKY,Melbourne,2026-06-18,705,323,45.8
YESIFEELLUCKYSYD,Sydney,2026-06-18,168,84,50.0
YESIFOOTY,Melbourne,2026-06-18,61,10,16.4
YESIGOTHEDISTANCE,Melbourne,2026-06-18,184,33,17.9
YESIGOTHEDISTANCESYD,Sydney,2026-06-18,53,23,43.4
YESILUCKY,Brisbane,2026-06-18,236,119,50.4
YESINORTHSIDE,Melbourne,2026-06-18,107,40,37.4
YESIRUGBYSYD,Sydney,2026-06-18,8,2,25.0
YESISHOP,Melbourne,2026-06-18,138,27,19.6
YESISKIPTRAFFIC,Melbourne,2026-06-18,262,180,68.7
YESITRAVEL,Brisbane,2026-06-18,24,3,12.5
YESITRAVEL,RoANZ,2026-06-18,6,2,33.3
ZEALAU,Brisbane,2026-06-18,5,5,100.0
ZEALAU,Melbourne,2026-06-18,14,8,57.1
ZEALAU,Sydney,2026-06-18,28,24,85.7
ACYA2026,Melbourne,2026-06-19,7,5,71.4
ACYA2026,Sydney,2026-06-19,5,5,100.0
DIDIPAYS,Perth,2026-06-19,257,330,128.4
DIDIPAYS,RoANZ,2026-06-19,17,21,123.5
GOQLD,Brisbane,2026-06-19,489,967,197.8
GOQLD,RoANZ,2026-06-19,65,152,233.8
LUCKYQLD,Brisbane,2026-06-19,575,257,44.7
LUCKYQLD,RoANZ,2026-06-19,93,41,44.1
VIVAAU,Melbourne,2026-06-19,21,0,0.0
VIVAAU,Perth,2026-06-19,8,0,0.0
VIVAAU,Sydney,2026-06-19,25,0,0.0
YESIAIRPORTAU,Melbourne,2026-06-19,277,167,60.3
YESIAIRPORTSYD,Sydney,2026-06-19,115,59,51.3
YESIBAYSIDE,Melbourne,2026-06-19,105,56,53.3
YESICOCKTAIL,Melbourne,2026-06-19,101,36,35.6
YESICOCKTAILSYD,Sydney,2026-06-19,59,26,44.1
YESIDINEOUTSYD,Sydney,2026-06-19,33,25,75.8
YESIFEELLUCKY,Melbourne,2026-06-19,711,347,48.8
YESIFEELLUCKYSYD,Sydney,2026-06-19,118,55,46.6
YESIFOOTY,Melbourne,2026-06-19,81,11,13.6
YESIGOTHEDISTANCE,Melbourne,2026-06-19,178,38,21.3
YESIGOTHEDISTANCE,RoANZ,2026-06-19,5,1,20.0
YESIGOTHEDISTANCESYD,Sydney,2026-06-19,35,9,25.7
YESILUCKY,Brisbane,2026-06-19,5,75,1500.0
YESINORTHSIDE,Melbourne,2026-06-19,132,47,35.6
YESIRUGBYSYD,Sydney,2026-06-19,5,2,40.0
YESISHOP,Melbourne,2026-06-19,152,27,17.8
YESISKIPTRAFFIC,Melbourne,2026-06-19,231,184,79.7
YESITRAVEL,Brisbane,2026-06-19,34,1,2.9
YESITRAVEL,RoANZ,2026-06-19,8,0,0.0
ZEALAU,Melbourne,2026-06-19,9,8,88.9
ZEALAU,Perth,2026-06-19,5,1,20.0
ZEALAU,Sydney,2026-06-19,21,20,95.2
ACYA2026,Perth,2026-06-20,5,2,40.0
ACYA2026,Sydney,2026-06-20,7,1,14.3
DIDIPAYS,Perth,2026-06-20,778,336,43.2
DIDIPAYS,RoANZ,2026-06-20,82,36,43.9
GOQLD,Brisbane,2026-06-20,828,865,104.5
GOQLD,RoANZ,2026-06-20,293,260,88.7
VIVAAU,Adelaide,2026-06-20,6,1,16.7
VIVAAU,Brisbane,2026-06-20,13,9,69.2
VIVAAU,Melbourne,2026-06-20,21,10,47.6
VIVAAU,Sydney,2026-06-20,52,24,46.2
YESIAIRPORTAU,Melbourne,2026-06-20,216,129,59.7
YESIAIRPORTSYD,Sydney,2026-06-20,230,83,36.1
YESIBAYSIDE,Melbourne,2026-06-20,127,77,60.6
YESICOCKTAIL,Melbourne,2026-06-20,105,52,49.5
YESICOCKTAILSYD,Sydney,2026-06-20,146,41,28.1
YESIDINEOUTSYD,Sydney,2026-06-20,166,79,47.6
YESIFEELLUCKY,Melbourne,2026-06-20,705,368,52.2
YESIFEELLUCKYSYD,Sydney,2026-06-20,517,235,45.5
YESIFOOTY,Melbourne,2026-06-20,98,24,24.5
YESIGOTHEDISTANCE,Melbourne,2026-06-20,243,57,23.5
YESIGOTHEDISTANCE,RoANZ,2026-06-20,8,0,0.0
YESIGOTHEDISTANCESYD,Sydney,2026-06-20,165,33,20.0
YESILUCKY,Brisbane,2026-06-20,188,132,70.2
YESINORTHSIDE,Melbourne,2026-06-20,131,48,36.6
YESIRUGBYSYD,Sydney,2026-06-20,25,5,20.0
YESISHOP,Melbourne,2026-06-20,123,25,20.3
YESISKIPTRAFFIC,Melbourne,2026-06-20,125,7,5.6
YESITRAVEL,Brisbane,2026-06-20,17,4,23.5
YESITRAVEL,RoANZ,2026-06-20,10,2,20.0
DIDIPAYS,Perth,2026-06-21,543,404,74.4
DIDIPAYS,RoANZ,2026-06-21,50,40,80.0
GOQLD,Brisbane,2026-06-21,523,680,130.0
GOQLD,RoANZ,2026-06-21,143,167,116.8
VIVAAU,Brisbane,2026-06-21,6,2,33.3
VIVAAU,Melbourne,2026-06-21,14,10,71.4
VIVAAU,Sydney,2026-06-21,30,22,73.3
YESIAIRPORTAU,Melbourne,2026-06-21,249,154,61.8
YESIAIRPORTSYD,Sydney,2026-06-21,215,124,57.7
YESIBAYSIDE,Melbourne,2026-06-21,69,64,92.8
YESICOCKTAIL,Melbourne,2026-06-21,42,44,104.8
YESICOCKTAILSYD,Sydney,2026-06-21,53,36,67.9
YESIDINEOUTSYD,Sydney,2026-06-21,71,32,45.1
YESIFEELLUCKY,Melbourne,2026-06-21,369,240,65.0
YESIFEELLUCKYSYD,Sydney,2026-06-21,292,166,56.8
YESIFOOTY,Melbourne,2026-06-21,67,16,23.9
YESIGOTHEDISTANCE,Melbourne,2026-06-21,134,43,32.1
YESIGOTHEDISTANCE,RoANZ,2026-06-21,11,0,0.0
YESIGOTHEDISTANCESYD,Sydney,2026-06-21,85,35,41.2
YESILUCKY,Brisbane,2026-06-21,118,95,80.5
YESINORTHSIDE,Melbourne,2026-06-21,77,33,42.9
YESIRUGBYSYD,Sydney,2026-06-21,18,6,33.3
YESISHOP,Melbourne,2026-06-21,71,25,35.2
YESISKIPTRAFFIC,Melbourne,2026-06-21,93,7,7.5
YESITRAVEL,Brisbane,2026-06-21,5,2,40.0
ACYA2026,Sydney,2026-06-22,5,4,80.0
DIDIPAYS,Perth,2026-06-22,565,341,60.4
DIDIPAYS,RoANZ,2026-06-22,82,39,47.6
GOQLD,Brisbane,2026-06-22,718,757,105.4
GOQLD,RoANZ,2026-06-22,171,195,114.0
VIVAAU,Brisbane,2026-06-22,6,5,83.3
VIVAAU,Melbourne,2026-06-22,14,7,50.0
VIVAAU,Perth,2026-06-22,7,4,57.1
VIVAAU,RoANZ,2026-06-22,6,3,50.0
VIVAAU,Sydney,2026-06-22,20,16,80.0
YESIAIRPORTAU,Melbourne,2026-06-22,275,150,54.5
YESIAIRPORTSYD,Sydney,2026-06-22,182,125,68.7
YESIBAYSIDE,Melbourne,2026-06-22,42,30,71.4
YESICOCKTAIL,Melbourne,2026-06-22,36,15,41.7
YESICOCKTAILSYD,Sydney,2026-06-22,38,8,21.1
YESIDINEOUTSYD,Sydney,2026-06-22,55,30,54.5
YESIFEELLUCKY,Melbourne,2026-06-22,329,212,64.4
YESIFEELLUCKYSYD,Sydney,2026-06-22,246,121,49.2
YESIFOOTY,Melbourne,2026-06-22,37,8,21.6
YESIGOTHEDISTANCE,Melbourne,2026-06-22,123,27,22.0
YESIGOTHEDISTANCE,RoANZ,2026-06-22,7,1,14.3
YESIGOTHEDISTANCESYD,Sydney,2026-06-22,61,16,26.2
YESILUCKY,Brisbane,2026-06-22,158,99,62.7
YESINORTHSIDE,Melbourne,2026-06-22,46,15,32.6
YESIRUGBYSYD,Sydney,2026-06-22,8,1,12.5
YESISHOP,Melbourne,2026-06-22,84,21,25.0
YESISKIPTRAFFIC,Melbourne,2026-06-22,166,151,91.0
YESITRAVEL,Brisbane,2026-06-22,19,0,0.0
YESITRAVEL,RoANZ,2026-06-22,8,0,0.0
DIDIPAYS,Perth,2026-06-23,332,319,96.1
DIDIPAYS,RoANZ,2026-06-23,31,28,90.3
GOQLD,Brisbane,2026-06-23,681,744,109.3
GOQLD,RoANZ,2026-06-23,178,178,100.0
VIVAAU,Brisbane,2026-06-23,6,2,33.3
VIVAAU,Melbourne,2026-06-23,16,8,50.0
VIVAAU,Sydney,2026-06-23,24,21,87.5
YESIAIRPORTAU,Melbourne,2026-06-23,242,153,63.2
YESIAIRPORTSYD,Sydney,2026-06-23,125,68,54.4
YESIBAYSIDE,Melbourne,2026-06-23,43,24,55.8
YESICOCKTAIL,Melbourne,2026-06-23,31,8,25.8
YESICOCKTAILSYD,Sydney,2026-06-23,25,10,40.0
YESIDINEOUTSYD,Sydney,2026-06-23,42,17,40.5
YESIFEELLUCKY,Melbourne,2026-06-23,384,198,51.6
YESIFEELLUCKYSYD,Sydney,2026-06-23,140,73,52.1
YESIFOOTY,Melbourne,2026-06-23,42,8,19.0
YESIGOTHEDISTANCE,Melbourne,2026-06-23,104,18,17.3
YESIGOTHEDISTANCE,RoANZ,2026-06-23,11,0,0.0
YESIGOTHEDISTANCESYD,Sydney,2026-06-23,46,6,13.0
YESILUCKY,Brisbane,2026-06-23,147,83,56.5
YESINORTHSIDE,Melbourne,2026-06-23,50,15,30.0
YESIRUGBYSYD,Sydney,2026-06-23,10,2,20.0
YESISHOP,Melbourne,2026-06-23,81,12,14.8
YESISKIPTRAFFIC,Melbourne,2026-06-23,164,159,97.0
YESITRAVEL,Brisbane,2026-06-23,16,1,6.3
YESITRAVEL,RoANZ,2026-06-23,6,0,0.0
DIDIPAYS,Perth,2026-06-24,76,257,338.2
DIDIPAYS,RoANZ,2026-06-24,8,14,175.0
GOQLD,Brisbane,2026-06-24,947,822,86.8
GOQLD,RoANZ,2026-06-24,135,163,120.7
VIVAAU,Brisbane,2026-06-24,7,3,42.9
VIVAAU,Melbourne,2026-06-24,20,10,50.0
VIVAAU,Perth,2026-06-24,6,4,66.7
VIVAAU,Sydney,2026-06-24,19,18,94.7
YESIAIRPORTAU,Melbourne,2026-06-24,264,148,56.1
YESIAIRPORTSYD,Sydney,2026-06-24,87,59,67.8
YESIBAYSIDE,Melbourne,2026-06-24,61,30,49.2
YESICOCKTAIL,Melbourne,2026-06-24,51,11,21.6
YESICOCKTAILSYD,Sydney,2026-06-24,39,11,28.2
YESIDINEOUTSYD,Sydney,2026-06-24,30,16,53.3
YESIFEELLUCKY,Melbourne,2026-06-24,466,217,46.6
YESIFEELLUCKYSYD,Sydney,2026-06-24,96,65,67.7
YESIFOOTY,Melbourne,2026-06-24,65,6,9.2
YESIGOTHEDISTANCE,Melbourne,2026-06-24,156,32,20.5
YESIGOTHEDISTANCE,RoANZ,2026-06-24,13,3,23.1
YESIGOTHEDISTANCESYD,Sydney,2026-06-24,32,13,40.6
YESILUCKY,Brisbane,2026-06-24,205,125,61.0
YESINORTHSIDE,Melbourne,2026-06-24,67,25,37.3
YESIRUGBYSYD,Sydney,2026-06-24,8,1,12.5
YESISHOP,Melbourne,2026-06-24,107,12,11.2
YESISKIPTRAFFIC,Melbourne,2026-06-24,196,196,100.0
YESITRAVEL,Brisbane,2026-06-24,16,3,18.8
YESITRAVEL,RoANZ,2026-06-24,7,1,14.3
ACYA2026,Sydney,2026-06-25,5,8,160.0
DIDIPAYS,Perth,2026-06-25,22,213,968.2
GOQLD,Brisbane,2026-06-25,923,936,101.4
GOQLD,RoANZ,2026-06-25,166,184,110.8
LUCKYQLD,Brisbane,2026-06-25,143,23,16.1
LUCKYQLD,RoANZ,2026-06-25,22,3,13.6
VIVAAU,Melbourne,2026-06-25,17,11,64.7
VIVAAU,Sydney,2026-06-25,16,16,100.0
YESIAIRPORTAU,Melbourne,2026-06-25,264,155,58.7
YESIAIRPORTSYD,Sydney,2026-06-25,92,58,63.0
YESIBAYSIDE,Melbourne,2026-06-25,71,36,50.7
YESICOCKTAIL,Melbourne,2026-06-25,63,17,27.0
YESICOCKTAILSYD,Sydney,2026-06-25,27,15,55.6
YESIDINEOUTSYD,Sydney,2026-06-25,33,23,69.7
YESIFEELLUCKY,Melbourne,2026-06-25,553,211,38.2
YESIFEELLUCKYSYD,Sydney,2026-06-25,97,58,59.8
YESIFOOTY,Melbourne,2026-06-25,51,5,9.8
YESIGOTHEDISTANCE,Melbourne,2026-06-25,148,20,13.5
YESIGOTHEDISTANCE,RoANZ,2026-06-25,5,0,0.0
YESIGOTHEDISTANCESYD,Sydney,2026-06-25,40,7,17.5
YESILUCKY,Brisbane,2026-06-25,230,179,77.8
YESINORTHSIDE,Melbourne,2026-06-25,87,28,32.2
YESIRUGBYSYD,Sydney,2026-06-25,8,6,75.0
YESISHOP,Melbourne,2026-06-25,110,19,17.3
YESISKIPTRAFFIC,Melbourne,2026-06-25,219,202,92.2
YESITRAVEL,Brisbane,2026-06-25,20,1,5.0
YESITRAVEL,RoANZ,2026-06-25,11,1,9.1
DIDIPAYS,Perth,2026-06-26,791,368,46.5
DIDIPAYS,RoANZ,2026-06-26,93,41,44.1
GOQLD,Brisbane,2026-06-26,228,729,319.7
GOQLD,RoANZ,2026-06-26,22,142,645.5
LUCKYQLD,Brisbane,2026-06-26,710,314,44.2
LUCKYQLD,RoANZ,2026-06-26,103,49,47.6
VIVAAU,Melbourne,2026-06-26,6,6,100.0
VIVAAU,Sydney,2026-06-26,12,13,108.3
YESIAIRPORTAU,Melbourne,2026-06-26,263,173,65.8
YESIAIRPORTSYD,Sydney,2026-06-26,165,63,38.2
YESIBAYSIDE,Melbourne,2026-06-26,91,44,48.4
YESICOCKTAIL,Melbourne,2026-06-26,72,26,36.1
YESICOCKTAILSYD,Sydney,2026-06-26,86,21,24.4
YESIDINEOUTSYD,Sydney,2026-06-26,94,48,51.1
YESIFEELLUCKY,Melbourne,2026-06-26,669,269,40.2
YESIFEELLUCKYSYD,Sydney,2026-06-26,316,142,44.9
YESIFOOTY,Melbourne,2026-06-26,85,14,16.5
YESIGOTHEDISTANCE,Melbourne,2026-06-26,194,35,18.0
YESIGOTHEDISTANCE,RoANZ,2026-06-26,8,0,0.0
YESIGOTHEDISTANCESYD,Sydney,2026-06-26,92,22,23.9
YESILUCKY,Brisbane,2026-06-26,8,121,1512.5
YESINORTHSIDE,Melbourne,2026-06-26,109,45,41.3
YESIRUGBYSYD,Sydney,2026-06-26,13,3,23.1
YESISHOP,Melbourne,2026-06-26,103,24,23.3
YESISKIPTRAFFIC,Melbourne,2026-06-26,220,216,98.2
YESITRAVEL,Brisbane,2026-06-26,37,4,10.8
YESITRAVEL,RoANZ,2026-06-26,6,1,16.7
ACYA2026,Sydney,2026-06-27,10,8,80.0
DIDIPAYS,Perth,2026-06-27,904,403,44.6
DIDIPAYS,RoANZ,2026-06-27,105,40,38.1
GOQLD,Brisbane,2026-06-27,908,812,89.4
GOQLD,RoANZ,2026-06-27,223,216,96.9
HAWKSWIN,Adelaide,2026-06-27,5,2,40.0
HAWKSWIN,Melbourne,2026-06-27,60,24,40.0
HAWKSWIN,Perth,2026-06-27,9,3,33.3
HAWKSWIN,RoANZ,2026-06-27,5,0,0.0
MIRAAU,Brisbane,2026-06-27,8,1,12.5
MIRAAU,Melbourne,2026-06-27,24,6,25.0
MIRAAU,Perth,2026-06-27,5,2,40.0
MIRAAU,Sydney,2026-06-27,34,17,50.0
YESIAIRPORTAU,Melbourne,2026-06-27,231,139,60.2
YESIAIRPORTSYD,Sydney,2026-06-27,149,72,48.3
YESIBAYSIDE,Melbourne,2026-06-27,104,52,50.0
YESICOCKTAIL,Melbourne,2026-06-27,113,37,32.7
YESICOCKTAILSYD,Sydney,2026-06-27,133,39,29.3
YESIDINEOUTSYD,Sydney,2026-06-27,157,77,49.0
YESIFEELLUCKY,Melbourne,2026-06-27,707,267,37.8
YESIFEELLUCKYSYD,Sydney,2026-06-27,470,258,54.9
YESIFOOTY,Melbourne,2026-06-27,116,27,23.3
YESIGOTHEDISTANCE,Melbourne,2026-06-27,220,61,27.7
YESIGOTHEDISTANCE,RoANZ,2026-06-27,16,4,25.0
YESIGOTHEDISTANCESYD,Sydney,2026-06-27,155,46,29.7
YESILUCKY,Brisbane,2026-06-27,222,120,54.1
YESINORTHSIDE,Melbourne,2026-06-27,156,56,35.9
YESIRUGBYSYD,Sydney,2026-06-27,22,4,18.2
YESISHOP,Melbourne,2026-06-27,135,35,25.9
YESISKIPTRAFFIC,Melbourne,2026-06-27,109,10,9.2
YESITRAVEL,Brisbane,2026-06-27,19,3,15.8
YESITRAVEL,RoANZ,2026-06-27,7,2,28.6
ACYA2026,Brisbane,2026-06-28,5,7,140.0
DIDIPAYS,Perth,2026-06-28,523,387,74.0
DIDIPAYS,RoANZ,2026-06-28,61,31,50.8
GOQLD,Brisbane,2026-06-28,531,626,117.9
GOQLD,RoANZ,2026-06-28,144,139,96.5
HAWKSWIN,Melbourne,2026-06-28,11,9,81.8
MIRAAU,Melbourne,2026-06-28,15,6,40.0
MIRAAU,Sydney,2026-06-28,32,16,50.0
YESIAIRPORTAU,Melbourne,2026-06-28,224,163,72.8
YESIAIRPORTSYD,Sydney,2026-06-28,167,94,56.3
YESIBAYSIDE,Melbourne,2026-06-28,62,30,48.4
YESICOCKTAIL,Melbourne,2026-06-28,60,27,45.0
YESICOCKTAILSYD,Sydney,2026-06-28,43,35,81.4
YESIDINEOUTSYD,Sydney,2026-06-28,75,23,30.7
YESIFEELLUCKY,Melbourne,2026-06-28,415,200,48.2
YESIFEELLUCKYSYD,Sydney,2026-06-28,276,156,56.5
YESIFOOTY,Melbourne,2026-06-28,48,13,27.1
YESIGOTHEDISTANCE,Melbourne,2026-06-28,139,26,18.7
YESIGOTHEDISTANCE,RoANZ,2026-06-28,5,1,20.0
YESIGOTHEDISTANCESYD,Sydney,2026-06-28,93,29,31.2
YESILUCKY,Brisbane,2026-06-28,117,94,80.3
YESINORTHSIDE,Melbourne,2026-06-28,60,33,55.0
YESIRUGBYSYD,Sydney,2026-06-28,13,0,0.0
YESISHOP,Melbourne,2026-06-28,95,24,25.3
YESISKIPTRAFFIC,Melbourne,2026-06-28,92,1,1.1
YESITRAVEL,Brisbane,2026-06-28,23,4,17.4
YESITRAVEL,RoANZ,2026-06-28,5,0,0.0
ACYA2026,Melbourne,2026-06-29,6,4,66.7
DIDIPAYS,Perth,2026-06-29,604,311,51.5
DIDIPAYS,RoANZ,2026-06-29,90,36,40.0
GOQLD,Brisbane,2026-06-29,482,583,121.0
GOQLD,RoANZ,2026-06-29,165,158,95.8
MIRAAU,Melbourne,2026-06-29,17,5,29.4
MIRAAU,Sydney,2026-06-29,29,23,79.3
YESIAIRPORTAU,Melbourne,2026-06-29,307,187,60.9
YESIAIRPORTSYD,Sydney,2026-06-29,161,77,47.8
YESIBAYSIDE,Melbourne,2026-06-29,52,27,51.9
YESICOCKTAIL,Melbourne,2026-06-29,34,10,29.4
YESICOCKTAILSYD,Sydney,2026-06-29,38,7,18.4
YESIDINEOUTSYD,Sydney,2026-06-29,49,16,32.7
YESIFEELLUCKY,Melbourne,2026-06-29,387,159,41.1
YESIFEELLUCKYSYD,Sydney,2026-06-29,213,112,52.6
YESIFOOTY,Melbourne,2026-06-29,36,5,13.9
YESIGOTHEDISTANCE,Melbourne,2026-06-29,131,19,14.5
YESIGOTHEDISTANCE,RoANZ,2026-06-29,8,0,0.0
YESIGOTHEDISTANCESYD,Sydney,2026-06-29,68,7,10.3
YESILUCKY,Brisbane,2026-06-29,101,94,93.1
YESINORTHSIDE,Melbourne,2026-06-29,55,23,41.8
YESIRUGBYSYD,Sydney,2026-06-29,12,1,8.3
YESISHOP,Melbourne,2026-06-29,88,18,20.5
YESISKIPTRAFFIC,Melbourne,2026-06-29,169,131,77.5
YESITRAVEL,Brisbane,2026-06-29,7,2,28.6
YESITRAVEL,RoANZ,2026-06-29,5,2,40.0
ACYA2026,Melbourne,2026-06-30,5,8,160.0
ACYA2026,Perth,2026-06-30,7,4,57.1
ACYA2026,Sydney,2026-06-30,6,10,166.7
DIDIPAYS,Perth,2026-06-30,607,394,64.9
DIDIPAYS,RoANZ,2026-06-30,74,50,67.6
GOQLD,Brisbane,2026-06-30,817,690,84.5
GOQLD,RoANZ,2026-06-30,203,195,96.1
MIRAAU,Brisbane,2026-06-30,7,5,71.4
MIRAAU,Melbourne,2026-06-30,17,6,35.3
MIRAAU,RoANZ,2026-06-30,6,5,83.3
MIRAAU,Sydney,2026-06-30,30,18,60.0
YESIAIRPORTAU,Brisbane,2026-06-30,10,0,0.0
YESIAIRPORTAU,Melbourne,2026-06-30,290,175,60.3
YESIAIRPORTSYD,Sydney,2026-06-30,141,64,45.4
YESIBAYSIDE,Melbourne,2026-06-30,47,22,46.8
YESICOCKTAIL,Melbourne,2026-06-30,32,10,31.3
YESICOCKTAILSYD,Sydney,2026-06-30,38,10,26.3
YESIDINEOUTSYD,Sydney,2026-06-30,47,26,55.3
YESIFEELLUCKY,Melbourne,2026-06-30,363,150,41.3
YESIFEELLUCKYSYD,Sydney,2026-06-30,199,84,42.2
YESIFOOTY,Melbourne,2026-06-30,39,7,17.9
YESIGOTHEDISTANCE,Melbourne,2026-06-30,126,24,19.0
YESIGOTHEDISTANCE,RoANZ,2026-06-30,5,0,0.0
YESIGOTHEDISTANCESYD,Sydney,2026-06-30,66,9,13.6
YESILUCKY,Brisbane,2026-06-30,203,123,60.6
YESINORTHSIDE,Melbourne,2026-06-30,53,17,32.1
YESIRUGBYSYD,Sydney,2026-06-30,12,1,8.3
YESISHOP,Melbourne,2026-06-30,89,20,22.5
YESISKIPTRAFFIC,Melbourne,2026-06-30,158,155,98.1
YESITRAVEL,Brisbane,2026-06-30,18,2,11.1
YESITRAVEL,RoANZ,2026-06-30,6,1,16.7
ACYA2026,Melbourne,2026-07-01,5,2,40.0
ACYA2026,Perth,2026-07-01,5,8,160.0
DIDIPAYS,Perth,2026-07-01,46,298,647.8
DIDIPAYS,RoANZ,2026-07-01,33,31,93.9
GOQLD,Brisbane,2026-07-01,924,708,76.6
GOQLD,RoANZ,2026-07-01,203,205,101.0
MIRAAU,Melbourne,2026-07-01,12,8,66.7
MIRAAU,Sydney,2026-07-01,23,24,104.3
YESIAIRPORTAU,Brisbane,2026-07-01,18,3,16.7
YESIAIRPORTAU,Melbourne,2026-07-01,315,186,59.0
YESIAIRPORTSYD,Sydney,2026-07-01,124,71,57.3
YESIBAYSIDE,Melbourne,2026-07-01,62,30,48.4
YESICOCKTAIL,Melbourne,2026-07-01,51,15,29.4
YESICOCKTAILSYD,Sydney,2026-07-01,27,10,37.0
YESIDINEOUTSYD,Sydney,2026-07-01,32,32,100.0
YESIFEELLUCKY,Melbourne,2026-07-01,475,202,42.5
YESIFEELLUCKYSYD,Sydney,2026-07-01,105,80,76.2
YESIFOOTY,Melbourne,2026-07-01,43,6,14.0
YESIGOTHEDISTANCE,Melbourne,2026-07-01,151,30,19.9
YESIGOTHEDISTANCE,RoANZ,2026-07-01,5,0,0.0
YESIGOTHEDISTANCESYD,Sydney,2026-07-01,36,10,27.8
YESILUCKY,Brisbane,2026-07-01,230,147,63.9
YESINORTHSIDE,Melbourne,2026-07-01,64,19,29.7
YESIRUGBYSYD,Sydney,2026-07-01,9,1,11.1
YESISHOP,Melbourne,2026-07-01,98,11,11.2
YESISKIPTRAFFIC,Melbourne,2026-07-01,189,159,84.1
YESITRAVEL,Brisbane,2026-07-01,18,1,5.6
YESITRAVEL,RoANZ,2026-07-01,12,2,16.7
ACYA2026,Melbourne,2026-07-02,7,17,242.9
ACYA2026,RoANZ,2026-07-02,5,6,120.0
ACYA2026,Sydney,2026-07-02,6,8,133.3
DIDIPAYS,Perth,2026-07-02,45,269,597.8
DIDIPAYS,RoANZ,2026-07-02,22,32,145.5
GOQLD,Brisbane,2026-07-02,1626,982,60.4
GOQLD,RoANZ,2026-07-02,311,225,72.3
KICKON,Melbourne,2026-07-02,6,0,0.0
KICKON,RoANZ,2026-07-02,10,0,0.0
LUCKYQLD,Brisbane,2026-07-02,21,17,81.0
MIRAAU,Adelaide,2026-07-02,6,5,83.3
MIRAAU,Melbourne,2026-07-02,18,5,27.8
MIRAAU,Sydney,2026-07-02,17,16,94.1
YESIAIRPORTAU,Brisbane,2026-07-02,5,3,60.0
YESIAIRPORTAU,Melbourne,2026-07-02,322,150,46.6
YESIAIRPORTSYD,Sydney,2026-07-02,92,38,41.3
YESIBAYSIDE,Melbourne,2026-07-02,90,45,50.0
YESICOCKTAIL,Melbourne,2026-07-02,55,16,29.1
YESICOCKTAILSYD,Sydney,2026-07-02,42,15,35.7
YESIDINEOUTSYD,Sydney,2026-07-02,27,14,51.9
YESIFEELLUCKY,Melbourne,2026-07-02,598,233,39.0
YESIFEELLUCKYSYD,Sydney,2026-07-02,80,61,76.3
YESIFOOTY,Melbourne,2026-07-02,58,9,15.5
YESIGOTHEDISTANCE,Melbourne,2026-07-02,193,37,19.2
YESIGOTHEDISTANCE,RoANZ,2026-07-02,13,0,0.0
YESIGOTHEDISTANCESYD,Sydney,2026-07-02,37,6,16.2
YESILUCKY,Brisbane,2026-07-02,208,139,66.8
YESINORTHSIDE,Melbourne,2026-07-02,100,18,18.0
YESIRUGBYSYD,Sydney,2026-07-02,12,1,8.3
YESISHOP,Melbourne,2026-07-02,107,19,17.8
YESISKIPTRAFFIC,Melbourne,2026-07-02,220,183,83.2
YESITRAVEL,Brisbane,2026-07-02,30,3,10.0
YESITRAVEL,RoANZ,2026-07-02,11,2,18.2
ACYA2026,Melbourne,2026-07-03,6,13,216.7
DIDIPAYS,Perth,2026-07-03,52,265,509.6
DIDIPAYS,RoANZ,2026-07-03,36,25,69.4
GOQLD,Brisbane,2026-07-03,410,755,184.1
GOQLD,RoANZ,2026-07-03,65,179,275.4
KICKON,Melbourne,2026-07-03,22,18,81.8
KICKON,RoANZ,2026-07-03,20,17,85.0
LUCKYQLD,Brisbane,2026-07-03,837,284,33.9
LUCKYQLD,RoANZ,2026-07-03,143,50,35.0
LYNXAU,Melbourne,2026-07-03,5,0,0.0
LYNXAU,Perth,2026-07-03,5,0,0.0
LYNXAU,Sydney,2026-07-03,12,0,0.0
MIRAAU,Melbourne,2026-07-03,5,6,120.0
MIRAAU,Perth,2026-07-03,9,4,44.4
MIRAAU,Sydney,2026-07-03,13,8,61.5
YESIAIRPORTAU,Melbourne,2026-07-03,282,206,73.0
YESIAIRPORTSYD,Sydney,2026-07-03,114,48,42.1
YESIBAYSIDE,Melbourne,2026-07-03,89,44,49.4
YESICOCKTAIL,Melbourne,2026-07-03,70,22,31.4
YESICOCKTAILSYD,Sydney,2026-07-03,59,19,32.2
YESIDINEOUTSYD,Sydney,2026-07-03,62,24,38.7
YESIFEELLUCKY,Melbourne,2026-07-03,688,254,36.9
YESIFEELLUCKYSYD,Sydney,2026-07-03,141,65,46.1
YESIFOOTY,Melbourne,2026-07-03,68,14,20.6
YESIGOTHEDISTANCE,Melbourne,2026-07-03,208,48,23.1
YESIGOTHEDISTANCE,RoANZ,2026-07-03,14,3,21.4
YESIGOTHEDISTANCESYD,Sydney,2026-07-03,50,18,36.0
YESILUCKY,Brisbane,2026-07-03,16,85,531.3
YESINORTHSIDE,Melbourne,2026-07-03,136,29,21.3
YESIRUGBYSYD,Sydney,2026-07-03,11,2,18.2
YESISHOP,Melbourne,2026-07-03,131,23,17.6
YESISKIPTRAFFIC,Melbourne,2026-07-03,210,177,84.3
YESITRAVEL,Brisbane,2026-07-03,39,5,12.8
YESITRAVEL,RoANZ,2026-07-03,14,2,14.3
ACYA2026,Adelaide,2026-07-04,5,2,40.0
ACYA2026,Melbourne,2026-07-04,5,7,140.0
ACYA2026,Perth,2026-07-04,5,7,140.0
ACYA2026,RoANZ,2026-07-04,5,3,60.0
ACYA2026,Sydney,2026-07-04,7,8,114.3
DIDIPAYS,Perth,2026-07-04,40,161,402.5
DIDIPAYS,RoANZ,2026-07-04,135,57,42.2
GOQLD,Brisbane,2026-07-04,1008,828,82.1
GOQLD,RoANZ,2026-07-04,315,246,78.1
LYNXAU,Brisbane,2026-07-04,14,3,21.4
LYNXAU,Melbourne,2026-07-04,26,8,30.8
LYNXAU,Perth,2026-07-04,7,6,85.7
LYNXAU,RoANZ,2026-07-04,7,4,57.1
LYNXAU,Sydney,2026-07-04,26,17,65.4
TRAVELNTL,RoANZ,2026-07-04,8,0,0.0
YESIAIRPORTAU,Melbourne,2026-07-04,216,155,71.8
YESIAIRPORTSYD,Sydney,2026-07-04,186,80,43.0
YESIBAYSIDE,Melbourne,2026-07-04,100,56,56.0
YESICOCKTAIL,Melbourne,2026-07-04,100,37,37.0
YESICOCKTAILSYD,Sydney,2026-07-04,117,31,26.5
YESIDINEOUTSYD,Sydney,2026-07-04,135,61,45.2
YESIFEELLUCKY,Melbourne,2026-07-04,623,225,36.1
YESIFEELLUCKYSYD,Sydney,2026-07-04,555,263,47.4
YESIFOOTY,Melbourne,2026-07-04,89,19,21.3
YESIGOTHEDISTANCE,Melbourne,2026-07-04,197,26,13.2
YESIGOTHEDISTANCE,RoANZ,2026-07-04,9,0,0.0
YESIGOTHEDISTANCESYD,Sydney,2026-07-04,169,43,25.4
YESILUCKY,Brisbane,2026-07-04,236,134,56.8
YESINORTHSIDE,Melbourne,2026-07-04,128,46,35.9
YESIRUGBYSYD,Sydney,2026-07-04,52,15,28.8
YESISHOP,Melbourne,2026-07-04,103,20,19.4
YESISKIPTRAFFIC,Melbourne,2026-07-04,100,6,6.0
YESITRAVEL,Brisbane,2026-07-04,25,3,12.0
YESITRAVEL,RoANZ,2026-07-04,8,1,12.5
ACYA2026,Sydney,2026-07-05,8,9,112.5
DIDIPAYS,Perth,2026-07-05,31,109,351.6
DIDIPAYS,RoANZ,2026-07-05,81,46,56.8
GOQLD,Brisbane,2026-07-05,633,654,103.3
GOQLD,RoANZ,2026-07-05,270,251,93.0
LYNXAU,Melbourne,2026-07-05,11,5,45.5
LYNXAU,Perth,2026-07-05,6,1,16.7
LYNXAU,Sydney,2026-07-05,28,16,57.1
YESIAIRPORTAU,Melbourne,2026-07-05,249,182,73.1
YESIAIRPORTSYD,Sydney,2026-07-05,170,98,57.6
YESIBAYSIDE,Melbourne,2026-07-05,67,29,43.3
YESICOCKTAIL,Melbourne,2026-07-05,54,27,50.0
YESICOCKTAILSYD,Sydney,2026-07-05,49,28,57.1
YESIDINEOUTSYD,Sydney,2026-07-05,88,33,37.5
YESIFEELLUCKY,Melbourne,2026-07-05,415,160,38.6
YESIFEELLUCKYSYD,Sydney,2026-07-05,321,175,54.5
YESIFOOTY,Melbourne,2026-07-05,60,14,23.3
YESIGOTHEDISTANCE,Melbourne,2026-07-05,129,30,23.3
YESIGOTHEDISTANCE,RoANZ,2026-07-05,6,0,0.0
YESIGOTHEDISTANCESYD,Sydney,2026-07-05,101,26,25.7
YESILUCKY,Brisbane,2026-07-05,150,98,65.3
YESINORTHSIDE,Melbourne,2026-07-05,70,24,34.3
YESIRUGBYSYD,Sydney,2026-07-05,12,8,66.7
YESISHOP,Melbourne,2026-07-05,93,22,23.7
YESISKIPTRAFFIC,Melbourne,2026-07-05,111,0,0.0
YESITRAVEL,Brisbane,2026-07-05,16,5,31.3
YESITRAVEL,RoANZ,2026-07-05,11,2,18.2
ACYA2026,Melbourne,2026-07-06,8,11,137.5
ACYA2026,Sydney,2026-07-06,7,7,100.0
DIDIPAYS,Perth,2026-07-06,39,87,223.1
DIDIPAYS,RoANZ,2026-07-06,88,41,46.6
GOQLD,Brisbane,2026-07-06,792,715,90.3
GOQLD,RoANZ,2026-07-06,268,229,85.4
LYNXAU,Melbourne,2026-07-06,12,3,25.0
LYNXAU,Perth,2026-07-06,5,3,60.0
LYNXAU,Sydney,2026-07-06,28,16,57.1
TRAVELWOL,RoANZ,2026-07-06,5,0,0.0
YESIAIRPORTAU,Melbourne,2026-07-06,306,200,65.4
YESIAIRPORTSYD,Sydney,2026-07-06,202,112,55.4
YESIBAYSIDE,Melbourne,2026-07-06,61,29,47.5
YESICOCKTAIL,Melbourne,2026-07-06,39,8,20.5
YESICOCKTAILSYD,Sydney,2026-07-06,46,8,17.4
YESIDINEOUTSYD,Sydney,2026-07-06,67,20,29.9
YESIFEELLUCKY,Melbourne,2026-07-06,366,164,44.8
YESIFEELLUCKYSYD,Sydney,2026-07-06,283,134,47.3
YESIFOOTY,Melbourne,2026-07-06,50,6,12.0
YESIGOTHEDISTANCE,Melbourne,2026-07-06,129,17,13.2
YESIGOTHEDISTANCE,RoANZ,2026-07-06,6,0,0.0
YESIGOTHEDISTANCESYD,Sydney,2026-07-06,92,16,17.4
YESILUCKY,Brisbane,2026-07-06,171,112,65.5
YESINORTHSIDE,Melbourne,2026-07-06,62,25,40.3
YESIRUGBYSYD,Sydney,2026-07-06,17,4,23.5
YESISHOP,Melbourne,2026-07-06,88,18,20.5
YESISKIPTRAFFIC,Melbourne,2026-07-06,183,156,85.2
YESITRAVEL,Brisbane,2026-07-06,15,6,40.0
YESITRAVEL,RoANZ,2026-07-06,12,2,16.7
ACYA2026,Melbourne,2026-07-07,7,4,57.1
ACYA2026,Sydney,2026-07-07,6,5,83.3
DIDIPAYS,Perth,2026-07-07,38,84,221.1
DIDIPAYS,RoANZ,2026-07-07,91,56,61.5
GOBLUES,RoANZ,2026-07-07,29,8,27.6
GOBLUES,Sydney,2026-07-07,909,228,25.1
GOMAROONS,Brisbane,2026-07-07,968,364,37.6
GOMAROONS,RoANZ,2026-07-07,219,64,29.2
GOQLD,Brisbane,2026-07-07,632,699,110.6
GOQLD,RoANZ,2026-07-07,181,211,116.6
LYNXAU,Melbourne,2026-07-07,10,4,40.0
LYNXAU,Sydney,2026-07-07,23,23,100.0
YESIAIRPORTAU,Brisbane,2026-07-07,22,2,9.1
YESIAIRPORTAU,Melbourne,2026-07-07,253,174,68.8
YESIAIRPORTAU,RoANZ,2026-07-07,16,2,12.5
YESIAIRPORTAU,Sydney,2026-07-07,6,3,50.0
YESIAIRPORTSYD,Sydney,2026-07-07,130,75,57.7
YESIBAYSIDE,Melbourne,2026-07-07,56,32,57.1
YESICOCKTAIL,Melbourne,2026-07-07,49,11,22.4
YESICOCKTAILSYD,Sydney,2026-07-07,20,13,65.0
YESIDINEOUTSYD,Sydney,2026-07-07,30,25,83.3
YESIFEELLUCKY,Melbourne,2026-07-07,378,141,37.3
YESIFEELLUCKYSYD,Sydney,2026-07-07,177,95,53.7
YESIFOOTY,Melbourne,2026-07-07,48,5,10.4
YESIGOTHEDISTANCE,Melbourne,2026-07-07,123,16,13.0
YESIGOTHEDISTANCESYD,Sydney,2026-07-07,53,8,15.1
YESILUCKY,Brisbane,2026-07-07,137,102,74.5
YESINORTHSIDE,Melbourne,2026-07-07,69,22,31.9
YESIRUGBYSYD,Sydney,2026-07-07,8,1,12.5
YESISHOP,Melbourne,2026-07-07,73,17,23.3
YESISKIPTRAFFIC,Melbourne,2026-07-07,164,149,90.9
YESITRAVEL,Brisbane,2026-07-07,27,4,14.8
YESITRAVEL,RoANZ,2026-07-07,8,4,50.0
ACYA2026,Melbourne,2026-07-08,13,10,76.9
ACYA2026,Sydney,2026-07-08,9,8,88.9
DIDIPAYS,Perth,2026-07-08,48,65,135.4
DIDIPAYS,RoANZ,2026-07-08,75,47,62.7
GOBLUES,RoANZ,2026-07-08,117,56,47.9
GOBLUES,Sydney,2026-07-08,2293,969,42.3
GOMAROONS,Brisbane,2026-07-08,3669,2906,79.2
GOMAROONS,RoANZ,2026-07-08,520,355,68.3
GOQLD,Brisbane,2026-07-08,703,626,89.0
GOQLD,RoANZ,2026-07-08,138,145,105.1
LYNXAU,Brisbane,2026-07-08,9,3,33.3
LYNXAU,Melbourne,2026-07-08,16,8,50.0
LYNXAU,Sydney,2026-07-08,19,15,78.9
ORIGIN,Brisbane,2026-07-08,12,7,58.3
TRAVELNTL,Sydney,2026-07-08,8,0,0.0
TRAVELPEN,Sydney,2026-07-08,9,0,0.0
YESIAIRPORTAU,Brisbane,2026-07-08,16,3,18.8
YESIAIRPORTAU,Melbourne,2026-07-08,266,168,63.2
YESIAIRPORTSYD,Sydney,2026-07-08,73,35,47.9
YESIBAYSIDE,Melbourne,2026-07-08,75,27,36.0
YESICOCKTAIL,Melbourne,2026-07-08,60,22,36.7
YESICOCKTAILSYD,Sydney,2026-07-08,27,11,40.7
YESIDINEOUTSYD,Sydney,2026-07-08,16,15,93.8
YESIFEELLUCKY,Melbourne,2026-07-08,518,207,40.0
YESIFEELLUCKYSYD,Sydney,2026-07-08,81,55,67.9
YESIFOOTY,Melbourne,2026-07-08,62,13,21.0
YESIGOTHEDISTANCE,Melbourne,2026-07-08,232,47,20.3
YESIGOTHEDISTANCESYD,Sydney,2026-07-08,24,3,12.5
YESILUCKY,Brisbane,2026-07-08,160,106,66.3
YESINORTHSIDE,Melbourne,2026-07-08,92,22,23.9
YESIRUGBYSYD,Sydney,2026-07-08,5,2,40.0
YESISHOP,Melbourne,2026-07-08,86,22,25.6
YESISKIPTRAFFIC,Melbourne,2026-07-08,213,148,69.5
YESITRAVEL,Brisbane,2026-07-08,20,6,30.0
YESITRAVEL,RoANZ,2026-07-08,16,1,6.3
ACYA2026,Melbourne,2026-07-09,8,13,162.5
ACYA2026,Sydney,2026-07-09,6,16,266.7
DIDIPAYS,Perth,2026-07-09,25,56,224.0
DIDIPAYS,RoANZ,2026-07-09,29,45,155.2
GOQLD,Brisbane,2026-07-09,900,972,108.0
GOQLD,RoANZ,2026-07-09,223,252,113.0
LUCKYQLD,Brisbane,2026-07-09,16,32,200.0
LYNXAU,Melbourne,2026-07-09,17,7,41.2
LYNXAU,Perth,2026-07-09,6,2,33.3
LYNXAU,Sydney,2026-07-09,21,20,95.2
TRAVELNTL,RoANZ,2026-07-09,7,0,0.0
TRAVELNTL,Sydney,2026-07-09,7,0,0.0
TRAVELPEN,Sydney,2026-07-09,6,1,16.7
YESIAIRPORTAU,Melbourne,2026-07-09,248,154,62.1
YESIAIRPORTSYD,Sydney,2026-07-09,192,83,43.2
YESIBAYSIDE,Melbourne,2026-07-09,73,44,60.3
YESICOCKTAIL,Melbourne,2026-07-09,72,29,40.3
YESICOCKTAILSYD,Sydney,2026-07-09,35,7,20.0
YESIDINEOUTSYD,Sydney,2026-07-09,54,25,46.3
YESIFEELLUCKY,Melbourne,2026-07-09,562,225,40.0
YESIFEELLUCKYSYD,Sydney,2026-07-09,262,125,47.7
YESIFOOTY,Melbourne,2026-07-09,75,11,14.7
YESIGOTHEDISTANCE,Melbourne,2026-07-09,200,42,21.0
YESIGOTHEDISTANCE,RoANZ,2026-07-09,7,0,0.0
YESIGOTHEDISTANCESYD,Sydney,2026-07-09,76,15,19.7
YESILUCKY,Brisbane,2026-07-09,228,161,70.6
YESINORTHSIDE,Melbourne,2026-07-09,93,28,30.1
YESIRUGBYSYD,Sydney,2026-07-09,9,2,22.2
YESISHOP,Melbourne,2026-07-09,115,12,10.4
YESISKIPTRAFFIC,Melbourne,2026-07-09,232,178,76.7
YESITRAVEL,Brisbane,2026-07-09,22,4,18.2
YESITRAVEL,RoANZ,2026-07-09,17,2,11.8
ACYA2026,Adelaide,2026-07-10,6,7,116.7
ACYA2026,Melbourne,2026-07-10,8,7,87.5
ACYA2026,RoANZ,2026-07-10,5,4,80.0
DIDIPAYS,Perth,2026-07-10,64,53,82.8
DIDIPAYS,RoANZ,2026-07-10,112,51,45.5
GOQLD,Brisbane,2026-07-10,193,673,348.7
GOQLD,RoANZ,2026-07-10,41,177,431.7
LUCKYQLD,Brisbane,2026-07-10,1370,439,32.0
LUCKYQLD,RoANZ,2026-07-10,183,53,29.0
LYNXAU,Brisbane,2026-07-10,9,9,100.0
LYNXAU,Melbourne,2026-07-10,10,5,50.0
LYNXAU,Perth,2026-07-10,9,3,33.3
LYNXAU,Sydney,2026-07-10,15,18,120.0
QIRZAU,Melbourne,2026-07-10,15,0,0.0
QIRZAU,Sydney,2026-07-10,15,0,0.0
SORELOSER,Melbourne,2026-07-10,15,6,40.0
TRAVELNTL,RoANZ,2026-07-10,5,0,0.0
TRAVELNTL,Sydney,2026-07-10,6,0,0.0
TRAVELPEN,Sydney,2026-07-10,6,0,0.0
TRAVELWOL,Sydney,2026-07-10,7,0,0.0
YESIAIRPORTAU,Adelaide,2026-07-10,18,11,61.1
YESIAIRPORTAU,Melbourne,2026-07-10,298,160,53.7
YESIAIRPORTAU,Sydney,2026-07-10,64,35,54.7
YESIAIRPORTSYD,Sydney,2026-07-10,153,85,55.6
YESIBAYSIDE,Melbourne,2026-07-10,112,46,41.1
YESICOCKTAIL,Melbourne,2026-07-10,116,33,28.4
YESICOCKTAILSYD,Sydney,2026-07-10,71,13,18.3
YESIDINEOUTSYD,Sydney,2026-07-10,79,46,58.2
YESIFEELLUCKY,Melbourne,2026-07-10,795,275,34.6
YESIFEELLUCKYSYD,Sydney,2026-07-10,339,162,47.8
YESIFOOTY,Melbourne,2026-07-10,120,15,12.5
YESIGOTHEDISTANCE,Melbourne,2026-07-10,275,40,14.5
YESIGOTHEDISTANCE,RoANZ,2026-07-10,5,0,0.0
YESIGOTHEDISTANCESYD,Sydney,2026-07-10,89,15,16.9
YESILUCKY,Brisbane,2026-07-10,11,91,827.3
YESINORTHSIDE,Melbourne,2026-07-10,131,45,34.4
YESIRUGBYSYD,Sydney,2026-07-10,15,5,33.3
YESISHOP,Melbourne,2026-07-10,157,22,14.0
YESISKIPTRAFFIC,Melbourne,2026-07-10,273,193,70.7
YESITRAVEL,Brisbane,2026-07-10,35,3,8.6
YESITRAVEL,RoANZ,2026-07-10,10,4,40.0
ACYA2026,Melbourne,2026-07-11,7,15,214.3
ACYA2026,Perth,2026-07-11,6,9,150.0
DIDIPAYS,Perth,2026-07-11,55,45,81.8
DIDIPAYS,RoANZ,2026-07-11,91,48,52.7
GOQLD,Brisbane,2026-07-11,981,954,97.2
GOQLD,RoANZ,2026-07-11,247,241,97.6
QIRZAU,Adelaide,2026-07-11,6,1,16.7
QIRZAU,Brisbane,2026-07-11,10,5,50.0
QIRZAU,Melbourne,2026-07-11,24,7,29.2
QIRZAU,Perth,2026-07-11,9,6,66.7
QIRZAU,Sydney,2026-07-11,45,25,55.6
SORELOSER,Adelaide,2026-07-11,28,6,21.4
SORELOSER,Melbourne,2026-07-11,17,11,64.7
TRAVELNTL,RoANZ,2026-07-11,8,0,0.0
TRAVELNTL,Sydney,2026-07-11,8,0,0.0
TRAVELPEN,Sydney,2026-07-11,12,2,16.7
TRAVELWOL,RoANZ,2026-07-11,5,0,0.0
TRAVELWOL,Sydney,2026-07-11,6,0,0.0
YESIAIRPORTAU,Adelaide,2026-07-11,22,15,68.2
YESIAIRPORTAU,Melbourne,2026-07-11,216,154,71.3
YESIAIRPORTAU,Sydney,2026-07-11,132,88,66.7
YESIAIRPORTSYD,Sydney,2026-07-11,171,82,48.0
YESIBAYSIDE,Melbourne,2026-07-11,123,59,48.0
YESICOCKTAIL,Melbourne,2026-07-11,101,25,24.8
YESICOCKTAILSYD,Sydney,2026-07-11,103,29,28.2
YESIDINEOUTSYD,Sydney,2026-07-11,119,47,39.5
YESIFEELLUCKY,Melbourne,2026-07-11,685,284,41.5
YESIFEELLUCKYSYD,Sydney,2026-07-11,392,233,59.4
YESIFOOTY,Melbourne,2026-07-11,112,28,25.0
YESIGOTHEDISTANCE,Melbourne,2026-07-11,229,56,24.5
YESIGOTHEDISTANCE,RoANZ,2026-07-11,6,1,16.7
YESIGOTHEDISTANCESYD,Sydney,2026-07-11,113,32,28.3
YESILUCKY,Brisbane,2026-07-11,209,164,78.5
YESINORTHSIDE,Melbourne,2026-07-11,129,53,41.1
YESIRUGBYSYD,Sydney,2026-07-11,27,8,29.6
YESISHOP,Melbourne,2026-07-11,136,22,16.2
YESISKIPTRAFFIC,Melbourne,2026-07-11,118,6,5.1
YESITRAVEL,Brisbane,2026-07-11,20,4,20.0
YESITRAVEL,RoANZ,2026-07-11,10,4,40.0
ACYA2026,Adelaide,2026-07-12,5,5,100.0
ACYA2026,Brisbane,2026-07-12,6,4,66.7
ACYA2026,Melbourne,2026-07-12,8,14,175.0
ACYA2026,Sydney,2026-07-12,8,13,162.5
DIDIPAYS,Perth,2026-07-12,47,49,104.3
DIDIPAYS,RoANZ,2026-07-12,63,39,61.9
GOQLD,Brisbane,2026-07-12,668,751,112.4
GOQLD,RoANZ,2026-07-12,187,210,112.3
QIRZAU,Brisbane,2026-07-12,10,6,60.0
QIRZAU,Melbourne,2026-07-12,26,7,26.9
QIRZAU,Perth,2026-07-12,7,2,28.6
QIRZAU,Sydney,2026-07-12,19,18,94.7
SORELOSER,Melbourne,2026-07-12,9,5,55.6
TRAVELNTL,Sydney,2026-07-12,11,0,0.0
TRAVELWOL,Sydney,2026-07-12,8,0,0.0
YESIAIRPORTAU,Adelaide,2026-07-12,27,20,74.1
YESIAIRPORTAU,Melbourne,2026-07-12,217,153,70.5
YESIAIRPORTAU,Sydney,2026-07-12,165,113,68.5
YESIAIRPORTSYD,Sydney,2026-07-12,159,104,65.4
YESIBAYSIDE,Melbourne,2026-07-12,61,40,65.6
YESICOCKTAIL,Melbourne,2026-07-12,62,30,48.4
YESICOCKTAILSYD,Sydney,2026-07-12,37,24,64.9
YESIDINEOUTSYD,Sydney,2026-07-12,55,32,58.2
YESIFEELLUCKY,Melbourne,2026-07-12,391,195,49.9
YESIFEELLUCKYSYD,Sydney,2026-07-12,268,176,65.7
YESIFOOTY,Melbourne,2026-07-12,60,17,28.3
YESIGOTHEDISTANCE,Melbourne,2026-07-12,119,34,28.6
YESIGOTHEDISTANCESYD,Sydney,2026-07-12,95,27,28.4
YESILUCKY,Brisbane,2026-07-12,158,131,82.9
YESINORTHSIDE,Melbourne,2026-07-12,76,20,26.3
YESIRUGBYSYD,Sydney,2026-07-12,22,8,36.4
YESISHOP,Melbourne,2026-07-12,84,23,27.4
YESISKIPTRAFFIC,Melbourne,2026-07-12,104,2,1.9
YESITRAVEL,Brisbane,2026-07-12,13,0,0.0
YESITRAVEL,RoANZ,2026-07-12,8,0,0.0
ACYA2026,RoANZ,2026-07-13,5,2,40.0
ACYA2026,Sydney,2026-07-13,13,16,123.1
DIDIPAYS,Perth,2026-07-13,59,62,105.1
DIDIPAYS,RoANZ,2026-07-13,67,34,50.7
GOQLD,Brisbane,2026-07-13,690,861,124.8
GOQLD,RoANZ,2026-07-13,139,183,131.7
QIRZAU,Melbourne,2026-07-13,11,6,54.5
QIRZAU,Perth,2026-07-13,5,4,80.0
QIRZAU,Sydney,2026-07-13,25,17,68.0
YESIAIRPORTAU,Adelaide,2026-07-13,25,18,72.0
YESIAIRPORTAU,Melbourne,2026-07-13,239,180,75.3
YESIAIRPORTAU,Sydney,2026-07-13,142,115,81.0
YESIAIRPORTSYD,Sydney,2026-07-13,151,95,62.9
YESIBAYSIDE,Melbourne,2026-07-13,63,37,58.7
YESICOCKTAIL,Melbourne,2026-07-13,38,20,52.6
YESICOCKTAILSYD,Sydney,2026-07-13,34,8,23.5
YESIDINEOUTSYD,Sydney,2026-07-13,46,22,47.8
YESIFEELLUCKY,Melbourne,2026-07-13,408,242,59.3
YESIFEELLUCKYSYD,Sydney,2026-07-13,240,128,53.3
YESIFOOTY,Melbourne,2026-07-13,39,13,33.3
YESIGOTHEDISTANCE,Melbourne,2026-07-13,127,26,20.5
YESIGOTHEDISTANCE,RoANZ,2026-07-13,8,0,0.0
YESIGOTHEDISTANCESYD,Sydney,2026-07-13,72,16,22.2
YESILUCKY,Brisbane,2026-07-13,186,151,81.2
YESINORTHSIDE,Melbourne,2026-07-13,47,22,46.8
YESIRUGBYSYD,Sydney,2026-07-13,10,1,10.0
YESISHOP,Melbourne,2026-07-13,93,22,23.7
YESISKIPTRAFFIC,Melbourne,2026-07-13,210,152,72.4
YESITRAVEL,Brisbane,2026-07-13,13,1,7.7
YESITRAVEL,RoANZ,2026-07-13,6,1,16.7
ACYA2026,Melbourne,2026-07-14,7,9,128.6
ACYA2026,RoANZ,2026-07-14,6,4,66.7
ACYA2026,Sydney,2026-07-14,9,12,133.3
DIDIPAYS,Perth,2026-07-14,55,59,107.3
DIDIPAYS,RoANZ,2026-07-14,58,42,72.4
GOQLD,Brisbane,2026-07-14,541,747,138.1
GOQLD,RoANZ,2026-07-14,141,164,116.3
QIRZAU,Melbourne,2026-07-14,13,13,100.0
QIRZAU,Perth,2026-07-14,6,4,66.7
QIRZAU,RoANZ,2026-07-14,5,2,40.0
QIRZAU,Sydney,2026-07-14,23,14,60.9
SCHOOLSOUT,Adelaide,2026-07-14,334,68,20.4
SCHOOLSOUT,RoANZ,2026-07-14,51,12,23.5
SCHOOLSOUT,Sydney,2026-07-14,1234,290,23.5
TRAVELNTL,RoANZ,2026-07-14,6,0,0.0
YESIAIRPORTAU,Adelaide,2026-07-14,43,27,62.8
YESIAIRPORTAU,Melbourne,2026-07-14,293,171,58.4
YESIAIRPORTAU,Sydney,2026-07-14,137,94,68.6
YESIAIRPORTSYD,Sydney,2026-07-14,148,89,60.1
YESIBAYSIDE,Melbourne,2026-07-14,62,26,41.9
YESICOCKTAIL,Melbourne,2026-07-14,47,17,36.2
YESICOCKTAILSYD,Sydney,2026-07-14,35,14,40.0
YESIDINEOUTSYD,Sydney,2026-07-14,35,26,74.3
YESIFEELLUCKY,Melbourne,2026-07-14,419,217,51.8
YESIFEELLUCKYSYD,Sydney,2026-07-14,215,113,52.6
YESIFOOTY,Melbourne,2026-07-14,44,7,15.9
YESIGOTHEDISTANCE,Melbourne,2026-07-14,164,30,18.3
YESIGOTHEDISTANCE,RoANZ,2026-07-14,6,1,16.7
YESIGOTHEDISTANCESYD,Sydney,2026-07-14,70,6,8.6
YESILUCKY,Brisbane,2026-07-14,132,138,104.5
YESINORTHSIDE,Melbourne,2026-07-14,68,21,30.9
YESIRUGBYSYD,Sydney,2026-07-14,8,1,12.5
YESISHOP,Melbourne,2026-07-14,102,22,21.6
YESISKIPTRAFFIC,Melbourne,2026-07-14,192,169,88.0
YESITRAVEL,Brisbane,2026-07-14,17,3,17.6
YESITRAVEL,RoANZ,2026-07-14,11,1,9.1
DIDIPAYS,Perth,2026-07-15,40,61,152.5
DIDIPAYS,RoANZ,2026-07-15,79,42,53.2
GOQLD,Brisbane,2026-07-15,1109,937,84.5
GOQLD,RoANZ,2026-07-15,269,239,88.8
QIRZAU,Brisbane,2026-07-15,6,4,66.7
QIRZAU,Melbourne,2026-07-15,11,13,118.2
QIRZAU,Perth,2026-07-15,6,6,100.0
QIRZAU,Sydney,2026-07-15,18,19,105.6
SCHOOLSOUT,Adelaide,2026-07-15,460,145,31.5
SCHOOLSOUT,RoANZ,2026-07-15,67,18,26.9
SCHOOLSOUT,Sydney,2026-07-15,1807,613,33.9
TRAVELNTL,RoANZ,2026-07-15,5,0,0.0
YESIAIRPORTAU,Adelaide,2026-07-15,31,19,61.3
YESIAIRPORTAU,Brisbane,2026-07-15,7,2,28.6
YESIAIRPORTAU,Melbourne,2026-07-15,284,174,61.3
YESIAIRPORTAU,RoANZ,2026-07-15,5,1,20.0
YESIAIRPORTAU,Sydney,2026-07-15,106,94,88.7
YESIAIRPORTSYD,Sydney,2026-07-15,108,56,51.9
YESIBAYSIDE,Melbourne,2026-07-15,81,50,61.7
YESICOCKTAIL,Melbourne,2026-07-15,58,24,41.4
YESICOCKTAILSYD,Sydney,2026-07-15,30,6,20.0
YESIDINEOUTSYD,Sydney,2026-07-15,41,17,41.5
YESIFEELLUCKY,Melbourne,2026-07-15,496,220,44.4
YESIFEELLUCKYSYD,Sydney,2026-07-15,153,93,60.8
YESIFOOTY,Melbourne,2026-07-15,49,11,22.4
YESIGOTHEDISTANCE,Melbourne,2026-07-15,163,26,16.0
YESIGOTHEDISTANCESYD,Sydney,2026-07-15,44,7,15.9
YESILUCKY,Brisbane,2026-07-15,279,198,71.0
YESINORTHSIDE,Melbourne,2026-07-15,80,23,28.8
YESIRUGBYSYD,Sydney,2026-07-15,9,3,33.3
YESISHOP,Melbourne,2026-07-15,101,24,23.8
YESISKIPTRAFFIC,Melbourne,2026-07-15,236,194,82.2
YESITRAVEL,Brisbane,2026-07-15,21,6,28.6
YESITRAVEL,RoANZ,2026-07-15,11,1,9.1
DIDIPAYS,Perth,2026-07-16,21,52,247.6
DIDIPAYS,RoANZ,2026-07-16,37,26,70.3
GOQLD,Brisbane,2026-07-16,1107,1121,101.3
GOQLD,RoANZ,2026-07-16,256,250,97.7
LUCKYQLD,Brisbane,2026-07-16,20,71,355.0
QIRZAU,Melbourne,2026-07-16,16,9,56.3
QIRZAU,Sydney,2026-07-16,22,17,77.3
SCHOOLSOUT,Adelaide,2026-07-16,389,148,38.0
SCHOOLSOUT,RoANZ,2026-07-16,68,33,48.5
SCHOOLSOUT,Sydney,2026-07-16,1880,825,43.9
YESIAIRPORTAU,Adelaide,2026-07-16,35,33,94.3
YESIAIRPORTAU,Brisbane,2026-07-16,14,4,28.6
YESIAIRPORTAU,Melbourne,2026-07-16,287,181,63.1
YESIAIRPORTAU,Sydney,2026-07-16,142,111,78.2
YESIAIRPORTSYD,Sydney,2026-07-16,93,42,45.2
YESIBAYSIDE,Melbourne,2026-07-16,96,62,64.6
YESICOCKTAIL,Melbourne,2026-07-16,75,27,36.0
YESICOCKTAILSYD,Sydney,2026-07-16,31,10,32.3
YESIDINEOUTSYD,Sydney,2026-07-16,21,19,90.5
YESIFEELLUCKY,Melbourne,2026-07-16,567,273,48.1
YESIFEELLUCKYSYD,Sydney,2026-07-16,78,74,94.9
YESIFOOTY,Melbourne,2026-07-16,61,12,19.7
YESIGOTHEDISTANCE,Melbourne,2026-07-16,190,36,18.9
YESIGOTHEDISTANCE,RoANZ,2026-07-16,12,0,0.0
YESIGOTHEDISTANCESYD,Sydney,2026-07-16,32,14,43.8
YESILUCKY,Brisbane,2026-07-16,222,189,85.1
YESINORTHSIDE,Melbourne,2026-07-16,87,31,35.6
YESISHOP,Melbourne,2026-07-16,100,23,23.0
YESISKIPTRAFFIC,Melbourne,2026-07-16,232,213,91.8
YESITRAVEL,Brisbane,2026-07-16,12,1,8.3
YESITRAVEL,RoANZ,2026-07-16,19,0,0.0
ACYA2026,Brisbane,2026-07-17,7,6,85.7
ACYA2026,Melbourne,2026-07-17,8,11,137.5
ACYA2026,Perth,2026-07-17,5,9,180.0
ACYA2026,Sydney,2026-07-17,9,14,155.6
DIDIPAYS,Perth,2026-07-17,56,55,98.2
DIDIPAYS,RoANZ,2026-07-17,66,38,57.6
GOQLD,Brisbane,2026-07-17,570,894,156.8
GOQLD,RoANZ,2026-07-17,86,201,233.7
LUCKYQLD,Brisbane,2026-07-17,859,442,51.5
LUCKYQLD,RoANZ,2026-07-17,128,71,55.5
QIRZAU,Brisbane,2026-07-17,6,3,50.0
QIRZAU,Melbourne,2026-07-17,9,5,55.6
QIRZAU,Perth,2026-07-17,5,3,60.0
QIRZAU,Sydney,2026-07-17,14,12,85.7
SCHOOLSOUT,Adelaide,2026-07-17,557,208,37.3
SCHOOLSOUT,RoANZ,2026-07-17,77,28,36.4
SCHOOLSOUT,Sydney,2026-07-17,2263,959,42.4
SORELOSER,Sydney,2026-07-17,14,9,64.3
YESIAIRPORTAU,Adelaide,2026-07-17,24,26,108.3
YESIAIRPORTAU,Brisbane,2026-07-17,8,6,75.0
YESIAIRPORTAU,Melbourne,2026-07-17,264,215,81.4
YESIAIRPORTAU,Sydney,2026-07-17,139,147,105.8
YESIAIRPORTSYD,Sydney,2026-07-17,75,45,60.0
YESIBAYSIDE,Melbourne,2026-07-17,86,49,57.0
YESICOCKTAIL,Melbourne,2026-07-17,58,26,44.8
YESICOCKTAILSYD,Sydney,2026-07-17,52,18,34.6
YESIDINEOUTSYD,Sydney,2026-07-17,22,13,59.1
YESIFEELLUCKY,Melbourne,2026-07-17,582,251,43.1
YESIFEELLUCKYSYD,Sydney,2026-07-17,67,49,73.1
YESIFOOTY,Melbourne,2026-07-17,48,10,20.8
YESIGOTHEDISTANCE,Melbourne,2026-07-17,187,44,23.5
YESIGOTHEDISTANCE,RoANZ,2026-07-17,10,3,30.0
YESIGOTHEDISTANCESYD,Sydney,2026-07-17,20,9,45.0
YESILUCKY,Brisbane,2026-07-17,9,128,1422.2
YESINORTHSIDE,Melbourne,2026-07-17,109,50,45.9
YESIRUGBYSYD,Sydney,2026-07-17,5,2,40.0
YESISHOP,Melbourne,2026-07-17,110,34,30.9
YESISKIPTRAFFIC,Melbourne,2026-07-17,201,191,95.0
YESITRAVEL,Brisbane,2026-07-17,54,3,5.6
YESITRAVEL,RoANZ,2026-07-17,17,1,5.9
ZYROAU,Melbourne,2026-07-17,9,0,0.0
ZYROAU,Sydney,2026-07-17,5,0,0.0
ACYA2026,Melbourne,2026-07-18,11,5,45.5
ACYA2026,RoANZ,2026-07-18,5,3,60.0
ACYA2026,Sydney,2026-07-18,17,18,105.9
DIDIPAYS,Perth,2026-07-18,59,62,105.1
DIDIPAYS,RoANZ,2026-07-18,87,43,49.4
GOQLD,Brisbane,2026-07-18,2139,1674,78.3
GOQLD,RoANZ,2026-07-18,478,356,74.5
SCHOOLSOUT,Adelaide,2026-07-18,566,210,37.1
SCHOOLSOUT,RoANZ,2026-07-18,109,46,42.2
SCHOOLSOUT,Sydney,2026-07-18,2240,1163,51.9
SORELOSER,Melbourne,2026-07-18,17,15,88.2
YESIAIRPORTAU,Adelaide,2026-07-18,24,21,87.5
YESIAIRPORTAU,Melbourne,2026-07-18,209,182,87.1
YESIAIRPORTAU,Sydney,2026-07-18,130,149,114.6
YESIAIRPORTSYD,Sydney,2026-07-18,71,38,53.5
YESIBAYSIDE,Melbourne,2026-07-18,112,65,58.0
YESICOCKTAIL,Melbourne,2026-07-18,100,37,37.0
YESICOCKTAILSYD,Sydney,2026-07-18,64,21,32.8
YESIDINEOUTSYD,Sydney,2026-07-18,28,21,75.0
YESIFEELLUCKY,Melbourne,2026-07-18,657,299,45.5
YESIFEELLUCKYSYD,Sydney,2026-07-18,68,54,79.4
YESIFOOTY,Melbourne,2026-07-18,136,40,29.4
YESIGOTHEDISTANCE,Melbourne,2026-07-18,233,60,25.8
YESIGOTHEDISTANCE,RoANZ,2026-07-18,5,2,40.0
YESIGOTHEDISTANCESYD,Sydney,2026-07-18,27,13,48.1
YESILUCKY,Brisbane,2026-07-18,275,179,65.1
YESINORTHSIDE,Melbourne,2026-07-18,203,71,35.0
YESISHOP,Melbourne,2026-07-18,112,27,24.1
YESISKIPTRAFFIC,Melbourne,2026-07-18,122,12,9.8
YESITRAVEL,Brisbane,2026-07-18,20,4,20.0
YESITRAVEL,RoANZ,2026-07-18,7,3,42.9
ZYROAU,Brisbane,2026-07-18,11,6,54.5
ZYROAU,Melbourne,2026-07-18,22,6,27.3
ZYROAU,Sydney,2026-07-18,28,12,42.9
ACYA2026,Melbourne,2026-07-19,6,15,250.0
ACYA2026,Sydney,2026-07-19,8,13,162.5
DIDIPAYS,Perth,2026-07-19,50,50,100.0
DIDIPAYS,RoANZ,2026-07-19,74,41,55.4
GOQLD,Brisbane,2026-07-19,794,1133,142.7
GOQLD,RoANZ,2026-07-19,202,235,116.3
SCHOOLSOUT,Adelaide,2026-07-19,302,163,54.0
SCHOOLSOUT,RoANZ,2026-07-19,46,23,50.0
SCHOOLSOUT,Sydney,2026-07-19,1044,758,72.6
SORELOSER,Melbourne,2026-07-19,12,9,75.0
YESIAIRPORTAU,Adelaide,2026-07-19,40,33,82.5
YESIAIRPORTAU,Brisbane,2026-07-19,5,5,100.0
YESIAIRPORTAU,Melbourne,2026-07-19,229,198,86.5
YESIAIRPORTAU,Sydney,2026-07-19,185,181,97.8
YESIAIRPORTSYD,Sydney,2026-07-19,68,39,57.4
YESIBAYSIDE,Melbourne,2026-07-19,78,49,62.8
YESICOCKTAIL,Melbourne,2026-07-19,70,39,55.7
YESICOCKTAILSYD,Sydney,2026-07-19,21,15,71.4
YESIDINEOUTSYD,Sydney,2026-07-19,17,9,52.9
YESIFEELLUCKY,Melbourne,2026-07-19,463,243,52.5
YESIFEELLUCKYSYD,Sydney,2026-07-19,50,41,82.0
YESIFOOTY,Melbourne,2026-07-19,77,22,28.6
YESIGOTHEDISTANCE,Melbourne,2026-07-19,162,54,33.3
YESIGOTHEDISTANCESYD,Sydney,2026-07-19,21,10,47.6
YESILUCKY,Brisbane,2026-07-19,171,146,85.4
YESINORTHSIDE,Melbourne,2026-07-19,91,59,64.8
YESISHOP,Melbourne,2026-07-19,99,16,16.2
YESISKIPTRAFFIC,Melbourne,2026-07-19,96,2,2.1
YESITRAVEL,Brisbane,2026-07-19,21,5,23.8
YESITRAVEL,RoANZ,2026-07-19,7,1,14.3
ZYROAU,Brisbane,2026-07-19,9,2,22.2
ZYROAU,Melbourne,2026-07-19,18,13,72.2
ZYROAU,Perth,2026-07-19,7,0,0.0
ZYROAU,Sydney,2026-07-19,21,9,42.9
ACYA2026,Adelaide,2026-07-20,6,2,33.3
ACYA2026,Melbourne,2026-07-20,9,10,111.1
ACYA2026,Sydney,2026-07-20,8,11,137.5
DIDIPAYS,Perth,2026-07-20,55,64,116.4
DIDIPAYS,RoANZ,2026-07-20,72,40,55.6
GOQLD,Brisbane,2026-07-20,787,999,126.9
GOQLD,RoANZ,2026-07-20,184,212,115.2
YESIAIRPORTAU,Melbourne,2026-07-20,217,188,86.6
YESIAIRPORTSYD,Sydney,2026-07-20,139,78,56.1
YESIBAYSIDE,Melbourne,2026-07-20,59,43,72.9
YESICOCKTAIL,Melbourne,2026-07-20,34,19,55.9
YESICOCKTAILSYD,Sydney,2026-07-20,47,9,19.1
YESIDINEOUTSYD,Sydney,2026-07-20,44,13,29.5
YESIFEELLUCKY,Melbourne,2026-07-20,432,254,58.8
YESIFEELLUCKYSYD,Sydney,2026-07-20,257,138,53.7
YESIFOOTY,Melbourne,2026-07-20,44,6,13.6
YESIGOTHEDISTANCE,Melbourne,2026-07-20,132,32,24.2
YESIGOTHEDISTANCE,RoANZ,2026-07-20,6,0,0.0
YESIGOTHEDISTANCESYD,Sydney,2026-07-20,66,15,22.7
YESILUCKY,Brisbane,2026-07-20,191,156,81.7
YESINORTHSIDE,Melbourne,2026-07-20,44,27,61.4
YESIRUGBYSYD,Sydney,2026-07-20,9,1,11.1
YESISHOP,Melbourne,2026-07-20,80,31,38.8
YESISKIPTRAFFIC,Melbourne,2026-07-20,204,195,95.6
YESITRAVEL,Brisbane,2026-07-20,20,5,25.0
YESITRAVEL,RoANZ,2026-07-20,8,1,12.5
ZYROAU,Brisbane,2026-07-20,7,3,42.9
ZYROAU,Melbourne,2026-07-20,31,14,45.2
ZYROAU,Perth,2026-07-20,6,3,50.0
ZYROAU,Sydney,2026-07-20,32,19,59.4
ACYA2026,Melbourne,2026-07-21,8,9,112.5
DIDIPAYS,Perth,2026-07-21,44,58,131.8
DIDIPAYS,RoANZ,2026-07-21,82,42,51.2
GOQLD,Brisbane,2026-07-21,782,1024,130.9
GOQLD,RoANZ,2026-07-21,198,220,111.1
YESIAIRPORTAU,Melbourne,2026-07-21,242,184,76.0
YESIAIRPORTAU,Sydney,2026-07-21,6,20,333.3
YESIAIRPORTSYD,Sydney,2026-07-21,142,75,52.8
YESIBAYSIDE,Melbourne,2026-07-21,72,39,54.2
YESICOCKTAIL,Melbourne,2026-07-21,41,23,56.1
YESICOCKTAILSYD,Sydney,2026-07-21,41,3,7.3
YESIDINEOUTSYD,Sydney,2026-07-21,56,23,41.1
YESIFEELLUCKY,Melbourne,2026-07-21,437,264,60.4
YESIFEELLUCKYSYD,Sydney,2026-07-21,215,112,52.1
YESIFOOTY,Melbourne,2026-07-21,41,12,29.3
YESIGOTHEDISTANCE,Melbourne,2026-07-21,140,21,15.0
YESIGOTHEDISTANCESYD,Sydney,2026-07-21,68,17,25.0
YESILUCKY,Brisbane,2026-07-21,174,162,93.1
YESINORTHSIDE,Melbourne,2026-07-21,72,30,41.7
YESIRUGBYSYD,Sydney,2026-07-21,8,1,12.5
YESISHOP,Melbourne,2026-07-21,107,34,31.8
YESISKIPTRAFFIC,Melbourne,2026-07-21,240,202,84.2
YESITRAVEL,Brisbane,2026-07-21,13,3,23.1
YESITRAVEL,RoANZ,2026-07-21,8,0,0.0
ZYROAU,Brisbane,2026-07-21,6,6,100.0
ZYROAU,Melbourne,2026-07-21,18,18,100.0
ZYROAU,Sydney,2026-07-21,16,13,81.3
ACYA2026,Adelaide,2026-07-22,5,5,100.0
ACYA2026,Melbourne,2026-07-22,5,8,160.0
ACYA2026,Perth,2026-07-22,8,5,62.5
DIDIPAYS,Perth,2026-07-22,36,63,175.0
DIDIPAYS,RoANZ,2026-07-22,65,36,55.4
GOQLD,Brisbane,2026-07-22,889,1021,114.8
GOQLD,RoANZ,2026-07-22,194,244,125.8
YESIAIRPORTAU,Melbourne,2026-07-22,229,158,69.0
YESIAIRPORTSYD,Sydney,2026-07-22,114,53,46.5
YESIBAYSIDE,Melbourne,2026-07-22,60,48,80.0
YESICOCKTAIL,Melbourne,2026-07-22,38,21,55.3
YESICOCKTAILSYD,Sydney,2026-07-22,27,12,44.4
YESIDINEOUTSYD,Sydney,2026-07-22,44,28,63.6
YESIFEELLUCKY,Melbourne,2026-07-22,429,233,54.3
YESIFEELLUCKYSYD,Sydney,2026-07-22,190,109,57.4
YESIFOOTY,Melbourne,2026-07-22,40,8,20.0
YESIGOTHEDISTANCE,Melbourne,2026-07-22,130,31,23.8
YESIGOTHEDISTANCESYD,Sydney,2026-07-22,52,12,23.1
YESILUCKY,Brisbane,2026-07-22,218,184,84.4
YESINORTHSIDE,Melbourne,2026-07-22,67,29,43.3
YESIRUGBYSYD,Sydney,2026-07-22,10,2,20.0
YESISHOP,Melbourne,2026-07-22,93,25,26.9
YESISKIPTRAFFIC,Melbourne,2026-07-22,193,203,105.2
YESITRAVEL,Brisbane,2026-07-22,23,6,26.1
YESITRAVEL,RoANZ,2026-07-22,6,1,16.7
ZYROAU,Brisbane,2026-07-22,7,2,28.6
ZYROAU,Melbourne,2026-07-22,17,4,23.5
ZYROAU,Sydney,2026-07-22,20,12,60.0
ACYA2026,Adelaide,2026-07-23,5,8,160.0
ACYA2026,Melbourne,2026-07-23,12,13,108.3
DIDIPAYS,Perth,2026-07-23,53,72,135.8
DIDIPAYS,RoANZ,2026-07-23,49,31,63.3
GOQLD,Brisbane,2026-07-23,771,1083,140.5
GOQLD,RoANZ,2026-07-23,173,236,136.4
LUCKYQLD,Brisbane,2026-07-23,16,32,200.0
SORELOSER,Adelaide,2026-07-23,11,6,54.5
YESIAIRPORTAU,Melbourne,2026-07-23,243,147,60.5
YESIAIRPORTAU,Sydney,2026-07-23,6,27,450.0
YESIAIRPORTSYD,Sydney,2026-07-23,112,61,54.5
YESIBAYSIDE,Melbourne,2026-07-23,74,39,52.7
YESICOCKTAIL,Melbourne,2026-07-23,52,26,50.0
YESICOCKTAILSYD,Sydney,2026-07-23,29,13,44.8
YESIDINEOUTSYD,Sydney,2026-07-23,41,26,63.4
YESIFEELLUCKY,Melbourne,2026-07-23,503,250,49.7
YESIFEELLUCKYSYD,Sydney,2026-07-23,191,100,52.4
YESIFOOTY,Melbourne,2026-07-23,39,11,28.2
YESIGOTHEDISTANCE,Melbourne,2026-07-23,148,42,28.4
YESIGOTHEDISTANCE,RoANZ,2026-07-23,6,0,0.0
YESIGOTHEDISTANCESYD,Sydney,2026-07-23,49,15,30.6
YESILUCKY,Brisbane,2026-07-23,200,187,93.5
YESINORTHSIDE,Melbourne,2026-07-23,74,30,40.5
YESIRUGBYSYD,Sydney,2026-07-23,11,6,54.5
YESISHOP,Melbourne,2026-07-23,112,22,19.6
YESISKIPTRAFFIC,Melbourne,2026-07-23,184,197,107.1
YESITRAVEL,Brisbane,2026-07-23,12,1,8.3
YESITRAVEL,RoANZ,2026-07-23,5,1,20.0
ZYROAU,Melbourne,2026-07-23,19,12,63.2
ZYROAU,Sydney,2026-07-23,19,16,84.2
ACYA2026,Melbourne,2026-07-24,7,14,200.0
ACYA2026,Sydney,2026-07-24,15,12,80.0
DIDIPAYS,Perth,2026-07-24,91,72,79.1
DIDIPAYS,RoANZ,2026-07-24,85,46,54.1
GOQLD,Brisbane,2026-07-24,215,832,387.0
GOQLD,RoANZ,2026-07-24,28,163,582.1
LUCKYQLD,Brisbane,2026-07-24,826,413,50.0
LUCKYQLD,RoANZ,2026-07-24,119,59,49.6
SORELOSER,Melbourne,2026-07-24,21,17,81.0
SORELOSER,Perth,2026-07-24,6,2,33.3
YESIAIRPORTAU,Melbourne,2026-07-24,245,200,81.6
YESIAIRPORTSYD,Sydney,2026-07-24,139,82,59.0
YESIBAYSIDE,Melbourne,2026-07-24,74,40,54.1
YESICOCKTAIL,Melbourne,2026-07-24,72,29,40.3
YESICOCKTAILSYD,Sydney,2026-07-24,76,9,11.8
YESIDINEOUTSYD,Sydney,2026-07-24,70,45,64.3
YESIFEELLUCKY,Melbourne,2026-07-24,563,256,45.5
YESIFEELLUCKYSYD,Sydney,2026-07-24,252,106,42.1
YESIFOOTY,Melbourne,2026-07-24,85,20,23.5
YESIGOTHEDISTANCE,Melbourne,2026-07-24,193,39,20.2
YESIGOTHEDISTANCESYD,Sydney,2026-07-24,100,27,27.0
YESILUCKY,Brisbane,2026-07-24,12,115,958.3
YESINORTHSIDE,Melbourne,2026-07-24,105,40,38.1
YESIRUGBYSYD,Sydney,2026-07-24,10,3,30.0
YESISHOP,Melbourne,2026-07-24,100,24,24.0
YESISKIPTRAFFIC,Melbourne,2026-07-24,217,200,92.2
YESITRAVEL,Brisbane,2026-07-24,49,2,4.1
YESITRAVEL,RoANZ,2026-07-24,8,0,0.0
ZORAAU,RoANZ,2026-07-24,5,0,0.0
ZYROAU,Melbourne,2026-07-24,17,8,47.1
ZYROAU,Perth,2026-07-24,6,2,33.3
ZYROAU,Sydney,2026-07-24,21,14,66.7
ACYA2026,Brisbane,2026-07-25,7,7,100.0
ACYA2026,Melbourne,2026-07-25,8,9,112.5
ACYA2026,Perth,2026-07-25,5,8,160.0
ACYA2026,Sydney,2026-07-25,12,8,66.7
DIDIPAYS,Perth,2026-07-25,56,66,117.9
DIDIPAYS,RoANZ,2026-07-25,102,56,54.9
GOQLD,Brisbane,2026-07-25,922,981,106.4
GOQLD,RoANZ,2026-07-25,257,212,82.5
SORELOSER,Melbourne,2026-07-25,41,30,73.2
YESIAIRPORTAU,Melbourne,2026-07-25,193,153,79.3
YESIAIRPORTSYD,Sydney,2026-07-25,144,73,50.7
YESIBAYSIDE,Melbourne,2026-07-25,105,66,62.9
YESICOCKTAIL,Melbourne,2026-07-25,90,33,36.7
YESICOCKTAILSYD,Sydney,2026-07-25,87,27,31.0
YESIDINEOUTSYD,Sydney,2026-07-25,115,52,45.2
YESIFEELLUCKY,Melbourne,2026-07-25,609,270,44.3
YESIFEELLUCKYSYD,Sydney,2026-07-25,318,169,53.1
YESIFOOTY,Melbourne,2026-07-25,98,25,25.5
YESIGOTHEDISTANCE,Melbourne,2026-07-25,228,64,28.1
YESIGOTHEDISTANCE,RoANZ,2026-07-25,6,1,16.7
YESIGOTHEDISTANCESYD,Sydney,2026-07-25,112,28,25.0
YESILUCKY,Brisbane,2026-07-25,226,141,62.4
YESINORTHSIDE,Melbourne,2026-07-25,145,55,37.9
YESIRUGBYSYD,Sydney,2026-07-25,21,5,23.8
YESISHOP,Melbourne,2026-07-25,138,29,21.0
YESISKIPTRAFFIC,Melbourne,2026-07-25,123,5,4.1
YESITRAVEL,Brisbane,2026-07-25,23,2,8.7
YESITRAVEL,RoANZ,2026-07-25,8,1,12.5
ZORAAU,Adelaide,2026-07-25,7,3,42.9
ZORAAU,Brisbane,2026-07-25,8,3,37.5
ZORAAU,Melbourne,2026-07-25,46,9,19.6
ZORAAU,Perth,2026-07-25,9,4,44.4
ZORAAU,Sydney,2026-07-25,42,19,45.2
ACYA2026,Sydney,2026-07-26,6,18,300.0
DIDIPAYS,Perth,2026-07-26,31,44,141.9
DIDIPAYS,RoANZ,2026-07-26,73,46,63.0
GOQLD,Brisbane,2026-07-26,633,765,120.9
GOQLD,RoANZ,2026-07-26,122,158,129.5
SORELOSER,Melbourne,2026-07-26,6,12,200.0
YESIAIRPORTAU,Melbourne,2026-07-26,209,166,79.4
YESIAIRPORTAU,Sydney,2026-07-26,5,18,360.0
YESIAIRPORTSYD,Sydney,2026-07-26,125,82,65.6
YESIBAYSIDE,Melbourne,2026-07-26,79,45,57.0
YESICOCKTAIL,Melbourne,2026-07-26,53,30,56.6
YESICOCKTAILSYD,Sydney,2026-07-26,41,19,46.3
YESIDINEOUTSYD,Sydney,2026-07-26,50,25,50.0
YESIFEELLUCKY,Melbourne,2026-07-26,390,212,54.4
YESIFEELLUCKYSYD,Sydney,2026-07-26,194,113,58.2
YESIFOOTY,Melbourne,2026-07-26,71,14,19.7
YESIGOTHEDISTANCE,Melbourne,2026-07-26,142,47,33.1
YESIGOTHEDISTANCESYD,Sydney,2026-07-26,67,22,32.8
YESILUCKY,Brisbane,2026-07-26,160,133,83.1
YESINORTHSIDE,Melbourne,2026-07-26,80,35,43.8
YESIRUGBYSYD,Sydney,2026-07-26,16,5,31.3
YESISHOP,Melbourne,2026-07-26,98,20,20.4
YESISKIPTRAFFIC,Melbourne,2026-07-26,116,3,2.6
YESITRAVEL,Brisbane,2026-07-26,24,3,12.5
YESITRAVEL,RoANZ,2026-07-26,6,4,66.7
ZORAAU,Adelaide,2026-07-26,7,2,28.6
ZORAAU,Brisbane,2026-07-26,9,4,44.4
ZORAAU,Melbourne,2026-07-26,22,6,27.3
ZORAAU,Sydney,2026-07-26,25,17,68.0
ACYA2026,Melbourne,2026-07-27,6,6,100.0
DIDIPAYS,Perth,2026-07-27,62,63,101.6
DIDIPAYS,RoANZ,2026-07-27,74,35,47.3
GOQLD,Brisbane,2026-07-27,740,904,122.2
GOQLD,RoANZ,2026-07-27,140,189,135.0
YESIAIRPORTAU,Melbourne,2026-07-27,255,141,55.3
YESIAIRPORTSYD,Sydney,2026-07-27,114,81,71.1
YESIBAYSIDE,Melbourne,2026-07-27,68,41,60.3
YESICOCKTAIL,Melbourne,2026-07-27,34,16,47.1
YESICOCKTAILSYD,Sydney,2026-07-27,26,9,34.6
YESIDINEOUTSYD,Sydney,2026-07-27,44,20,45.5
YESIFEELLUCKY,Melbourne,2026-07-27,417,242,58.0
YESIFEELLUCKYSYD,Sydney,2026-07-27,205,142,69.3
YESIFOOTY,Melbourne,2026-07-27,44,8,18.2
YESIGOTHEDISTANCE,Melbourne,2026-07-27,145,26,17.9
YESIGOTHEDISTANCE,RoANZ,2026-07-27,5,0,0.0
YESIGOTHEDISTANCESYD,Sydney,2026-07-27,77,19,24.7
YESILUCKY,Brisbane,2026-07-27,206,166,80.6
YESINORTHSIDE,Melbourne,2026-07-27,61,21,34.4
YESIRUGBYSYD,Sydney,2026-07-27,9,1,11.1
YESISHOP,Melbourne,2026-07-27,86,22,25.6
YESISKIPTRAFFIC,Melbourne,2026-07-27,188,196,104.3
YESITRAVEL,Brisbane,2026-07-27,16,1,6.3
ZORAAU,Adelaide,2026-07-27,5,4,80.0
ZORAAU,Melbourne,2026-07-27,15,5,33.3
ZORAAU,Perth,2026-07-27,12,2,16.7
ZORAAU,RoANZ,2026-07-27,6,3,50.0
ZORAAU,Sydney,2026-07-27,30,25,83.3
ACYA2026,Melbourne,2026-07-28,5,5,100.0
ACYA2026,Perth,2026-07-28,6,11,183.3
DIDIPAYS,Perth,2026-07-28,39,58,148.7
DIDIPAYS,RoANZ,2026-07-28,60,36,60.0
GOQLD,Brisbane,2026-07-28,813,939,115.5
GOQLD,RoANZ,2026-07-28,188,170,90.4
YESIAIRPORTAU,Melbourne,2026-07-28,240,159,66.3
YESIAIRPORTSYD,Sydney,2026-07-28,104,47,45.2
YESIBAYSIDE,Melbourne,2026-07-28,63,37,58.7
YESICOCKTAIL,Melbourne,2026-07-28,50,22,44.0
YESICOCKTAILSYD,Sydney,2026-07-28,27,5,18.5
YESIDINEOUTSYD,Sydney,2026-07-28,41,22,53.7
YESIFEELLUCKY,Melbourne,2026-07-28,431,265,61.5
YESIFEELLUCKYSYD,Sydney,2026-07-28,184,115,62.5
YESIFOOTY,Melbourne,2026-07-28,47,10,21.3
YESIGOTHEDISTANCE,Melbourne,2026-07-28,138,36,26.1
YESIGOTHEDISTANCESYD,Sydney,2026-07-28,73,19,26.0
YESILUCKY,Brisbane,2026-07-28,194,179,92.3
YESINORTHSIDE,Melbourne,2026-07-28,67,18,26.9
YESIRUGBYSYD,Sydney,2026-07-28,7,1,14.3
YESISHOP,Melbourne,2026-07-28,111,33,29.7
YESISKIPTRAFFIC,Melbourne,2026-07-28,222,236,106.3
YESITRAVEL,Brisbane,2026-07-28,19,1,5.3
YESITRAVEL,RoANZ,2026-07-28,5,2,40.0
ZORAAU,Adelaide,2026-07-28,8,3,37.5
ZORAAU,Brisbane,2026-07-28,7,8,114.3
ZORAAU,Melbourne,2026-07-28,17,15,88.2
ZORAAU,Sydney,2026-07-28,24,19,79.2
ACYA2026,RoANZ,2026-07-29,5,5,100.0
ACYA2026,Sydney,2026-07-29,5,13,260.0
DIDIPAYS,Perth,2026-07-29,73,78,106.8
DIDIPAYS,RoANZ,2026-07-29,63,42,66.7
GOQLD,Brisbane,2026-07-29,861,1005,116.7
GOQLD,RoANZ,2026-07-29,179,209,116.8
YESIAIRPORTAU,Melbourne,2026-07-29,250,180,72.0
YESIAIRPORTSYD,Sydney,2026-07-29,113,60,53.1
YESIBAYSIDE,Melbourne,2026-07-29,90,52,57.8
YESICOCKTAIL,Melbourne,2026-07-29,58,22,37.9
YESICOCKTAILSYD,Sydney,2026-07-29,39,9,23.1
YESIDINEOUTSYD,Sydney,2026-07-29,56,34,60.7
YESIFEELLUCKY,Melbourne,2026-07-29,553,293,53.0
YESIFEELLUCKYSYD,Sydney,2026-07-29,231,134,58.0
YESIFOOTY,Melbourne,2026-07-29,43,14,32.6
YESIGOTHEDISTANCE,Melbourne,2026-07-29,188,38,20.2
YESIGOTHEDISTANCE,RoANZ,2026-07-29,7,0,0.0
YESIGOTHEDISTANCESYD,Sydney,2026-07-29,78,16,20.5
YESILUCKY,Brisbane,2026-07-29,198,189,95.5
YESINORTHSIDE,Melbourne,2026-07-29,84,26,31.0
YESIRUGBYSYD,Sydney,2026-07-29,13,1,7.7
YESISHOP,Melbourne,2026-07-29,110,23,20.9
YESISKIPTRAFFIC,Melbourne,2026-07-29,258,258,100.0
YESITRAVEL,Brisbane,2026-07-29,20,4,20.0
YESITRAVEL,RoANZ,2026-07-29,5,3,60.0
ZORAAU,Brisbane,2026-07-29,6,2,33.3
ZORAAU,Melbourne,2026-07-29,15,9,60.0
ZORAAU,Perth,2026-07-29,5,4,80.0
ZORAAU,Sydney,2026-07-29,30,23,76.7
ACYA2026,Sydney,2026-07-30,9,9,100.0
DIDIPAYS,Perth,2026-07-30,21,64,304.8
DIDIPAYS,RoANZ,2026-07-30,30,33,110.0
GOQLD,Brisbane,2026-07-30,811,1137,140.2
GOQLD,RoANZ,2026-07-30,177,213,120.3
LUCKYQLD,Brisbane,2026-07-30,24,37,154.2
SORELOSER,Melbourne,2026-07-30,35,20,57.1
YESIAIRPORTAU,Melbourne,2026-07-30,280,190,67.9
YESIAIRPORTSYD,Sydney,2026-07-30,142,62,43.7
YESIBAYSIDE,Melbourne,2026-07-30,85,45,52.9
YESICOCKTAIL,Melbourne,2026-07-30,73,29,39.7
YESICOCKTAILSYD,Sydney,2026-07-30,41,10,24.4
YESIDINEOUTSYD,Sydney,2026-07-30,42,19,45.2
YESIFEELLUCKY,Melbourne,2026-07-30,625,307,49.1
YESIFEELLUCKYSYD,Sydney,2026-07-30,191,125,65.4
YESIFOOTY,Melbourne,2026-07-30,91,26,28.6
YESIGOTHEDISTANCE,Melbourne,2026-07-30,196,34,17.3
YESIGOTHEDISTANCE,RoANZ,2026-07-30,7,0,0.0
YESIGOTHEDISTANCESYD,Sydney,2026-07-30,62,22,35.5
YESILUCKY,Brisbane,2026-07-30,220,218,99.1
YESINORTHSIDE,Melbourne,2026-07-30,94,35,37.2
YESISHOP,Melbourne,2026-07-30,135,30,22.2
YESISKIPTRAFFIC,Melbourne,2026-07-30,270,259,95.9
YESITRAVEL,Brisbane,2026-07-30,27,1,3.7
ZORAAU,Melbourne,2026-07-30,17,11,64.7
ZORAAU,RoANZ,2026-07-30,10,6,60.0
ZORAAU,Sydney,2026-07-30,21,19,90.5
ACYA2026,Adelaide,2026-07-31,5,8,160.0
ACYA2026,Brisbane,2026-07-31,8,8,100.0
ACYA2026,Melbourne,2026-07-31,9,8,88.9
ACYA2026,Perth,2026-07-31,8,11,137.5
ACYA2026,Sydney,2026-07-31,6,10,166.7
GOQLD,Brisbane,2026-07-31,240,805,335.4
GOQLD,RoANZ,2026-07-31,45,161,357.8
LUCKYQLD,Brisbane,2026-07-31,1772,680,38.4
LUCKYQLD,RoANZ,2026-07-31,245,78,31.8
SORELOSER,Perth,2026-07-31,12,9,75.0
YESIAIRPORTAU,Melbourne,2026-07-31,233,182,78.1
YESIAIRPORTAU,Sydney,2026-07-31,5,8,160.0
YESIAIRPORTSYD,Sydney,2026-07-31,174,83,47.7
YESIBAYSIDE,Melbourne,2026-07-31,95,51,53.7
YESICOCKTAIL,Melbourne,2026-07-31,83,34,41.0
YESICOCKTAILSYD,Sydney,2026-07-31,62,25,40.3
YESIDINEOUTSYD,Sydney,2026-07-31,59,38,64.4
YESIFEELLUCKY,Melbourne,2026-07-31,571,286,50.1
YESIFEELLUCKYSYD,Sydney,2026-07-31,247,136,55.1
YESIFOOTY,Melbourne,2026-07-31,73,14,19.2
YESIGOTHEDISTANCE,Melbourne,2026-07-31,180,41,22.8
YESIGOTHEDISTANCESYD,Sydney,2026-07-31,97,32,33.0
YESILUCKY,Brisbane,2026-07-31,5,124,2480.0
YESINORTHSIDE,Melbourne,2026-07-31,115,49,42.6
YESIRUGBYSYD,Sydney,2026-07-31,7,0,0.0
YESISHOP,Melbourne,2026-07-31,116,20,17.2
YESISKIPTRAFFIC,Melbourne,2026-07-31,257,227,88.3
YESITRAVEL,Brisbane,2026-07-31,52,4,7.7
YESITRAVEL,RoANZ,2026-07-31,11,2,18.2
ZORAAU,Melbourne,2026-07-31,22,8,36.4
ZORAAU,Sydney,2026-07-31,22,22,100.0
ACYA2026,Melbourne,2026-08-01,12,20,166.7
ACYA2026,Perth,2026-08-01,5,9,180.0
ACYA2026,RoANZ,2026-08-01,6,6,100.0
ACYA2026,Sydney,2026-08-01,10,14,140.0
GOQLD,Brisbane,2026-08-01,1071,1146,107.0
GOQLD,RoANZ,2026-08-01,333,247,74.2
MIVAAU,Melbourne,2026-08-01,15,3,20.0
MIVAAU,Sydney,2026-08-01,23,6,26.1
SORELOSER,Melbourne,2026-08-01,24,22,91.7
YESIAIRPORTAU,Melbourne,2026-08-01,8,111,1387.5
YESIAIRPORTSYD,Sydney,2026-08-01,137,89,65.0
YESICOCKTAILSYD,Sydney,2026-08-01,105,38,36.2
YESIDINEOUTSYD,Sydney,2026-08-01,121,54,44.6
YESIFEELLUCKYSYD,Sydney,2026-08-01,324,216,66.7
YESIGOTHEDISTANCE,RoANZ,2026-08-01,5,1,20.0
YESIGOTHEDISTANCESYD,Sydney,2026-08-01,116,28,24.1
YESILUCKY,Brisbane,2026-08-01,279,181,64.9
YESIRUGBYSYD,Sydney,2026-08-01,18,2,11.1
YESITRAVEL,Brisbane,2026-08-01,27,3,11.1
YESITRAVEL,RoANZ,2026-08-01,8,2,25.0
ACYA2026,Adelaide,2026-08-02,6,4,66.7
ACYA2026,Melbourne,2026-08-02,7,9,128.6
GOQLD,Brisbane,2026-08-02,657,941,143.2
GOQLD,RoANZ,2026-08-02,184,215,116.8
MIVAAU,Adelaide,2026-08-02,5,2,40.0
MIVAAU,Brisbane,2026-08-02,6,5,83.3
MIVAAU,Melbourne,2026-08-02,36,9,25.0
MIVAAU,Perth,2026-08-02,9,1,11.1
MIVAAU,RoANZ,2026-08-02,6,5,83.3
MIVAAU,Sydney,2026-08-02,28,20,71.4
SORELOSER,Melbourne,2026-08-02,18,10,55.6
YESIAIRPORTSYD,Sydney,2026-08-02,119,82,68.9
YESICOCKTAILSYD,Sydney,2026-08-02,38,26,68.4
YESIDINEOUTSYD,Sydney,2026-08-02,57,23,40.4
YESIFEELLUCKYSYD,Sydney,2026-08-02,215,154,71.6
YESIGOTHEDISTANCESYD,Sydney,2026-08-02,78,23,29.5
YESILUCKY,Brisbane,2026-08-02,188,174,92.6
YESIRUGBYSYD,Sydney,2026-08-02,10,3,30.0
YESITRAVEL,Brisbane,2026-08-02,22,3,13.6
YESITRAVEL,RoANZ,2026-08-02,6,2,33.3
ACYA2026,Melbourne,2026-08-03,7,7,100.0
ACYA2026,RoANZ,2026-08-03,7,4,57.1
ACYA2026,Sydney,2026-08-03,6,6,100.0
DIDIPAYS,Perth,2026-08-03,16,16,100.0
DIDIPAYS,RoANZ,2026-08-03,20,7,35.0
GOQLD,Brisbane,2026-08-03,748,880,117.6
GOQLD,RoANZ,2026-08-03,177,222,125.4
MIVAAU,Brisbane,2026-08-03,8,5,62.5
MIVAAU,Melbourne,2026-08-03,26,12,46.2
MIVAAU,Perth,2026-08-03,6,3,50.0
MIVAAU,Sydney,2026-08-03,50,27,54.0
YESIAIRPORTAU,Brisbane,2026-08-03,7,6,85.7
YESIAIRPORTAU,Melbourne,2026-08-03,73,87,119.2
YESIAIRPORTAU,Perth,2026-08-03,17,5,29.4
YESIAIRPORTAU,Sydney,2026-08-03,20,11,55.0
YESIBAYSIDE,Melbourne,2026-08-03,9,16,177.8
YESICOCKTAIL,Melbourne,2026-08-03,6,6,100.0
YESIFEELLUCKY,Melbourne,2026-08-03,78,111,142.3
YESIGOTHEDISTANCE,Melbourne,2026-08-03,36,8,22.2
YESILUCKY,Brisbane,2026-08-03,194,179,92.3
YESINORTHSIDE,Melbourne,2026-08-03,15,12,80.0
YESISHOP,Melbourne,2026-08-03,9,9,100.0
YESISKIPTRAFFIC,Melbourne,2026-08-03,28,142,507.1
YESITRAVEL,Brisbane,2026-08-03,6,3,50.0
DIDIPAYS,Perth,2026-08-04,72,49,68.1
DIDIPAYS,RoANZ,2026-08-04,94,22,23.4
GOQLD,Brisbane,2026-08-04,955,1079,113.0
GOQLD,RoANZ,2026-08-04,220,222,100.9
MIVAAU,Adelaide,2026-08-04,5,3,60.0
MIVAAU,Brisbane,2026-08-04,8,8,100.0
MIVAAU,Melbourne,2026-08-04,13,8,61.5
MIVAAU,Perth,2026-08-04,5,5,100.0
MIVAAU,Sydney,2026-08-04,33,21,63.6
YESIAIRPORTAU,Brisbane,2026-08-04,16,9,56.3
YESIAIRPORTAU,Melbourne,2026-08-04,250,124,49.6
YESIAIRPORTAU,Perth,2026-08-04,24,20,83.3
YESIAIRPORTAU,RoANZ,2026-08-04,8,2,25.0
YESIAIRPORTAU,Sydney,2026-08-04,39,25,64.1
YESIBAYSIDE,Melbourne,2026-08-04,95,32,33.7
YESICOCKTAIL,Melbourne,2026-08-04,58,12,20.7
YESIFEELLUCKY,Melbourne,2026-08-04,522,204,39.1
YESIFOOTY,Melbourne,2026-08-04,65,11,16.9
YESIGOTHEDISTANCE,Melbourne,2026-08-04,182,32,17.6
YESIGOTHEDISTANCE,RoANZ,2026-08-04,7,1,14.3
YESILUCKY,Brisbane,2026-08-04,229,188,82.1
YESINORTHSIDE,Melbourne,2026-08-04,98,19,19.4
YESISHOP,Melbourne,2026-08-04,128,20,15.6
YESISKIPTRAFFIC,Melbourne,2026-08-04,257,202,78.6
YESITRAVEL,Brisbane,2026-08-04,25,2,8.0
YESITRAVEL,RoANZ,2026-08-04,5,0,0.0
ZIPMYTRIP,Brisbane,2026-08-04,5,1,20.0
ZIPMYTRIP,Melbourne,2026-08-04,8,3,37.5
ZIPMYTRIP,Sydney,2026-08-04,5,1,20.0
DIDIPAYS,Perth,2026-08-05,69,59,85.5
DIDIPAYS,RoANZ,2026-08-05,95,40,42.1
GOQLD,Brisbane,2026-08-05,942,1096,116.3
GOQLD,RoANZ,2026-08-05,211,226,107.1
MIVAAU,Adelaide,2026-08-05,8,3,37.5
MIVAAU,Melbourne,2026-08-05,5,9,180.0
MIVAAU,Sydney,2026-08-05,24,16,66.7
YESIAIRPORTAU,Brisbane,2026-08-05,18,15,83.3
YESIAIRPORTAU,Melbourne,2026-08-05,261,142,54.4
YESIAIRPORTAU,Perth,2026-08-05,15,11,73.3
YESIAIRPORTAU,Sydney,2026-08-05,23,14,60.9
YESIBAYSIDE,Melbourne,2026-08-05,79,44,55.7
YESICOCKTAIL,Melbourne,2026-08-05,67,12,17.9
YESIFEELLUCKY,Melbourne,2026-08-05,569,260,45.7
YESIFOOTY,Melbourne,2026-08-05,45,5,11.1
YESIGOTHEDISTANCE,Melbourne,2026-08-05,172,46,26.7
YESIGOTHEDISTANCE,RoANZ,2026-08-05,9,0,0.0
YESILUCKY,Brisbane,2026-08-05,259,227,87.6
YESINORTHSIDE,Melbourne,2026-08-05,85,23,27.1
YESISHOP,Melbourne,2026-08-05,111,29,26.1
YESISKIPTRAFFIC,Melbourne,2026-08-05,238,227,95.4
YESITRAVEL,Brisbane,2026-08-05,20,3,15.0
YESITRAVEL,RoANZ,2026-08-05,6,0,0.0
DIDIPAYS,Perth,2026-08-06,55,51,92.7
DIDIPAYS,RoANZ,2026-08-06,83,41,49.4
GOQLD,Brisbane,2026-08-06,858,1166,135.9
GOQLD,RoANZ,2026-08-06,176,249,141.5
MIVAAU,Brisbane,2026-08-06,5,5,100.0
MIVAAU,Melbourne,2026-08-06,18,7,38.9
MIVAAU,Perth,2026-08-06,8,4,50.0
MIVAAU,Sydney,2026-08-06,26,16,61.5
RMITCAP,Melbourne,2026-08-06,36,3,8.3
SORELOSER,Melbourne,2026-08-06,14,5,35.7
YESIAIRPORTAU,Adelaide,2026-08-06,11,8,72.7
YESIAIRPORTAU,Brisbane,2026-08-06,9,10,111.1
YESIAIRPORTAU,Melbourne,2026-08-06,269,155,57.6
YESIAIRPORTAU,Perth,2026-08-06,23,15,65.2
YESIAIRPORTAU,Sydney,2026-08-06,20,21,105.0
YESIBAYSIDE,Melbourne,2026-08-06,84,44,52.4
YESICOCKTAIL,Melbourne,2026-08-06,51,20,39.2
YESIFEELLUCKY,Melbourne,2026-08-06,571,234,41.0
YESIFOOTY,Melbourne,2026-08-06,68,15,22.1
YESIGOTHEDISTANCE,Melbourne,2026-08-06,194,39,20.1
YESIGOTHEDISTANCE,RoANZ,2026-08-06,9,0,0.0
YESILUCKY,Brisbane,2026-08-06,256,240,93.8
YESINORTHSIDE,Melbourne,2026-08-06,85,24,28.2
YESISHOP,Melbourne,2026-08-06,126,25,19.8
YESISKIPTRAFFIC,Melbourne,2026-08-06,259,219,84.6
YESITRAVEL,Brisbane,2026-08-06,25,2,8.0
YESITRAVEL,RoANZ,2026-08-06,10,2,20.0
DIDIPAYS,Perth,2026-08-07,48,54,112.5
DIDIPAYS,RoANZ,2026-08-07,90,54,60.0
GOQLD,Brisbane,2026-08-07,321,929,289.4
GOQLD,RoANZ,2026-08-07,48,182,379.2
LUCKYQLD,Brisbane,2026-08-07,855,479,56.0
LUCKYQLD,RoANZ,2026-08-07,93,44,47.3
LUNAAU,Sydney,2026-08-07,5,0,0.0
MIVAAU,Melbourne,2026-08-07,16,7,43.8
MIVAAU,Sydney,2026-08-07,25,21,84.0
SORELOSER,Brisbane,2026-08-07,64,55,85.9
SORELOSER,Melbourne,2026-08-07,16,7,43.8
SORELOSER,Perth,2026-08-07,8,3,37.5
YESIAIRPORTAU,Adelaide,2026-08-07,7,4,57.1
YESIAIRPORTAU,Brisbane,2026-08-07,70,23,32.9
YESIAIRPORTAU,Melbourne,2026-08-07,276,191,69.2
YESIAIRPORTAU,Perth,2026-08-07,18,14,77.8
YESIAIRPORTAU,RoANZ,2026-08-07,9,5,55.6
YESIAIRPORTAU,Sydney,2026-08-07,25,16,64.0
YESIBAYSIDE,Melbourne,2026-08-07,100,37,37.0
YESICOCKTAIL,Melbourne,2026-08-07,70,23,32.9
YESIFEELLUCKY,Melbourne,2026-08-07,618,296,47.9
YESIFOOTY,Melbourne,2026-08-07,53,7,13.2
YESIGOTHEDISTANCE,Melbourne,2026-08-07,195,40,20.5
YESIGOTHEDISTANCE,RoANZ,2026-08-07,5,1,20.0
YESILUCKY,Brisbane,2026-08-07,9,145,1611.1
YESINORTHSIDE,Melbourne,2026-08-07,109,30,27.5
YESISHOP,Melbourne,2026-08-07,128,39,30.5
YESISKIPTRAFFIC,Melbourne,2026-08-07,239,238,99.6
YESITRAVEL,Brisbane,2026-08-07,60,5,8.3
YESITRAVEL,RoANZ,2026-08-07,12,1,8.3
DIDIPAYS,Perth,2026-08-08,52,52,100.0
DIDIPAYS,RoANZ,2026-08-08,104,50,48.1
GOQLD,Brisbane,2026-08-08,2145,1488,69.4
GOQLD,RoANZ,2026-08-08,247,224,90.7
LUNAAU,Adelaide,2026-08-08,8,3,37.5
LUNAAU,Brisbane,2026-08-08,10,6,60.0
LUNAAU,Melbourne,2026-08-08,27,5,18.5
LUNAAU,Perth,2026-08-08,9,3,33.3
LUNAAU,RoANZ,2026-08-08,10,3,30.0
LUNAAU,Sydney,2026-08-08,36,21,58.3
SORELOSER,Adelaide,2026-08-08,26,14,53.8
SORELOSER,Melbourne,2026-08-08,23,18,78.3
SORELOSER,Perth,2026-08-08,14,14,100.0
YESIAIRPORTAU,Brisbane,2026-08-08,23,18,78.3
YESIAIRPORTAU,Melbourne,2026-08-08,213,165,77.5
YESIAIRPORTAU,Perth,2026-08-08,14,10,71.4
YESIAIRPORTAU,RoANZ,2026-08-08,10,4,40.0
YESIAIRPORTAU,Sydney,2026-08-08,30,22,73.3
YESIBAYSIDE,Melbourne,2026-08-08,101,55,54.5
YESICOCKTAIL,Melbourne,2026-08-08,84,33,39.3
YESIFEELLUCKY,Melbourne,2026-08-08,624,263,42.1
YESIFOOTY,Melbourne,2026-08-08,70,22,31.4
YESIGOTHEDISTANCE,Melbourne,2026-08-08,202,39,19.3
YESIGOTHEDISTANCE,RoANZ,2026-08-08,8,0,0.0
YESILUCKY,Brisbane,2026-08-08,266,191,71.8
YESINORTHSIDE,Melbourne,2026-08-08,143,47,32.9
YESISHOP,Melbourne,2026-08-08,119,31,26.1
YESISKIPTRAFFIC,Melbourne,2026-08-08,127,7,5.5
YESITRAVEL,Brisbane,2026-08-08,30,3,10.0
YESITRAVEL,RoANZ,2026-08-08,7,0,0.0
ZIPMYTRIP,Adelaide,2026-08-08,8,1,12.5
ZIPMYTRIP,Brisbane,2026-08-08,10,2,20.0
ZIPMYTRIP,Melbourne,2026-08-08,30,8,26.7
ZIPMYTRIP,Perth,2026-08-08,15,1,6.7
ZIPMYTRIP,RoANZ,2026-08-08,9,0,0.0
ZIPMYTRIP,Sydney,2026-08-08,34,5,14.7
DIDIPAYS,Perth,2026-08-09,32,41,128.1
DIDIPAYS,RoANZ,2026-08-09,80,43,53.8
GOQLD,Brisbane,2026-08-09,776,1146,147.7
GOQLD,RoANZ,2026-08-09,157,183,116.6
LUNAAU,Adelaide,2026-08-09,6,6,100.0
LUNAAU,Brisbane,2026-08-09,10,11,110.0
LUNAAU,Melbourne,2026-08-09,31,6,19.4
LUNAAU,Perth,2026-08-09,7,4,57.1
LUNAAU,Sydney,2026-08-09,34,15,44.1
SORELOSER,Melbourne,2026-08-09,45,45,100.0
SORELOSER,Perth,2026-08-09,12,10,83.3
WEDNESDIDI,Sydney,2026-08-09,10,0,0.0
YESIAIRPORTAU,Adelaide,2026-08-09,11,11,100.0
YESIAIRPORTAU,Brisbane,2026-08-09,26,20,76.9
YESIAIRPORTAU,Melbourne,2026-08-09,283,207,73.1
YESIAIRPORTAU,Perth,2026-08-09,13,18,138.5
YESIAIRPORTAU,Sydney,2026-08-09,39,36,92.3
YESIBAYSIDE,Melbourne,2026-08-09,92,42,45.7
YESICOCKTAIL,Melbourne,2026-08-09,76,38,50.0
YESIFEELLUCKY,Melbourne,2026-08-09,468,232,49.6
YESIFOOTY,Melbourne,2026-08-09,83,22,26.5
YESIGOTHEDISTANCE,Melbourne,2026-08-09,158,38,24.1
YESILUCKY,Brisbane,2026-08-09,161,148,91.9
YESINORTHSIDE,Melbourne,2026-08-09,88,39,44.3
YESISHOP,Melbourne,2026-08-09,123,34,27.6
YESISKIPTRAFFIC,Melbourne,2026-08-09,149,2,1.3
YESITRAVEL,Brisbane,2026-08-09,16,3,18.8
ZIPMYTRIP,Melbourne,2026-08-09,14,7,50.0
ZIPMYTRIP,RoANZ,2026-08-09,5,0,0.0
ZIPMYTRIP,Sydney,2026-08-09,16,4,25.0
CATS,Melbourne,2026-08-10,5,4,80.0
CATS,RoANZ,2026-08-10,7,6,85.7
DIDIPAYS,Perth,2026-08-10,33,56,169.7
DIDIPAYS,RoANZ,2026-08-10,48,39,81.3
GOQLD,Brisbane,2026-08-10,738,986,133.6
GOQLD,RoANZ,2026-08-10,166,198,119.3
LUNAAU,Adelaide,2026-08-10,5,4,80.0
LUNAAU,Melbourne,2026-08-10,29,20,69.0
LUNAAU,Perth,2026-08-10,17,11,64.7
LUNAAU,Sydney,2026-08-10,37,24,64.9
WEDNESDIDI,Sydney,2026-08-10,1022,0,0.0
YESIAIRPORTAU,Adelaide,2026-08-10,11,12,109.1
YESIAIRPORTAU,Brisbane,2026-08-10,18,17,94.4
YESIAIRPORTAU,Melbourne,2026-08-10,266,195,73.3
YESIAIRPORTAU,Perth,2026-08-10,33,25,75.8
YESIAIRPORTAU,RoANZ,2026-08-10,6,11,183.3
YESIAIRPORTAU,Sydney,2026-08-10,36,36,100.0
YESIBAYSIDE,Melbourne,2026-08-10,73,32,43.8
YESICOCKTAIL,Melbourne,2026-08-10,41,13,31.7
YESIFEELLUCKY,Melbourne,2026-08-10,437,205,46.9
YESIFOOTY,Melbourne,2026-08-10,48,8,16.7
YESIGOTHEDISTANCE,Melbourne,2026-08-10,152,28,18.4
YESILUCKY,Brisbane,2026-08-10,194,156,80.4
YESINORTHSIDE,Melbourne,2026-08-10,57,21,36.8
YESISHOP,Melbourne,2026-08-10,101,22,21.8
YESISKIPTRAFFIC,Melbourne,2026-08-10,234,203,86.8
YESITRAVEL,Brisbane,2026-08-10,11,2,18.2
YESITRAVEL,RoANZ,2026-08-10,8,0,0.0
ZIPMYTRIP,Melbourne,2026-08-10,13,4,30.8
ZIPMYTRIP,Sydney,2026-08-10,8,4,50.0
GOQLD,Brisbane,2026-08-11,1318,1327,100.7
GOQLD,RoANZ,2026-08-11,178,208,116.9
LUNAAU,Adelaide,2026-08-11,6,5,83.3
LUNAAU,Brisbane,2026-08-11,11,8,72.7
LUNAAU,Melbourne,2026-08-11,15,9,60.0
LUNAAU,Sydney,2026-08-11,31,24,77.4
WEDNESDIDI,Sydney,2026-08-11,1317,0,0.0
YESIAIRPORTAU,Adelaide,2026-08-11,5,6,120.0
YESIAIRPORTAU,Brisbane,2026-08-11,22,22,100.0
YESIAIRPORTAU,Melbourne,2026-08-11,259,173,66.8
YESIAIRPORTAU,Perth,2026-08-11,36,26,72.2
YESIAIRPORTAU,RoANZ,2026-08-11,5,3,60.0
YESIAIRPORTAU,Sydney,2026-08-11,30,30,100.0
YESIBAYSIDE,Melbourne,2026-08-11,63,38,60.3
YESICOCKTAIL,Melbourne,2026-08-11,36,10,27.8
YESIFEELLUCKY,Melbourne,2026-08-11,362,184,50.8
YESIFOOTY,Melbourne,2026-08-11,42,10,23.8
YESIGOTHEDISTANCE,Melbourne,2026-08-11,122,18,14.8
YESIGOTHEDISTANCE,RoANZ,2026-08-11,8,1,12.5
YESILUCKY,Brisbane,2026-08-11,297,243,81.8
YESINORTHSIDE,Melbourne,2026-08-11,65,17,26.2
YESISHOP,Melbourne,2026-08-11,83,14,16.9
YESISKIPTRAFFIC,Melbourne,2026-08-11,164,181,110.4
YESITRAVEL,Brisbane,2026-08-11,31,3,9.7
YESITRAVEL,RoANZ,2026-08-11,6,0,0.0
ZIPMYTRIP,Melbourne,2026-08-11,8,3,37.5
ZIPMYTRIP,Sydney,2026-08-11,7,3,42.9
DIDIPAYS,Perth,2026-08-12,30,36,120.0
DIDIPAYS,RoANZ,2026-08-12,57,38,66.7
GOQLD,Brisbane,2026-08-12,1057,1229,116.3
GOQLD,RoANZ,2026-08-12,156,219,140.4
LUNAAU,Brisbane,2026-08-12,8,4,50.0
LUNAAU,Melbourne,2026-08-12,19,12,63.2
LUNAAU,Perth,2026-08-12,8,5,62.5
LUNAAU,Sydney,2026-08-12,26,21,80.8
WEDNESDIDI,Sydney,2026-08-12,1159,645,55.7
YESIAIRPORTAU,Adelaide,2026-08-12,8,7,87.5
YESIAIRPORTAU,Brisbane,2026-08-12,22,22,100.0
YESIAIRPORTAU,Melbourne,2026-08-12,241,157,65.1
YESIAIRPORTAU,Perth,2026-08-12,28,21,75.0
YESIAIRPORTAU,RoANZ,2026-08-12,5,6,120.0
YESIAIRPORTAU,Sydney,2026-08-12,23,25,108.7
YESIBAYSIDE,Melbourne,2026-08-12,66,44,66.7
YESICOCKTAIL,Melbourne,2026-08-12,38,7,18.4
YESIFEELLUCKY,Melbourne,2026-08-12,429,192,44.8
YESIFOOTY,Melbourne,2026-08-12,42,10,23.8
YESIGOTHEDISTANCE,Melbourne,2026-08-12,154,36,23.4
YESILUCKY,Brisbane,2026-08-12,196,206,105.1
YESINORTHSIDE,Melbourne,2026-08-12,65,25,38.5
YESISHOP,Melbourne,2026-08-12,78,15,19.2
YESISKIPTRAFFIC,Melbourne,2026-08-12,184,184,100.0
YESITRAVEL,Brisbane,2026-08-12,28,1,3.6
YESITRAVEL,RoANZ,2026-08-12,7,1,14.3
ZIPMYTRIP,Melbourne,2026-08-12,5,3,60.0
ZIPMYTRIP,Sydney,2026-08-12,9,2,22.2
DIDIPAYS,Perth,2026-08-13,25,0,0.0
DIDIPAYS,RoANZ,2026-08-13,35,0,0.0
GOQLD,Brisbane,2026-08-13,497,2,0.4
GOQLD,RoANZ,2026-08-13,82,0,0.0
LUNAAU,Melbourne,2026-08-13,7,0,0.0
LUNAAU,Sydney,2026-08-13,9,0,0.0
WEDNESDIDI,Sydney,2026-08-13,231,10,4.3
YESIAIRPORTAU,Brisbane,2026-08-13,9,0,0.0
YESIAIRPORTAU,Melbourne,2026-08-13,135,1,0.7
YESIAIRPORTAU,Perth,2026-08-13,7,0,0.0
YESIAIRPORTAU,Sydney,2026-08-13,8,1,12.5
YESIBAYSIDE,Melbourne,2026-08-13,46,0,0.0
YESICOCKTAIL,Melbourne,2026-08-13,28,0,0.0
YESIFEELLUCKY,Melbourne,2026-08-13,237,0,0.0
YESIFOOTY,Melbourne,2026-08-13,20,0,0.0
YESIGOTHEDISTANCE,Melbourne,2026-08-13,76,0,0.0
YESILUCKY,Brisbane,2026-08-13,116,0,0.0
YESINORTHSIDE,Melbourne,2026-08-13,32,0,0.0
YESISHOP,Melbourne,2026-08-13,55,0,0.0
YESISKIPTRAFFIC,Melbourne,2026-08-13,127,0,0.0
YESITRAVEL,RoANZ,2026-08-13,5,0,0.0